player_id,name,team,pos,toi_all,toi5,toi_pp,toi_sh,ev_off,ev_def,pp,sh,penalties,finishing,gar,war,off,def,pp_off,sh_def,goals,ixg,pen_drawn,pen_taken,kind,xg_faced,ga,gsax
8477492,Nathan MacKinnon,COL,F,1780.95,1305.0333,327.2333,2.3833,11.7712,-2.0224,2.991,0.003,1.1456,10.799,24.6874,4.0403,0.5051,0.0829,0.5341,-0.0533,45.0,37.8065,20.0,13.0,skater,,,
8481540,Cole Caufield,MTL,F,1476.0333,1080.05,249.1,0.4,3.8999,-0.2158,1.9347,0.0002,1.3926,15.5963,22.608,3.7,0.1806,0.0019,0.4517,-0.0107,51.0,38.3919,16.0,7.0,skater,,,
8476453,Nikita Kucherov,TBL,F,1547.3333,1110.4,307.8333,1.5167,6.2856,-1.487,1.4762,0.0009,1.2611,14.6022,22.1391,3.6233,0.3036,0.0703,0.2734,-0.0136,37.0,25.5303,27.0,19.0,skater,,,
8480027,Jason Robertson,DAL,F,1664.25,1214.5833,301.95,1.4333,6.0519,-0.0453,3.7194,0.0001,1.1341,9.4531,20.3134,3.3245,0.2629,-0.0078,0.7248,0.0164,44.0,37.9161,23.0,16.0,skater,,,
8478402,Connor McDavid,EDM,F,1886.4833,1376.9333,279.2,85.2167,9.1034,-2.4672,4.3125,0.7145,4.6201,3.9466,20.2299,3.3108,0.3606,0.0974,0.9124,-0.4815,41.0,40.8726,54.0,22.0,skater,,,
8484801,Macklin Celebrini,SJS,F,1751.6167,1304.8667,281.1833,14.0,4.6279,-0.3033,1.2904,0.0569,1.8355,12.6669,20.1744,3.3017,0.1767,0.0039,0.261,-0.2225,40.0,30.8793,34.0,22.0,skater,,,
8479987,Morgan Geekie,BOS,F,1409.8667,1088.1167,230.0167,0.2333,0.321,-1.3799,1.6437,0.0001,1.2476,16.9601,18.7926,3.0756,-0.0184,0.066,0.4144,-0.0061,38.0,23.8942,19.0,11.0,skater,,,
8476887,Filip Forsberg,NSH,F,1548.7167,1181.9,231.5667,1.6,2.0057,-0.0183,0.7986,-0.0035,0.707,14.4423,17.9318,2.9347,0.0657,-0.0091,0.1926,0.1536,37.0,25.6931,21.0,17.0,skater,,,
8478483,Mitch Marner,VGK,F,1617.0833,1102.4333,272.95,99.3,2.1872,1.0924,2.8362,0.605,0.9909,9.6978,17.4094,2.8492,0.083,-0.0695,0.6091,-0.344,24.0,17.5759,18.0,12.0,skater,,,
8478460,Zach Werenski,CBJ,D,1997.55,1545.8833,214.7667,91.6667,7.5529,2.3967,0.2363,-0.2738,1.6437,5.7595,17.3153,2.8338,0.2712,-0.0746,0.0658,0.1629,22.0,17.3155,11.0,9.0,skater,,,
8477934,Leon Draisaitl,EDM,F,1402.3833,1034.2833,220.7833,27.8667,5.0614,-0.8215,1.9805,0.1175,-0.1388,11.0074,17.2064,2.816,0.2575,0.0376,0.5239,-0.2315,34.0,25.8317,11.0,13.0,skater,,,
8480023,Robert Thomas,STL,F,1218.75,895.3667,157.5667,80.9167,4.1648,1.4764,0.9922,-0.0184,-0.2955,10.3704,16.6899,2.7315,0.243,-0.109,0.3635,0.0352,22.0,14.097,8.0,11.0,skater,,,
8480039,Martin Necas,COL,F,1676.85,1261.8667,305.3167,0.35,3.5818,-2.0827,0.6557,0.0002,2.2438,12.1722,16.571,2.712,0.1342,0.089,0.1145,-0.0087,35.0,26.2226,30.0,15.0,skater,,,
8482740,Wyatt Johnston,DAL,F,1650.6167,1195.85,272.8167,39.5333,5.7048,-4.4365,2.7725,-0.0153,0.1628,11.9202,16.1086,2.6363,0.2502,0.2125,0.5954,0.0447,44.0,35.4215,16.0,16.0,skater,,,
8485366,Matthew Schaefer,NYI,D,2032.3167,1491.9667,254.5167,85.9333,4.6259,0.5163,-0.1168,-0.5127,4.0231,7.4161,15.952,2.6107,0.1641,-0.0023,-0.0278,0.3416,23.0,16.6776,38.0,19.0,skater,,,
8475754,Brock Nelson,COL,F,1593.9333,1078.4667,257.3333,138.9333,3.987,1.8178,0.5056,0.9557,0.2957,8.3327,15.8946,2.6013,0.1857,-0.1112,0.1036,-0.3912,31.0,25.8942,19.0,18.0,skater,,,
8476460,Mark Scheifele,WPG,F,1764.1167,1365.5167,253.3167,23.6167,3.8624,-3.7388,1.3958,0.0454,1.9753,12.2198,15.76,2.5793,0.1336,0.1542,0.3163,-0.0937,33.0,24.3516,27.0,14.0,skater,,,
8477951,Nick Schmaltz,UTA,F,1618.7833,1160.0167,250.7333,118.2333,1.3889,2.251,1.2252,0.0303,1.1296,9.6833,15.7083,2.5708,0.0358,-0.1265,0.2789,0.0062,33.0,26.5939,21.0,14.0,skater,,,
8478864,Kirill Kaprizov,MIN,F,1727.45,1291.9,287.3167,0.3667,5.3328,0.4807,1.4856,0.0002,0.7246,7.6653,15.6891,2.5677,0.2116,-0.0324,0.2959,-0.0096,39.0,34.8319,18.0,14.0,skater,,,
8477511,Anthony Mantha,PIT,F,1234.25,989.9667,176.5667,0.4667,0.6366,-2.4215,-0.5125,0.0001,-0.0169,17.6936,15.3795,2.517,0.0025,0.1367,-0.1885,0.0087,32.0,16.8051,19.0,20.0,skater,,,
8481604,Pavel Dorofeyev,VGK,F,1443.5667,1089.5,266.5833,0.3333,0.5937,1.4609,2.9265,0.0002,-0.4119,10.643,15.2123,2.4896,-0.0034,-0.0905,0.6443,-0.0077,37.0,29.2795,8.0,12.0,skater,,,
8480208,Drake Batherson,OTT,F,1372.3667,1034.05,241.5,0.7833,1.6236,0.8418,1.9016,0.0002,0.8282,9.9753,15.1706,2.4828,0.0581,-0.0589,0.4581,0.0097,33.0,25.8031,20.0,15.0,skater,,,
8481557,Matt Boldy,MIN,F,1564.0333,1033.2167,269.15,125.1833,1.7732,-0.5188,0.49,0.2819,1.5399,11.3333,14.8994,2.4384,0.0669,0.0201,0.0949,-0.1136,37.0,28.8331,25.0,15.0,skater,,,
8478403,Jack Eichel,VGK,F,1569.2,1076.1833,250.6667,91.05,6.4666,0.7961,1.651,0.1746,1.8175,3.87,14.7758,2.4182,0.3245,-0.0545,0.3809,-0.0935,27.0,26.3068,20.0,8.0,skater,,,
8474564,Steven Stamkos,NSH,F,1462.6667,1088.5333,245.55,2.1167,3.0953,0.1052,0.3191,-0.0003,-0.8257,11.9934,14.6871,2.4037,0.1345,-0.0159,0.0637,0.0298,36.0,26.9677,17.0,24.0,skater,,,
8482699,Dylan Guenther,UTA,F,1375.6667,1019.9833,248.0167,21.1833,2.8474,-1.6086,1.1884,0.0024,-0.4186,12.3472,14.3581,2.3498,0.1314,0.0846,0.2732,0.0149,40.0,30.4379,10.0,14.0,skater,,,
8480803,Evan Bouchard,EDM,D,2026.5,1453.55,281.35,142.05,7.2585,0.8854,2.9247,-0.25,1.6635,1.7259,14.2079,2.3253,0.2777,-0.0181,0.6235,0.0893,20.0,19.3647,17.0,15.0,skater,,,
8476459,Mika Zibanejad,NYR,F,1693.5167,1168.1167,249.9667,143.3833,0.1475,0.2385,1.4571,0.5538,0.4441,11.2036,14.0446,2.2985,-0.0285,-0.0223,0.3354,-0.2102,33.0,25.2249,9.0,7.0,skater,,,
8482105,Jake Sanderson,OTT,D,1664.8667,1137.35,207.7833,187.7,3.5664,2.791,-0.3304,1.3488,1.9704,4.6079,13.9541,2.2837,0.1662,-0.1288,-0.0956,-0.4475,14.0,10.2881,10.0,4.0,skater,,,
8484153,Leo Carlsson,ANA,F,1348.75,939.8333,220.8167,60.7833,3.8357,-0.5133,1.7571,-0.0615,1.9344,6.8844,13.8368,2.2645,0.2088,0.0227,0.4631,0.0823,29.0,24.8461,23.0,10.0,skater,,,
8477940,Nikolaj Ehlers,CAR,F,1361.6167,1038.1333,216.6833,0.9,2.8093,1.22,-0.3041,0.0002,1.3814,8.7075,13.8142,2.2608,0.1263,-0.0806,-0.0985,0.0103,25.0,19.0491,16.0,7.0,skater,,,
8475913,Mark Stone,VGK,F,1152.9,802.1,190.5333,68.3333,2.0858,1.8078,2.3528,-0.0105,1.915,5.6389,13.7899,2.2569,0.12,-0.1453,0.7266,0.0307,26.0,22.6951,16.0,3.0,skater,,,
8477949,Alex Tuch,BUF,F,1522.95,1066.2833,124.2667,178.45,2.903,-0.2843,-0.3606,-0.204,-0.5427,12.2769,13.7883,2.2566,0.1273,0.0059,-0.1884,0.0901,32.0,22.8063,17.0,22.0,skater,,,
8483445,Cutter Gauthier,ANA,F,1311.25,990.2,198.8167,23.6167,1.5606,-1.9173,-0.0612,0.0391,0.545,13.5042,13.6704,2.2373,0.0585,0.1061,-0.0328,-0.0779,38.0,27.1504,17.0,14.0,skater,,,
8481533,Trevor Zegras,PHI,F,1518.5667,1161.95,221.7667,2.3167,6.3088,-0.122,1.1033,-0.0003,-0.5431,6.8575,13.6042,2.2265,0.2897,-0.0038,0.2842,0.0291,26.0,22.2168,21.0,26.0,skater,,,
8483457,Lane Hutson,MTL,D,1951.0,1492.2333,258.0167,38.8333,8.5449,2.1327,0.6176,-0.0196,1.889,0.3872,13.5517,2.2179,0.3217,-0.0673,0.1434,0.014,11.0,11.6628,21.0,17.0,skater,,,
8481542,Moritz Seider,DET,D,2110.5333,1566.8667,248.9167,124.7,3.7108,7.0446,0.9206,-0.135,0.6125,1.2234,13.3769,2.1893,0.1202,-0.2513,0.2217,0.0486,10.0,9.9125,21.0,27.0,skater,,,
8478550,Artemi Panarin,LAK,F,1626.1167,1249.95,252.9333,0.2167,3.7869,0.2677,2.1661,0.0001,1.1303,5.8788,13.2299,2.1652,0.1457,-0.0229,0.4995,-0.0058,25.0,22.4132,17.0,10.0,skater,,,
8482122,Brock Faber,MIN,D,1974.2,1587.75,84.7333,178.0,3.9391,1.9148,-0.5695,0.2746,0.7964,6.8536,13.2089,2.1618,0.1269,-0.0539,-0.4035,-0.1089,15.0,9.2088,9.0,13.0,skater,,,
8471675,Sidney Crosby,PIT,F,1310.6167,997.4,199.6,2.2,1.438,-1.3406,1.0098,0.0019,-0.0093,11.9763,13.0761,2.14,0.0504,0.0706,0.2892,-0.0294,28.0,18.677,16.0,17.0,skater,,,
8479542,Brandon Hagel,TBL,F,1407.25,983.9833,148.5333,153.5167,8.1828,-0.4917,0.2414,0.0172,1.2473,3.7854,12.9824,2.1247,0.4629,0.0199,0.0832,0.0148,29.0,28.0636,33.0,25.0,skater,,,
8482078,Lucas Raymond,DET,F,1509.3,1114.6333,246.3167,17.2167,3.0752,-1.312,1.5963,0.0865,2.2273,7.2883,12.9618,2.1213,0.1295,0.0605,0.3745,-0.28,24.0,19.7673,26.0,11.0,skater,,,
8479407,Jesper Bratt,NJD,F,1560.9667,1119.4833,225.2167,62.1333,6.7792,-0.8932,2.4089,0.4479,1.2624,2.6551,12.6603,2.072,0.3273,0.0378,0.6274,-0.4109,21.0,21.5051,14.0,6.0,skater,,,
8479420,Tage Thompson,BUF,F,1575.5333,1162.2,270.55,3.95,2.2039,-1.1037,0.5388,0.0047,1.6796,9.3044,12.6276,2.0666,0.0777,0.0469,0.1052,-0.0494,37.0,30.8853,25.0,14.0,skater,,,
8479337,Alex DeBrincat,DET,F,1518.5333,1135.3833,256.3167,2.75,5.3688,0.1624,2.7639,0.0021,0.8426,3.456,12.5957,2.0614,0.2476,-0.0187,0.6327,-0.0237,37.0,36.6182,13.0,8.0,skater,,,
8478178,Darren Raddysh,TBL,D,1656.5,1224.2667,257.85,56.75,2.5444,1.1989,1.2245,0.0899,-0.8067,8.1213,12.3724,2.0249,0.1028,-0.0403,0.2847,-0.1114,22.0,14.7702,9.0,23.0,skater,,,
8480014,Gabriel Vilardi,WPG,F,1536.65,1214.6,246.4333,1.5167,3.8085,-2.917,0.9673,0.0011,2.9228,7.5581,12.3408,2.0197,0.1521,0.134,0.2212,-0.0212,29.0,24.5528,31.0,11.0,skater,,,
8473419,Brad Marchand,FLA,F,922.2167,615.2333,188.9167,52.0167,2.3833,-2.4509,1.0198,0.3775,0.7838,9.6806,11.7941,1.9302,0.1964,0.2289,0.3096,-0.4139,24.0,16.1865,24.0,19.0,skater,,,
8478398,Kyle Connor,WPG,F,1763.5167,1316.8,248.6167,84.4667,2.1791,-2.1866,1.5137,-0.0225,1.421,8.6228,11.5275,1.8866,0.0632,0.0896,0.351,0.0375,35.0,29.9474,17.0,8.0,skater,,,
8477939,William Nylander,TOR,F,1262.0333,963.6167,174.3333,4.75,2.2457,-3.3251,-0.4972,0.0019,0.4016,12.6931,11.52,1.8854,0.1038,0.197,-0.1854,-0.0021,27.0,16.8619,10.0,8.0,skater,,,
8480448,Parker Kelly,COL,F,1041.6167,845.5833,3.9833,171.0667,0.3923,1.806,-0.0022,-1.5161,0.5184,10.2925,11.4908,1.8806,-0.0082,-0.1382,-0.048,0.5533,20.0,11.8162,18.0,15.0,skater,,,
8479323,Adam Fox,NYR,D,1301.35,1008.75,172.4667,39.4167,3.8405,3.1815,1.3027,0.0196,0.4746,2.514,11.3329,1.8547,0.2065,-0.1708,0.453,-0.0462,7.0,5.1863,7.0,10.0,skater,,,
8484258,Sam Malinski,COL,D,1446.8667,1314.15,19.6167,60.0833,5.3295,4.5504,-0.0523,-0.0469,0.0199,1.3036,11.1041,1.8173,0.2214,-0.1893,-0.1601,0.0305,8.0,7.4751,4.0,11.0,skater,,,
8483485,Denton Mateychuk,CBJ,D,1438.9167,1222.3667,39.1167,114.5167,2.3604,-0.1937,0.0078,-0.3962,1.6772,7.5566,11.0121,1.8022,0.094,0.028,0.0117,0.1912,13.0,6.2178,9.0,4.0,skater,,,
8477404,Jake Guentzel,TBL,F,1639.9167,1104.4,315.4333,106.4667,2.5162,-0.8679,2.1724,-0.3526,1.1317,6.2115,10.8112,1.7694,0.1006,0.0371,0.3989,0.2203,35.0,32.1084,26.0,19.0,skater,,,
8477964,Ivan Barbashev,VGK,F,1331.8333,1207.25,69.1167,0.5667,3.5186,-0.8732,-0.1695,0.0003,1.6556,6.612,10.7438,1.7583,0.1388,0.0333,-0.1615,-0.0131,22.0,18.0842,18.0,7.0,skater,,,
8482116,Tim Stützle,OTT,F,1621.75,1080.0333,264.2333,148.2667,2.945,-2.0727,0.763,0.3618,2.6541,6.0726,10.7238,1.755,0.1275,0.1051,0.1589,-0.1248,30.0,27.2106,36.0,18.0,skater,,,
8480018,Nick Suzuki,MTL,F,1709.5333,1196.7167,265.5667,55.5,2.9972,2.6754,1.5298,0.2259,0.3071,2.9764,10.7119,1.7531,0.1142,-0.1442,0.3313,-0.2227,26.0,26.4845,10.0,9.0,skater,,,
8479345,Jakob Chychrun,WSH,D,1869.2,1470.15,229.0333,29.8,5.1403,-2.1604,1.4879,0.127,-0.2454,6.3109,10.6603,1.7447,0.1879,0.1066,0.3896,-0.272,26.0,20.695,16.0,27.0,skater,,,
8482659,Josh Doan,BUF,F,1316.3667,1009.5333,219.95,0.7833,4.6795,-0.6519,1.2956,0.0006,1.654,3.5271,10.5048,1.7192,0.242,0.0287,0.3391,-0.0208,24.0,23.1379,22.0,11.0,skater,,,
8482259,Bobby McMann,SEA,F,1244.05,1097.65,75.3167,13.8667,-0.1314,-0.3866,-0.0855,-0.001,-0.1545,11.1923,10.4334,1.7075,-0.0433,0.0111,-0.0825,0.0258,24.0,15.3263,10.0,12.0,skater,,,
8476880,Tom Wilson,WSH,F,1403.5333,958.55,192.5167,147.85,3.6094,1.7869,0.7038,-0.7319,-0.1387,5.1518,10.3813,1.699,0.1899,-0.1219,0.205,0.3186,25.0,22.6897,29.0,31.0,skater,,,
8483431,Logan Cooley,UTA,F,935.7333,731.15,132.05,28.0667,2.7002,-1.3116,0.5849,0.0977,0.3694,7.9239,10.3646,1.6963,0.1855,0.0976,0.2515,-0.1873,22.0,15.9705,16.0,14.0,skater,,,
8477479,Tyler Bertuzzi,CHI,F,1457.35,1137.4333,241.6833,0.0833,3.7186,-2.2687,-0.0725,0.0,1.2522,7.5758,10.2055,1.6702,0.1601,0.1096,-0.0323,-0.0023,32.0,27.3746,19.0,11.0,skater,,,
8480069,Cale Makar,COL,D,1864.5667,1290.35,299.1667,143.5667,1.0054,1.7139,1.917,1.1741,2.7998,1.5837,10.194,1.6683,0.0248,-0.0612,0.3842,-0.507,17.0,16.4198,23.0,12.0,skater,,,
8480748,Kiefer Sherwood,SJS,F,1244.0833,945.2167,124.3333,106.8,0.8003,0.1233,0.4682,0.3208,0.9541,7.4208,10.0876,1.6509,0.0147,-0.0179,0.2116,-0.1587,22.0,17.0978,26.0,20.0,skater,,,
8477504,Josh Morrissey,WPG,D,1904.35,1502.6,233.5167,51.3833,1.2907,2.0719,-0.288,0.0398,0.7486,6.0193,9.8822,1.6173,0.0296,-0.0643,-0.0742,-0.0628,14.0,9.0056,11.0,15.0,skater,,,
8481528,Dylan Cozens,OTT,F,1397.6,1048.8,252.55,6.9333,3.39,2.1479,0.7222,0.0074,0.2764,3.2237,9.7675,1.5986,0.1579,-0.133,0.1573,-0.0426,27.0,26.6058,24.0,23.0,skater,,,
8482077,Dylan Holloway,STL,F,1080.4,858.7333,129.5333,17.6667,2.9718,0.0486,0.1564,0.0214,1.3536,5.0647,9.6164,1.5738,0.1716,-0.0135,0.0581,-0.0512,20.0,17.1226,16.0,7.0,skater,,,
8481606,Jordan Spence,OTT,D,1366.9833,1202.35,92.3667,11.9833,6.3222,3.6328,-0.2331,0.0254,-0.589,0.3333,9.4915,1.5534,0.2936,-0.1628,-0.1516,-0.1434,7.0,7.4024,0.0,11.0,skater,,,
8477960,Adrian Kempe,LAK,F,1564.25,1146.8,230.25,41.4,0.2225,-1.9336,-0.7851,0.0659,-1.6471,13.567,9.4896,1.5531,-0.0244,0.0911,-0.2189,-0.074,34.0,23.5998,15.0,28.0,skater,,,
8476906,Shayne Gostisbehere,CAR,D,1058.85,822.5,165.6667,3.3167,2.9915,1.1866,0.3526,0.0004,1.1401,3.7513,9.4225,1.5421,0.1963,-0.0681,0.1275,-0.0237,13.0,9.8186,9.0,6.0,skater,,,
8477955,Jared McCann,SEA,F,855.8,649.2833,138.7667,4.9,1.8321,-0.1213,0.4151,0.0015,2.1629,5.0221,9.3125,1.5241,0.1332,0.0011,0.1652,0.0031,16.0,12.7104,19.0,4.0,skater,,,
8478401,Pavel Zacha,BOS,F,1314.0,929.3833,218.4167,59.1667,-0.5597,-1.5248,1.3366,-0.0085,-0.8404,10.891,9.2942,1.5211,-0.0722,0.0884,0.3529,0.0302,29.0,20.7692,6.0,13.0,skater,,,
8474578,Erik Karlsson,PIT,D,1772.6167,1262.9833,229.0333,137.4,3.4974,0.0834,1.1756,0.1395,1.2127,3.0059,9.1145,1.4917,0.1442,0.0145,0.3078,-0.0773,14.0,11.9481,11.0,11.0,skater,,,
8479977,Kailer Yamamoto,UTA,F,697.1667,658.2,24.4,4.5167,1.1031,1.0627,-0.0261,0.0045,0.623,6.3329,9.1001,1.4893,0.0645,-0.1069,-0.0785,-0.0388,13.0,8.0785,11.0,7.0,skater,,,
8479999,Casey Mittelstadt,BOS,F,1079.9333,898.3167,119.1,0.9667,1.1251,0.0967,0.1056,0.0003,1.0765,6.676,9.08,1.486,0.0391,-0.0165,0.0389,0.0057,15.0,10.5104,13.0,6.0,skater,,,
8479996,Cody Glass,NJD,F,972.1333,823.7833,26.2833,48.6667,0.0317,0.8309,-0.0673,0.1645,0.373,7.7149,9.0477,1.4807,-0.0338,-0.0706,-0.168,-0.1813,19.0,13.2531,15.0,13.0,skater,,,
8480800,Quinn Hughes,MIN,D,2052.5833,1597.6667,278.3167,6.1167,8.6329,-0.0243,2.7176,0.01,3.6213,-5.9318,9.0257,1.4771,0.3023,0.0194,0.5856,-0.1142,7.0,14.0364,32.0,16.0,skater,,,
8475158,Ryan O'Reilly,NSH,F,1651.9833,1146.2167,216.2,150.3667,2.9994,0.0076,0.9409,0.1607,0.0243,4.8639,8.9968,1.4724,0.1209,-0.0105,0.2468,-0.0426,25.0,23.4805,10.0,11.0,skater,,,
8482109,Alexis Lafrenière,NYR,F,1443.0833,1168.6833,188.9167,1.5,2.319,1.9129,0.3585,0.0008,0.8351,3.5562,8.9825,1.4701,0.083,-0.1083,0.0995,-0.0094,23.0,22.3653,15.0,10.0,skater,,,
8480839,Rasmus Dahlin,BUF,D,1885.1167,1413.3167,255.2,60.15,5.0835,1.988,-0.1446,0.3587,0.7354,0.8931,8.9142,1.4589,0.1939,-0.0659,-0.0342,-0.3742,16.0,16.1214,26.0,30.0,skater,,,
8482655,J.J. Moser,TBL,D,1704.7167,1401.8,5.7667,196.2833,3.504,1.2432,-0.0065,0.171,2.2748,1.4493,8.6357,1.4133,0.1281,-0.0348,-0.068,-0.0686,7.0,6.4681,28.0,20.0,skater,,,
8481721,Arseny Gritsyuk,NJD,F,1022.6667,867.4833,66.9667,0.3833,2.5811,1.1734,0.0073,-0.0,-0.3149,4.9041,8.3509,1.3667,0.1424,-0.0912,-0.0078,0.0272,13.0,10.1663,10.0,13.0,skater,,,
8477409,Carter Verhaeghe,FLA,F,1356.1833,1072.6167,198.8333,3.9333,3.6071,-1.5844,1.1166,0.0047,-0.0048,5.2036,8.3428,1.3654,0.1657,0.0786,0.3226,-0.0502,24.0,21.542,10.0,11.0,skater,,,
8470613,Brent Burns,COL,D,1549.75,1258.15,55.1833,173.1833,2.5061,-0.9387,-0.2796,0.8706,-0.0483,6.1263,8.2364,1.348,0.0976,0.0632,-0.3043,-0.318,12.0,6.7077,8.0,16.0,skater,,,
8482475,Egor Chinakhov,PIT,F,971.1833,837.95,84.2833,0.1333,0.8287,-0.5301,-0.4571,0.0001,1.2043,7.1652,8.2111,1.3438,0.0233,0.0279,-0.3397,-0.0028,21.0,15.801,13.0,5.0,skater,,,
8475722,Jason Zucker,BUF,F,968.5667,737.7833,196.1167,0.25,1.452,-0.7424,0.9703,0.0001,0.6498,5.8397,8.1695,1.337,0.082,0.0503,0.2825,-0.0062,24.0,20.1212,14.0,10.0,skater,,,
8477948,Travis Sanheim,PHI,D,1970.3333,1485.7333,84.05,242.5833,1.5111,2.5202,0.2608,-0.2696,1.9022,2.2148,8.1396,1.3321,0.0391,-0.0833,0.186,0.0503,10.0,8.8456,14.0,10.0,skater,,,
8477505,Alexander Wennberg,SJS,F,1636.7,1089.45,245.9,164.6,-1.9321,1.4744,-0.1417,-0.5487,1.547,7.644,8.043,1.3163,-0.1425,-0.0913,-0.0489,0.2216,17.0,12.6695,19.0,9.0,skater,,,
8482858,Ryker Evans,SEA,D,1193.1333,1050.4833,23.15,64.3667,1.309,0.692,-0.0141,0.0089,-0.4308,6.4655,8.0305,1.3143,0.0529,-0.0211,-0.0368,-0.0247,8.0,2.1766,10.0,19.0,skater,,,
8478427,Sebastian Aho,CAR,F,1550.9833,1044.4333,228.0833,130.8167,5.6518,-1.1105,0.5874,0.9982,0.4301,1.3289,7.886,1.2906,0.2886,0.0537,0.1402,-0.4363,26.0,27.811,20.0,18.0,skater,,,
8479619,Michael Carcone,UTA,F,1006.9167,912.7667,73.9167,0.0833,3.165,1.7446,-0.2165,0.0,1.3464,1.7883,7.8278,1.2811,0.172,-0.1248,-0.1901,-0.0027,15.0,15.2502,15.0,6.0,skater,,,
8478854,Ryan Shea,PIT,D,1514.3833,1256.1833,13.2167,171.4,3.074,-0.1069,-0.0308,0.9852,1.8674,2.0265,7.8155,1.2791,0.1249,0.0236,-0.1398,-0.3612,6.0,4.7885,12.0,6.0,skater,,,
8477956,David Pastrnak,BOS,F,1591.3167,1183.0167,268.15,2.15,2.817,-1.3094,1.311,0.0021,1.404,3.4967,7.7214,1.2637,0.1068,0.0563,0.279,-0.0359,27.0,26.7249,34.0,25.0,skater,,,
8480028,Morgan Frost,CGY,F,1272.9667,986.6667,204.3167,1.5167,1.2742,-0.4852,1.1132,0.0015,0.1255,5.6328,7.6621,1.254,0.0414,0.0194,0.3126,-0.0371,21.0,17.9443,14.0,14.0,skater,,,
8481559,Jack Hughes,NJD,F,1322.7333,992.3833,165.6667,22.5833,4.3537,-1.2727,1.3961,0.0628,1.6547,1.4551,7.6497,1.252,0.2272,0.0669,0.4913,-0.1452,24.0,25.2227,16.0,5.0,skater,,,
8476923,Damon Severson,CBJ,D,1499.6833,1313.95,78.0833,41.05,3.8808,3.8191,-0.1694,0.0742,-0.9139,0.9562,7.6469,1.2515,0.1553,-0.1559,-0.1304,-0.1247,8.0,7.8509,7.0,21.0,skater,,,
8481711,Matias Maccelli,TOR,F,1034.7,866.8833,121.4,0.0,2.1546,0.6384,0.2796,0.0,-0.0365,4.6086,7.6446,1.2511,0.1131,-0.0543,0.1239,0.0,14.0,11.4861,7.0,8.0,skater,,,
8478445,Mathew Barzal,NYI,F,1678.0333,1228.0667,259.6833,2.15,7.2709,-2.2551,0.7668,0.003,1.6897,0.1468,7.622,1.2474,0.3192,0.1001,0.1628,-0.0611,17.0,20.2504,30.0,19.0,skater,,,
8476902,Esa Lindell,DAL,D,1908.9167,1429.05,61.8,308.1,0.3212,4.3083,-0.2753,-0.1565,0.7517,2.6687,7.6181,1.2468,-0.0084,-0.1624,-0.2675,0.0141,6.0,4.3586,6.0,10.0,skater,,,
8478020,Michael Amadio,OTT,F,1305.75,1147.75,6.7667,91.25,-0.4649,1.8375,-0.0021,0.3496,1.5144,4.3639,7.5985,1.2436,-0.0604,-0.1061,-0.0328,-0.2083,14.0,12.2795,19.0,9.0,skater,,,
8480015,Owen Tippett,PHI,F,1364.5167,1050.45,169.8167,33.9833,2.3182,0.8956,1.1451,0.0401,1.9359,1.2599,7.5948,1.243,0.0963,-0.0612,0.3903,-0.0493,24.0,25.5025,24.0,11.0,skater,,,
8482175,JJ Peterka,UTA,F,1311.2833,1117.2167,154.0167,1.0833,1.0195,-0.5445,-1.0406,0.0006,-0.0093,8.1418,7.5676,1.2385,0.0187,0.0192,-0.4197,-0.0123,23.0,17.5128,13.0,14.0,skater,,,
8475765,Vladimir Tarasenko,MIN,F,1120.3833,900.8833,161.65,0.1,0.0633,-1.232,-0.3069,0.0,1.0804,7.8862,7.491,1.226,-0.0319,0.072,-0.1282,-0.0027,22.0,16.382,12.0,5.0,skater,,,
8480817,K'Andre Miller,CAR,D,1615.9833,1321.7333,68.05,129.9333,3.6997,2.1189,0.0532,0.2744,-1.1115,2.449,7.4837,1.2248,0.146,-0.0777,0.0467,-0.1431,8.0,6.4207,12.0,28.0,skater,,,
8475191,Reilly Smith,VGK,F,944.15,826.15,28.8833,61.3667,-0.483,-1.1288,-0.0444,-0.0534,1.0631,8.0846,7.438,1.2173,-0.0712,0.0719,-0.1066,0.0738,16.0,9.8268,9.0,2.0,skater,,,
8480807,Mattias Samuelsson,BUF,D,1806.8667,1441.0833,3.3667,208.5833,0.4252,0.056,-0.005,-0.6037,0.8204,6.6846,7.3775,1.2074,-0.0042,0.0161,-0.0897,0.1573,12.0,6.2878,11.0,14.0,skater,,,
8477447,Shea Theodore,VGK,D,1598.55,1274.0,87.9167,99.5167,3.4041,2.6924,-0.5909,0.2838,0.6779,0.8936,7.3609,1.2047,0.1384,-0.1083,-0.4035,-0.1875,9.0,8.9667,8.0,11.0,skater,,,
8480830,Andrei Svechnikov,CAR,F,1341.8167,1020.3833,217.25,0.1667,5.205,-2.0607,0.5034,0.0,-1.9462,5.6493,7.3508,1.203,0.27,0.1111,0.1247,0.0151,31.0,28.0672,18.0,33.0,skater,,,
8478420,Mikko Rantanen,DAL,F,1292.85,937.75,238.3333,0.5,1.9043,0.6392,1.3509,0.0001,0.4046,3.001,7.3,1.1947,0.0858,-0.051,0.3258,0.0086,22.0,21.6163,34.0,32.0,skater,,,
8482159,Tyson Foerster,PHI,F,501.6333,375.4167,59.8,35.0167,0.2675,0.4079,0.256,0.0523,-0.5048,6.7944,7.2733,1.1903,0.0067,-0.0753,0.2425,-0.0681,13.0,7.2211,2.0,6.0,skater,,,
8477500,Bo Horvat,NYI,F,1413.6667,910.3833,229.6833,128.45,3.2599,-1.2993,1.0235,-0.6933,-0.1377,5.0784,7.2315,1.1835,0.1788,0.0756,0.253,0.3454,30.0,27.7836,11.0,13.0,skater,,,
8482177,Marat Khusnutdinov,BOS,F,1117.7833,930.55,48.0333,77.0,0.4623,-0.0104,0.0182,0.4225,1.3573,4.934,7.1839,1.1757,-0.0063,-0.0094,0.0084,-0.3077,13.0,10.3289,17.0,8.0,skater,,,
8478042,Viktor Arvidsson,BOS,F,1007.3333,818.1167,131.9167,0.0,1.4851,0.1748,1.1364,0.0,0.515,3.8144,7.1256,1.1662,0.0728,-0.0229,0.5026,0.0,22.0,20.225,14.0,11.0,skater,,,
8475810,Bryan Rust,PIT,F,1437.1833,995.9,221.5833,112.15,0.768,-2.6833,1.3875,0.3293,0.2803,7.0013,7.0831,1.1592,0.0102,0.1516,0.3614,-0.1546,29.0,24.9082,14.0,13.0,skater,,,
8480188,Fabian Zetterlund,OTT,F,1059.4667,935.8167,91.0333,4.0,2.4399,0.1273,-0.2349,0.0018,1.4901,3.1712,6.9954,1.1449,0.1204,-0.0182,-0.1692,-0.0053,17.0,15.9737,17.0,7.0,skater,,,
8480802,Ryan McLeod,BUF,F,1441.3167,1005.2167,127.1667,185.6,3.9099,0.7141,-0.7192,-0.6294,0.0036,3.6373,6.9162,1.1319,0.1973,-0.0527,-0.3536,0.225,11.0,10.2806,7.0,8.0,skater,,,
8483489,Fraser Minten,BOS,F,1275.1833,1010.55,76.6833,126.35,1.5512,0.9899,-0.0952,0.1391,0.4029,3.8697,6.8575,1.1223,0.056,-0.0688,-0.0888,-0.0445,16.0,14.7119,12.0,10.0,skater,,,
8480893,Kirill Marchenko,CBJ,F,1439.6167,1107.0167,216.2333,4.1667,2.2811,-1.4748,1.2792,0.0056,0.4191,4.3135,6.8237,1.1168,0.0876,0.0699,0.3406,-0.0593,27.0,25.601,18.0,16.0,skater,,,
8475798,Mikael Granlund,ANA,F,1119.7167,747.35,160.5,94.9667,2.4901,-0.3793,0.1008,0.3171,0.6647,3.6021,6.7955,1.1122,0.1638,0.0204,0.0234,-0.1788,17.0,15.6647,13.0,9.0,skater,,,
8482730,Brandt Clarke,LAK,D,1623.75,1340.9167,187.1167,2.4333,3.1764,2.7772,0.5085,-0.0006,0.2795,0.0472,6.7882,1.111,0.1202,-0.1058,0.1628,-0.0027,8.0,8.8267,19.0,25.0,skater,,,
8481617,Vasily Podkolzin,EDM,F,1262.7333,1133.6167,36.05,51.3833,0.9805,0.7587,0.1497,-0.2974,0.1245,5.0684,6.7846,1.1104,0.0158,-0.0502,0.2349,0.3688,18.0,15.4879,14.0,14.0,skater,,,
8479343,Clayton Keller,UTA,F,1567.0667,1204.9667,260.3167,0.85,5.6149,0.9479,0.6691,0.0005,0.8474,-1.3815,6.6983,1.0962,0.2435,-0.0573,0.1399,-0.0127,22.0,26.554,24.0,19.0,skater,,,
8484227,Will Smith,SJS,F,1255.2,960.5,210.5833,3.7,1.5349,-1.6276,-1.0648,0.0064,0.4009,7.4398,6.6896,1.0948,0.0598,0.0916,-0.3177,-0.0824,24.0,19.1013,10.0,8.0,skater,,,
8482702,Logan Stankoven,CAR,F,1251.4667,1080.7167,124.35,2.85,4.3373,0.411,0.5029,0.0034,1.0934,0.3248,6.6727,1.0921,0.2047,-0.0329,0.2283,-0.0494,20.0,22.2088,17.0,10.0,skater,,,
8476399,Blake Coleman,CGY,F,1196.8333,903.9,84.9,146.8667,2.0163,2.1308,-0.3141,0.2189,-0.7134,3.3287,6.6673,1.0912,0.0978,-0.1515,-0.2363,-0.0679,20.0,19.0943,17.0,23.0,skater,,,
8484984,Ivan Demidov,MTL,F,1271.9,928.65,224.9333,0.65,2.2318,-0.3133,1.3132,0.0004,0.264,3.162,6.6582,1.0897,0.1081,0.0102,0.336,-0.018,19.0,18.4129,18.0,17.0,skater,,,
8482142,Jamie Drysdale,PHI,D,1684.25,1385.95,170.5667,10.6333,1.8515,1.361,0.8271,-0.0132,0.8751,1.7469,6.6483,1.0881,0.0582,-0.0405,0.2907,0.0583,8.0,7.1596,8.0,10.0,skater,,,
8478519,Anthony Cirelli,TBL,F,1229.7667,870.4167,82.7833,178.35,2.7712,-0.9124,0.2214,0.0153,-0.0173,4.5413,6.6194,1.0833,0.1549,0.0528,0.1461,0.0164,20.0,17.9484,15.0,16.0,skater,,,
8481618,Alex Newhook,MTL,F,611.6667,489.5667,42.6667,39.8167,-0.0447,0.1122,-0.1809,-0.0906,0.476,6.3317,6.6038,1.0808,-0.0416,-0.0238,-0.2687,0.158,13.0,7.9067,8.0,5.0,skater,,,
8477220,Nate Schmidt,UTA,D,1615.65,1358.3667,48.35,154.9833,3.4928,0.5075,-0.2393,0.7885,0.9668,1.0749,6.5911,1.0787,0.1324,-0.004,-0.2972,-0.3216,5.0,4.7946,10.0,11.0,skater,,,
8476463,Jonas Brodin,MIN,D,1257.9833,1087.4,4.7167,115.2833,-1.0677,3.896,-0.0045,0.0286,1.2763,2.4367,6.5654,1.0745,-0.0808,-0.1965,-0.0575,-0.0312,4.0,2.2403,11.0,8.0,skater,,,
8480036,Miro Heiskanen,DAL,D,1962.6167,1317.35,249.8667,230.0,1.82,3.5635,1.3116,-0.1671,1.0656,-1.0572,6.5364,1.0698,0.061,-0.1439,0.3147,0.0272,8.0,10.1134,13.0,15.0,skater,,,
8476454,Ryan Nugent-Hopkins,EDM,F,1373.2167,946.8,241.0,88.6333,0.5256,-0.9362,3.6005,-0.9805,-0.4189,4.7377,6.5283,1.0684,-0.0028,0.0492,0.8821,0.6853,20.0,18.0424,5.0,9.0,skater,,,
8481656,Aliaksei Protas,WSH,F,1387.4667,1109.9667,34.3333,141.7833,2.7195,-1.6582,0.0173,0.4706,1.1068,3.8479,6.5038,1.0644,0.1109,0.0796,0.0159,-0.1776,19.0,17.961,17.0,10.0,skater,,,
8478975,Mason Marchment,CBJ,F,1184.6333,979.85,153.5833,1.6167,2.606,1.1128,-0.4023,0.0005,-0.576,3.7512,6.4922,1.0625,0.1235,-0.0782,-0.1715,0.0044,17.0,15.647,18.0,23.0,skater,,,
8477451,Ryan Hartman,MIN,F,1272.6,1097.0167,127.0833,2.6,3.859,-2.1117,-0.1435,0.0033,1.6497,3.1092,6.3661,1.0419,0.175,0.1054,-0.0821,-0.0551,21.0,20.4672,32.0,21.0,skater,,,
8483500,Noah Ostlund,BUF,F,855.3,712.65,77.7667,2.1667,0.1041,1.1421,-0.4867,0.0028,0.2229,5.3707,6.3559,1.0402,-0.0273,-0.1062,-0.3898,-0.056,11.0,7.3609,8.0,7.0,skater,,,
8482146,Luke Evangelista,NSH,F,1346.4167,1116.6333,170.8667,0.7833,5.4199,1.6756,-0.0078,0.0002,1.7956,-2.5534,6.33,1.036,0.2552,-0.1001,-0.0171,0.0087,11.0,16.2793,21.0,9.0,skater,,,
8482145,Mavrik Bourque,DAL,F,1270.8333,1113.7667,92.15,16.2167,2.392,0.8245,-0.3107,-0.0365,0.8181,2.5082,6.1956,1.014,0.0928,-0.0545,-0.2166,0.1567,17.0,17.0646,16.0,11.0,skater,,,
8484241,Matthew Wood,NSH,F,875.6333,738.5,109.9833,0.3333,-0.19,-1.4176,-0.0494,0.0002,1.0563,6.787,6.1865,1.0125,-0.0515,0.1051,-0.0413,-0.0085,17.0,11.9858,14.0,7.0,skater,,,
8478458,Jack Roslovic,EDM,F,1089.5833,969.1333,78.5333,0.1833,1.9959,-1.7833,0.0529,0.0001,0.9388,4.962,6.1664,1.0092,0.0875,0.1003,0.0261,-0.0056,21.0,18.2438,14.0,8.0,skater,,,
8481601,Simon Holmstrom,NYI,F,1322.5667,959.5833,106.0,154.8167,1.3123,-0.7282,-0.8454,-0.9172,1.7932,5.5372,6.152,1.0068,0.046,0.0355,-0.4928,0.377,18.0,15.1403,20.0,8.0,skater,,,
8479385,Jordan Kyrou,STL,F,1133.5167,915.8667,152.05,1.3833,5.1102,3.6887,-1.4059,0.0011,0.666,-1.9974,6.0627,0.9922,0.2987,-0.2517,-0.5691,-0.0268,16.0,20.2922,8.0,4.0,skater,,,
8474590,John Carlson,ANA,D,1648.8167,1187.2167,173.8833,155.3667,5.338,-0.2281,-0.0465,-0.3745,-0.1191,1.4793,6.0492,0.99,0.2479,0.03,-0.0163,0.1283,12.0,11.408,7.0,16.0,skater,,,
8482124,Quinton Byfield,LAK,F,1584.2167,1144.7,164.4333,147.7333,3.7781,-0.6671,-0.4764,-0.7393,1.6804,2.4638,6.0395,0.9884,0.162,0.0249,-0.1881,0.3218,23.0,23.7435,33.0,22.0,skater,,,
8477495,Seth Jones,FLA,D,1232.3,858.6,179.2667,109.6833,0.7549,0.8122,0.9721,1.0581,0.9816,1.3744,5.9533,0.9743,0.0308,-0.0383,0.3251,-0.5951,7.0,6.2888,8.0,7.0,skater,,,
8483808,Andrei Kuzmenko,LAK,F,775.6167,597.6833,143.0667,0.0,1.2726,-0.0094,-0.4024,0.0,1.185,3.8393,5.8851,0.9632,0.0917,-0.0091,-0.1831,0.0,13.0,10.7309,16.0,8.0,skater,,,
8482100,Alexander Nikishin,CAR,D,1472.9333,1210.2333,111.95,85.7167,2.2475,-1.2397,0.1031,0.0447,0.3149,4.3874,5.8578,0.9587,0.0895,0.0799,0.055,-0.0476,11.0,7.4053,10.0,15.0,skater,,,
8477018,Ben Hutton,VGK,D,802.25,779.9833,13.1833,1.3667,1.3584,0.4843,0.0041,-0.0017,0.6874,3.3136,5.8462,0.9568,0.0826,-0.0188,0.0185,0.0565,6.0,3.1181,9.0,8.0,skater,,,
8484829,Justin Hryckowian,DAL,F,1078.0333,885.1167,50.9833,102.5833,-0.2426,1.5595,-0.0562,0.4339,0.2449,3.9004,5.8399,0.9558,-0.0525,-0.1158,-0.0804,-0.2322,14.0,12.2821,18.0,17.0,skater,,,
8475218,Mattias Ekholm,EDM,D,1696.4667,1420.3,37.8667,133.5333,6.5781,2.0918,-0.1068,-0.6698,0.3292,-2.4105,5.8119,0.9512,0.256,-0.0699,-0.1695,0.2846,5.0,8.3235,9.0,15.0,skater,,,
8474151,Ryan McDonagh,TBL,D,924.3333,725.35,6.0167,137.9667,0.7253,1.1935,-0.01,-0.3516,0.9095,3.2991,5.7659,0.9436,0.0381,-0.0803,-0.1004,0.1365,6.0,3.1983,5.0,3.0,skater,,,
8476917,Adam Pelech,NYI,D,1715.0833,1417.4,12.5333,191.3667,3.6404,4.8409,-0.0426,-0.8264,-0.4894,-1.3617,5.7611,0.9429,0.1322,-0.1865,-0.2043,0.2428,4.0,6.2847,13.0,25.0,skater,,,
8480797,Joel Farabee,CGY,F,1387.2167,1059.5,88.75,158.5333,0.8189,-1.1654,-0.5589,-0.601,1.3839,5.8829,5.7603,0.9427,0.0103,0.0559,-0.3922,0.249,17.0,13.9255,20.0,11.0,skater,,,
8482113,Anton Lundell,FLA,F,1225.7333,834.5833,164.6,126.8833,-0.0565,1.1454,0.6019,0.733,0.9523,2.369,5.7451,0.9402,-0.0401,-0.0924,0.2051,-0.3251,17.0,17.1125,22.0,16.0,skater,,,
8478474,Lawson Crouse,UTA,F,1345.3167,997.25,81.9333,214.2333,1.2205,-1.9264,-0.1298,0.0191,-0.283,6.8444,5.7447,0.9402,0.0374,0.1058,-0.1094,0.0162,22.0,17.8792,12.0,15.0,skater,,,
8482088,Justin Sourdif,WSH,F,1149.6333,1017.0167,78.1667,10.3667,1.5771,1.3315,-0.0797,0.0154,1.499,1.396,5.7393,0.9393,0.057,-0.0886,-0.0755,-0.0676,14.0,14.9314,26.0,16.0,skater,,,
8476882,Teuvo Teravainen,CHI,F,1331.3833,913.9333,196.9833,152.45,-1.1307,0.001,0.7274,-0.5647,0.4084,6.2638,5.7052,0.9337,-0.1103,-0.0101,0.2073,0.2438,14.0,10.4316,5.0,3.0,skater,,,
8482201,Gage Goncalves,TBL,F,968.6,853.4,66.3833,15.95,1.2702,2.2775,-0.4923,0.0127,0.2341,2.3933,5.6954,0.9321,0.0532,-0.1702,-0.4593,-0.0263,11.0,10.5676,15.0,14.0,skater,,,
8476462,Dougie Hamilton,NJD,D,1685.0,1274.8333,151.8833,110.0667,2.9634,1.4185,0.6832,0.5711,-1.3414,1.3565,5.6512,0.9249,0.1176,-0.0483,0.2697,-0.3277,11.0,10.5503,6.0,24.0,skater,,,
8480002,Nico Hischier,NJD,F,1721.6,1179.55,232.9,138.8167,3.1499,-0.0362,2.0464,0.3354,1.1397,-1.0207,5.6144,0.9189,0.1242,-0.0082,0.5129,-0.1234,27.0,31.5061,20.0,13.0,skater,,,
8480995,Pontus Holmberg,TBL,F,935.6333,892.0667,9.1,11.4667,0.6071,3.2937,-0.0094,0.0319,1.8936,-0.2143,5.6026,0.9169,0.0048,-0.2316,-0.0764,-0.1452,9.0,11.1084,27.0,14.0,skater,,,
8483565,Nick Blankenburg,COL,D,1024.6167,822.1667,83.3167,80.6333,1.1819,0.0461,-0.6687,0.3873,1.6709,2.9783,5.596,0.9158,0.0643,0.0151,-0.4818,-0.3046,8.0,5.5731,11.0,4.0,skater,,,
8480336,Sean Walker,CAR,D,1766.7833,1448.25,59.9,149.95,3.5149,3.1896,0.0292,-0.1355,-0.5926,-0.4989,5.5065,0.9012,0.1237,-0.1137,0.029,0.0379,8.0,9.4497,15.0,28.0,skater,,,
8484911,Collin Graf,SJS,F,1332.2333,1041.9167,40.1667,195.3333,0.1964,-1.4008,-0.1649,0.78,1.1013,4.9319,5.444,0.891,-0.0248,0.0706,-0.2606,-0.218,19.0,16.7652,13.0,6.0,skater,,,
8481605,Jackson LaCombe,ANA,D,1991.75,1447.8833,249.8667,128.8333,3.3209,1.8268,0.2294,0.0863,2.3326,-2.4187,5.3773,0.8801,0.1157,-0.0573,0.0548,-0.0565,9.0,12.4905,15.0,8.0,skater,,,
8478439,Travis Konecny,PHI,F,1473.7667,1074.8333,196.25,65.8833,3.1055,-2.3238,-1.2976,0.0471,0.1453,5.6805,5.357,0.8767,0.1373,0.1196,-0.411,-0.0213,23.0,20.3031,23.0,23.0,skater,,,
8481554,Kaapo Kakko,SEA,F,926.7333,813.5167,92.7833,0.45,0.9145,-0.3134,-0.3194,0.0003,0.0914,4.9486,5.322,0.871,0.0314,0.013,-0.2208,-0.0132,12.0,8.9275,7.0,7.0,skater,,,
8478396,Noah Hanifin,VGK,D,1606.3333,1339.5333,56.2833,111.4167,3.0134,3.9773,-0.1595,0.2388,0.4061,-2.2312,5.245,0.8584,0.1131,-0.1597,-0.1702,-0.145,3.0,6.0957,2.0,7.0,skater,,,
8474563,Drew Doughty,LAK,D,1662.2167,1324.9167,117.6667,89.15,1.3811,4.8692,-0.2099,-0.3079,-0.8027,0.2805,5.2103,0.8527,0.0406,-0.2021,-0.1072,0.1909,4.0,4.6141,6.0,20.0,skater,,,
8479353,Brett Howden,VGK,F,863.8167,726.4333,37.6,57.7333,0.6351,0.3036,-0.092,0.1614,0.3623,3.797,5.1674,0.8457,0.0164,-0.0352,-0.1611,-0.1462,12.0,9.9518,21.0,19.0,skater,,,
8475906,John Klingberg,SJS,D,1149.0667,926.5333,156.6833,2.1667,1.9959,-1.8472,-0.3044,-0.0029,0.0933,5.1986,5.1332,0.8401,0.1073,0.1381,-0.1168,0.0653,10.0,5.4198,7.0,12.0,skater,,,
8478882,Vladislav Gavrikov,NYR,D,1950.95,1573.9833,82.1167,194.1667,-2.1858,1.7299,-0.137,-0.8755,-0.8823,7.3932,5.0425,0.8252,-0.1052,-0.0475,-0.1003,0.2542,14.0,7.6568,8.0,24.0,skater,,,
8479410,Mikhail Sergachev,UTA,D,1895.0667,1330.1333,238.0167,210.05,0.8881,-0.357,1.6255,0.4874,0.188,2.1493,4.9812,0.8152,0.0182,0.0346,0.4095,-0.1556,10.0,8.8706,14.0,22.0,skater,,,
8480426,Charle-Edouard D'Astous,TBL,D,1313.5333,1148.4833,68.2167,30.15,2.8402,3.1534,-0.0655,-0.0064,-1.7341,0.7617,4.9493,0.81,0.1265,-0.1463,-0.0578,-0.0036,6.0,5.9452,19.0,38.0,skater,,,
8481527,Kaedan Korczak,VGK,D,1245.5333,1182.0667,3.3667,34.1667,1.4775,3.2224,-0.0031,-0.017,0.1593,0.1003,4.9394,0.8084,0.0531,-0.1451,-0.056,0.0135,3.0,3.57,8.0,13.0,skater,,,
8482634,Alex Steeves,BOS,F,513.85,440.4,36.8,21.2,0.19,0.5935,0.1884,-0.0126,0.3278,3.5986,4.8858,0.7996,-0.0102,-0.0909,0.2929,0.0571,9.0,6.4417,10.0,8.0,skater,,,
8479998,Mikey Anderson,LAK,D,1647.3333,1406.7667,5.4,169.6,-0.5368,2.1323,0.0005,0.1812,1.8198,1.2174,4.8144,0.7879,-0.0448,-0.0725,0.0049,-0.0805,4.0,3.6692,15.0,10.0,skater,,,
8476393,Nick Cousins,OTT,F,925.3,906.5,4.4,0.4,0.5758,2.8445,-0.0065,0.0002,-0.6016,1.974,4.7864,0.7833,0.002,-0.1983,-0.1024,-0.0101,9.0,8.8993,23.0,28.0,skater,,,
8475171,Oliver Ekman-Larsson,TOR,D,1607.8,1360.0167,137.0167,21.6167,0.9232,1.7789,-0.0403,-0.1361,-0.84,3.0707,4.7566,0.7785,0.0188,-0.06,-0.0179,0.3613,8.0,5.7945,16.0,30.0,skater,,,
8483515,Juraj Slafkovský,MTL,F,1523.6,1128.8,249.9667,1.5833,2.074,-2.6016,1.3578,0.0013,-0.6812,4.5622,4.7125,0.7712,0.0742,0.1282,0.3116,-0.0265,28.0,26.5223,14.0,20.0,skater,,,
8478438,Tommy Novak,PIT,F,1171.9,1015.1167,96.6833,0.5833,5.7854,-0.0323,-0.4768,0.0003,-0.4387,-0.1373,4.7006,0.7693,0.3059,-0.0082,-0.3102,-0.008,16.0,18.5098,7.0,11.0,skater,,,
8478569,Noel Acciari,PIT,F,918.4167,714.8,2.6667,164.75,0.0602,0.9579,0.0025,-0.4193,0.2291,3.8496,4.68,0.7659,-0.031,-0.0905,0.0412,0.1742,13.0,11.0097,7.0,6.0,skater,,,
8475184,Chris Kreider,ANA,F,1280.7333,925.2667,227.6333,40.9333,2.8416,0.0145,-0.0226,0.0517,-1.6751,3.4489,4.659,0.7625,0.1482,-0.011,-0.0203,-0.0542,20.0,19.1439,4.0,17.0,skater,,,
8482089,Jake Neighbours,STL,F,1051.2333,861.4333,141.3333,2.8,0.5577,0.8904,-0.1899,0.004,-0.4506,3.8113,4.6229,0.7566,0.0028,-0.0721,-0.0949,-0.0642,14.0,12.3169,16.0,20.0,skater,,,
8473533,Jordan Staal,CAR,F,1217.3833,934.1333,59.3833,157.0,-0.3027,0.347,0.5459,-0.3945,0.8129,3.6122,4.6209,0.7563,-0.0555,-0.0324,0.5373,0.1723,18.0,16.8524,13.0,8.0,skater,,,
8475188,Brayden McNabb,VGK,D,1292.9667,1084.85,4.7,143.6833,0.6273,2.2659,-0.0,0.8021,0.746,0.1651,4.6065,0.7539,0.0128,-0.1069,-0.0003,-0.3513,4.0,4.5307,11.0,12.0,skater,,,
8479671,Mathieu Olivier,CBJ,F,867.9333,790.4,1.7333,51.0167,0.1328,1.5761,0.0009,0.0861,-0.053,2.8621,4.605,0.7537,-0.026,-0.1297,0.0165,-0.0797,12.0,10.895,18.0,19.0,skater,,,
8480064,Josh Norris,BUF,F,712.4167,498.1,135.25,1.5,0.9639,0.5554,1.4055,0.0011,0.0702,1.6055,4.6017,0.7531,0.08,-0.077,0.6092,-0.0231,10.0,9.8368,9.0,9.0,skater,,,
8482093,Seth Jarvis,CAR,F,1340.45,913.5,202.9167,109.6833,1.3641,0.012,0.8856,0.6283,1.6564,0.0126,4.5591,0.7461,0.0535,-0.0109,0.2476,-0.3222,27.0,29.7011,19.0,8.0,skater,,,
8475786,Zach Hyman,EDM,F,1163.6333,880.1,199.65,1.45,3.9037,-0.7418,1.379,-0.0,-0.0238,0.0407,4.5578,0.7459,0.2301,0.0405,0.4001,0.0218,27.0,29.3151,13.0,14.0,skater,,,
8477845,Trevor van Riemsdyk,WSH,D,1104.3,963.3,4.8,112.3167,1.1425,1.6368,-0.0014,0.3055,0.4784,0.9904,4.5522,0.745,0.0492,-0.0835,-0.0174,-0.1796,3.0,2.6039,7.0,9.0,skater,,,
8474102,David Perron,DET,F,883.7167,735.9333,119.5167,1.0,-0.008,1.8872,-0.5585,0.0001,0.0871,3.1187,4.5266,0.7408,-0.0367,-0.1639,-0.2947,0.0184,13.0,11.6704,15.0,15.0,skater,,,
8481582,Nick Robertson,TOR,F,989.2667,869.3333,86.1,6.6333,0.448,-1.3013,-0.2661,0.0164,0.6518,4.971,4.5198,0.7397,-0.0052,0.0797,-0.1998,-0.1265,16.0,13.0318,9.0,5.0,skater,,,
8484994,Igor Chernyshov,SJS,F,421.6167,382.7833,31.0667,0.1333,1.5521,-0.4003,0.0619,0.0001,0.0416,3.2434,4.4987,0.7363,0.2072,0.0527,0.1052,-0.0041,9.0,6.6102,3.0,3.0,skater,,,
8483630,Pavol Regenda,SJS,F,320.3667,272.5833,35.2833,3.6167,0.5542,0.1108,-0.0185,0.001,0.0316,3.7914,4.4705,0.7316,0.0859,-0.0345,-0.0458,0.0044,9.0,5.8572,5.0,5.0,skater,,,
8474600,Roman Josi,NSH,D,1697.2833,1260.6333,210.3667,79.6167,2.6671,-0.6947,-0.2834,0.2282,1.5769,0.9701,4.4642,0.7306,0.105,0.0515,-0.0811,-0.1884,13.0,12.9433,18.0,15.0,skater,,,
8484136,Max Sasson,VAN,F,773.45,712.8167,26.7833,9.9167,0.2273,-0.8538,-0.1441,-0.0024,-0.7551,5.981,4.453,0.7288,-0.0169,0.0618,-0.3371,0.0361,12.0,7.5848,7.0,13.0,skater,,,
8479325,Charlie McAvoy,BOS,D,1682.8833,1165.55,200.1,181.7,1.5318,0.4839,0.7348,-0.3521,0.0428,2.0072,4.4485,0.728,0.0569,-0.0065,0.2201,0.0999,11.0,9.8984,23.0,31.0,skater,,,
8476473,Connor Murphy,EDM,D,1409.1333,1152.2,2.4167,204.3833,-2.7149,5.0092,-0.0018,-0.2963,-0.1445,2.5526,4.4043,0.7208,-0.1633,-0.2424,-0.0461,0.0706,5.0,3.2057,17.0,25.0,skater,,,
8477946,Dylan Larkin,DET,F,1498.9667,1031.25,227.8333,106.8167,0.7295,-0.8052,2.58,-0.1091,0.8406,1.1641,4.4,0.7201,0.0064,0.0368,0.6651,0.0828,30.0,31.8706,24.0,19.0,skater,,,
8478469,Thomas Chabot,OTT,D,1287.75,990.5,133.1167,88.6,1.9112,0.1439,0.3609,-0.0227,0.3267,1.6748,4.3947,0.7192,0.0939,0.0097,0.1624,-0.001,7.0,6.0183,6.0,10.0,skater,,,
8480762,Eric Robinson,CAR,F,766.6167,676.6667,3.0833,69.15,0.4682,0.6619,0.0019,0.2,0.3527,2.6872,4.3719,0.7155,0.0054,-0.0688,0.0228,-0.152,11.0,9.8649,6.0,4.0,skater,,,
8478047,Michael Bunting,DAL,F,1071.6167,899.0833,131.65,0.4333,0.664,-0.5673,-0.524,0.0002,2.4613,2.3294,4.3636,0.7141,0.0082,0.0278,-0.2531,-0.0116,14.0,13.8401,27.0,10.0,skater,,,
8476331,Dylan DeMelo,WPG,D,1760.0667,1501.6833,9.8667,172.0167,0.7492,3.0247,-0.0343,-0.4308,0.3727,0.6481,4.3295,0.7086,0.008,-0.1024,-0.2091,0.1339,3.0,3.2991,14.0,20.0,skater,,,
8479351,Sam Steel,DAL,F,1172.5333,941.2333,33.3667,146.55,0.5044,0.9368,-0.0425,0.1442,1.0856,1.6935,4.322,0.7073,-0.0039,-0.0698,-0.0907,-0.0375,12.0,12.6802,18.0,11.0,skater,,,
8476872,Scott Laughton,LAK,F,919.7,731.9167,22.25,125.0333,-0.9651,0.73,0.0092,-0.6409,-0.0479,5.2283,4.3135,0.706,-0.1152,-0.0699,0.0104,0.3291,13.0,9.6337,13.0,14.0,skater,,,
8481598,Philip Broberg,STL,D,1897.0,1484.5,95.45,192.95,1.7383,0.7959,-0.0617,-0.3002,2.9606,-0.8597,4.2732,0.6993,0.0483,-0.0137,-0.039,0.077,6.0,7.8806,20.0,8.0,skater,,,
8481024,Linus Karlsson,VAN,F,988.6167,848.0667,102.2667,2.0333,3.2824,-0.98,-0.5221,-0.003,1.4831,1.0049,4.2654,0.6981,0.1962,0.0593,-0.3206,0.11,15.0,15.9965,21.0,11.0,skater,,,
8477933,Sam Reinhart,FLA,F,1363.6167,872.3,255.0333,120.7,-0.8557,0.811,1.3789,0.7349,0.4116,1.7741,4.2548,0.6963,-0.0949,-0.0659,0.3101,-0.3437,26.0,26.9865,7.0,5.0,skater,,,
8480865,Noah Dobson,MTL,D,1800.7667,1396.4833,108.2833,155.4,1.3401,-2.0801,-0.1316,0.648,0.9548,3.5204,4.2517,0.6958,0.0357,0.1078,-0.0731,-0.2665,12.0,9.4487,15.0,17.0,skater,,,
8475692,Mats Zuccarello,MIN,F,1101.7333,847.6833,194.4667,0.5667,1.8941,-0.5906,1.0174,0.0002,0.8015,1.0488,4.1714,0.6827,0.098,0.0317,0.2996,0.0026,15.0,16.1817,15.0,10.0,skater,,,
8471215,Evgeni Malkin,PIT,F,987.9833,749.5167,169.6333,0.2167,3.1158,-1.3197,1.2627,0.0001,-0.8725,1.9472,4.1336,0.6765,0.2133,0.0956,0.4323,-0.0052,17.0,17.053,17.0,24.0,skater,,,
8479638,Justin Brazeau,PIT,F,809.9,720.9667,65.85,0.4,0.4566,-0.5249,-0.2802,0.0002,0.4956,3.9847,4.132,0.6762,0.0019,0.0336,-0.2696,-0.0091,16.0,13.6549,10.0,7.0,skater,,,
8477476,Artturi Lehkonen,COL,F,1293.7,990.4333,156.7333,79.2667,3.5661,-0.1223,-1.1778,0.6913,0.4047,0.7676,4.1296,0.6758,0.18,-0.0027,-0.4652,-0.5017,21.0,22.8515,10.0,8.0,skater,,,
8481013,Jonatan Berggren,STL,F,706.6667,622.35,58.8,0.3833,0.0085,0.3971,-0.3027,0.0002,0.9011,3.1059,4.1102,0.6727,-0.0353,-0.0484,-0.3232,-0.0104,8.0,6.3247,12.0,6.0,skater,,,
8478507,John Marino,UTA,D,1616.1667,1421.1,6.6,127.8833,0.9139,2.7858,0.0001,-0.5194,1.1057,-0.2046,4.0814,0.668,0.0167,-0.0992,0.0003,0.2273,2.0,3.0744,8.0,8.0,skater,,,
8478450,Parker Wotherspoon,PIT,D,1613.7833,1377.3167,3.8833,178.25,1.1251,1.0996,-0.0014,0.1992,0.6883,0.9443,4.0551,0.6637,0.0271,-0.0294,-0.0226,-0.0834,3.0,2.9241,18.0,21.0,skater,,,
8478851,Alexandre Carrier,MTL,D,1395.15,1111.8833,1.8,207.55,0.7052,0.0713,-0.0004,-1.058,-0.0155,4.3251,4.0277,0.6592,0.0161,0.0146,-0.014,0.2895,7.0,3.4257,9.0,16.0,skater,,,
8480185,Eetu Luostarinen,FLA,F,1210.9,946.3333,78.9667,135.3,0.5207,1.5206,0.001,0.8882,1.5051,-0.4408,3.9947,0.6538,-0.0031,-0.1065,-0.0135,-0.3723,10.0,12.8923,25.0,15.0,skater,,,
8477501,Valeri Nichushkin,COL,F,1276.2,942.5333,133.1,122.4,3.0335,0.9052,0.1638,1.1555,1.2344,-2.508,3.9844,0.6521,0.157,-0.0677,0.0595,-0.5449,15.0,20.0916,16.0,8.0,skater,,,
8477021,Alexander Kerfoot,UTA,F,435.2667,356.5333,12.75,50.85,-0.2979,0.4594,-0.0246,0.0421,-0.5113,4.3142,3.9819,0.6517,-0.0862,-0.0874,-0.1302,-0.0281,6.0,2.5669,5.0,9.0,skater,,,
8479398,Samuel Girard,PIT,D,1086.0167,997.8333,5.4167,54.2167,2.0864,1.0984,-0.0005,-0.0512,0.0502,0.7696,3.9529,0.6469,0.1035,-0.0476,-0.0056,0.0403,3.0,2.8148,5.0,10.0,skater,,,
8476483,Rickard Rakell,PIT,F,1141.1167,825.2333,184.0333,34.8667,1.2625,-0.86,1.3358,0.0238,1.0825,1.1076,3.9523,0.6468,0.0557,0.0524,0.4212,-0.0195,23.0,24.2026,11.0,4.0,skater,,,
8476419,Jean-Gabriel Pageau,NYI,F,1159.7333,879.5833,24.9333,168.3833,0.0672,-1.8872,-0.1504,-1.1881,0.3915,6.6789,3.9119,0.6402,-0.0315,0.1187,-0.3763,0.4449,16.0,11.669,4.0,2.0,skater,,,
8483425,Lian Bichsel,DAL,D,784.4667,715.6333,0.55,44.8333,-0.3053,0.8745,-0.0001,0.186,-0.0176,3.1399,3.8775,0.6346,-0.0475,-0.0549,-0.0148,-0.2653,4.0,1.2823,13.0,17.0,skater,,,
8482737,Zachary Bolduc,MTL,F,1064.0833,913.9833,123.8667,0.6667,1.7373,1.4539,-0.2758,0.0004,1.352,-0.4022,3.8657,0.6327,0.078,-0.1055,-0.1479,-0.0182,12.0,14.5564,23.0,14.0,skater,,,
8479675,Trevor Moore,LAK,F,1154.2833,930.3167,50.0167,115.9833,1.0746,0.8272,0.1889,0.582,0.2524,0.9359,3.8611,0.6319,0.0332,-0.0634,0.2123,-0.2795,12.0,13.4009,5.0,4.0,skater,,,
8477942,Kevin Fiala,LAK,F,1070.8,806.45,173.45,1.7667,1.087,1.2593,0.2761,0.0014,0.2442,0.9531,3.821,0.6253,0.0448,-0.1038,0.0812,-0.0266,18.0,19.2147,18.0,17.0,skater,,,
8475791,Taylor Hall,CAR,F,1162.3667,994.4833,130.0833,0.8833,3.4901,-1.1403,0.6527,0.0005,1.3617,-0.5716,3.7932,0.6208,0.1745,0.0587,0.2868,-0.0115,17.0,19.9248,26.0,17.0,skater,,,
8475745,Charlie Coyle,CBJ,F,1486.2,1044.8,159.1667,164.25,1.2139,0.0975,0.577,-1.9816,2.225,1.6569,3.7888,0.6201,0.0336,-0.0157,0.2032,0.7454,18.0,19.3519,22.0,7.0,skater,,,
8475726,Tyler Toffoli,SJS,F,1185.0667,909.2833,219.3333,0.2333,-0.4278,1.3906,1.9203,0.0001,0.2554,0.6347,3.7733,0.6175,-0.0643,-0.1018,0.511,-0.0061,19.0,20.7644,6.0,5.0,skater,,,
8480220,Noah Cates,PHI,F,1334.4,962.2667,165.6833,134.2667,-1.7563,2.7969,0.0649,1.5644,0.1316,0.9696,3.7711,0.6172,-0.1456,-0.1845,0.0092,-0.6775,17.0,18.7319,14.0,14.0,skater,,,
8476873,Mark Jankowski,CAR,F,760.25,650.2333,17.4333,66.9167,0.9889,2.1373,0.0008,0.0905,-0.4793,1.021,3.7593,0.6152,0.0552,-0.2073,-0.0114,-0.0596,10.0,10.5181,3.0,7.0,skater,,,
8484186,Ryan Leonard,WSH,F,1081.0167,874.8833,172.6,0.4167,0.4132,-2.1777,0.509,0.0002,1.4923,3.5042,3.7412,0.6123,-0.0077,0.1393,0.1626,-0.0071,20.0,18.6843,31.0,21.0,skater,,,
8478038,Devon Toews,COL,D,1521.0833,1181.1333,92.25,156.7833,5.2999,1.8205,-0.8965,0.8496,-0.0679,-3.2734,3.7322,0.6108,0.2473,-0.074,-0.5833,-0.3415,3.0,7.092,8.0,16.0,skater,,,
8482079,Marco Rossi,VAN,F,873.75,669.8167,112.6333,22.35,-0.1779,-1.4184,-0.7408,-0.0031,0.779,5.2911,3.7299,0.6104,-0.052,0.117,-0.409,0.0298,12.0,8.4778,10.0,5.0,skater,,,
8475166,John Tavares,TOR,F,1490.6167,1146.1833,213.9167,1.4833,2.8008,-0.6198,1.3669,0.0016,0.5627,-0.3888,3.7234,0.6094,0.1105,0.0224,0.3691,-0.0413,29.0,32.4065,16.0,13.0,skater,,,
8478397,Rasmus Andersson,VGK,D,1882.5,1426.9667,151.7167,169.9833,-1.3973,1.2768,-0.4979,-0.3772,0.1794,4.5235,3.7072,0.6067,-0.0807,-0.0352,-0.1971,0.1168,16.0,12.4896,21.0,29.0,skater,,,
8481553,Bobby Brink,MIN,F,1030.8333,863.55,133.2167,1.75,-0.4721,1.3054,0.2763,0.0004,0.5173,2.0378,3.6651,0.5998,-0.0689,-0.1008,0.1101,0.0084,14.0,14.0491,14.0,11.0,skater,,,
8473994,Jamie Benn,DAL,F,798.9,666.1667,87.9333,1.5,0.0833,-0.0088,-0.2362,0.0004,-1.9997,5.778,3.617,0.592,-0.0286,-0.0093,-0.1755,0.0044,14.0,9.8394,7.0,22.0,skater,,,
8482476,Emil Heineman,NYI,F,1365.4167,1086.65,131.25,46.3833,-0.6494,-1.3494,-0.2898,0.2083,0.8275,4.7166,3.4637,0.5669,-0.0719,0.0644,-0.1468,-0.2478,21.0,19.0477,14.0,9.0,skater,,,
8473986,Alex Killorn,ANA,F,1370.65,1004.0667,118.5167,185.25,2.5915,-0.3123,-0.6278,0.2,0.4123,1.1886,3.4522,0.565,0.1188,0.0086,-0.3322,-0.0432,15.0,16.5863,17.0,15.0,skater,,,
8476905,Chandler Stephenson,SEA,F,1551.45,1093.0667,201.1333,138.8667,-2.3889,-3.9199,0.9354,-0.8711,0.9844,8.7113,3.4512,0.5648,-0.1672,0.2051,0.2647,0.3979,15.0,9.4296,13.0,7.0,skater,,,
8478057,Dakota Joshua,TOR,F,673.65,615.1,14.2167,31.4333,-0.1974,0.8778,-0.0219,-0.0516,0.205,2.6082,3.4202,0.5597,-0.0553,-0.0957,-0.1066,0.1201,10.0,8.7556,16.0,15.0,skater,,,
8478421,A.J. Greer,FLA,F,969.45,902.6833,9.2667,43.5833,1.2431,1.5436,0.0084,-0.2671,-0.8744,1.7595,3.4132,0.5586,0.0466,-0.1127,0.0401,0.3892,15.0,15.2031,29.0,36.0,skater,,,
8477450,Jason Dickinson,EDM,F,996.1667,825.0667,5.8333,131.8333,0.0083,1.6974,-0.0108,0.3931,-0.1789,1.4983,3.4074,0.5577,-0.0355,-0.1335,-0.1249,-0.1574,7.0,7.5184,8.0,10.0,skater,,,
8483752,Dominic James,TBL,F,526.5667,478.75,27.7833,2.8167,0.5801,-0.1701,-0.0424,0.0026,1.1605,1.8758,3.4064,0.5575,0.0366,0.0112,-0.1059,-0.0336,7.0,6.1903,12.0,4.0,skater,,,
8478874,Adam Gaudette,SJS,F,758.1333,676.8833,64.05,0.6833,0.3563,-0.6419,-0.4548,0.0003,-0.4795,4.5485,3.3289,0.5448,-0.0045,0.0468,-0.4404,-0.0055,15.0,11.9864,6.0,10.0,skater,,,
8484158,Easton Cowan,TOR,F,972.5167,826.0167,102.35,0.1167,0.8043,-0.0166,-0.3747,0.0,0.373,2.5329,3.319,0.5432,0.0223,-0.0089,-0.234,-0.0032,11.0,10.4359,18.0,16.0,skater,,,
8475168,Matt Duchene,DAL,F,941.05,733.55,128.4833,0.8833,0.2168,-1.1594,0.211,0.0006,0.6471,3.3748,3.2909,0.5386,-0.0183,0.0848,0.0842,-0.0204,15.0,13.5303,8.0,4.0,skater,,,
8482803,Olen Zellweger,ANA,D,1294.8,1097.3667,56.8667,65.9,2.9245,0.3699,-0.0414,0.2728,0.7473,-1.0151,3.258,0.5332,0.138,-0.0018,-0.044,-0.2647,7.0,8.7119,16.0,17.0,skater,,,
8474716,Jared Spurgeon,MIN,D,1549.4,1241.8333,114.75,128.3667,-0.3101,2.3301,-0.6435,-1.2426,1.1986,1.9218,3.2543,0.5326,-0.0369,-0.0941,-0.3367,0.5644,6.0,4.912,7.0,6.0,skater,,,
8481596,Shane Pinto,OTT,F,1347.6833,956.8667,128.55,153.15,0.8751,1.4572,-0.3289,0.6011,-0.1442,0.789,3.2493,0.5318,0.0188,-0.1014,-0.1678,-0.2139,19.0,20.9393,19.0,21.0,skater,,,
8476892,Colton Parayko,STL,D,1712.3,1430.2833,16.6833,182.85,-0.7122,4.0037,-0.0813,-0.6015,1.7257,-1.0985,3.2359,0.5296,-0.0518,-0.1495,-0.2926,0.181,4.0,6.0201,14.0,10.0,skater,,,
8475149,Marcus Johansson,MIN,F,1158.4,954.65,93.15,48.1333,0.7261,-0.3645,-0.7141,0.1204,0.8071,2.6519,3.2268,0.5281,0.0096,0.0128,-0.4743,-0.1285,14.0,13.6932,11.0,6.0,skater,,,
8479318,Auston Matthews,TOR,F,1248.2333,912.6333,159.7667,66.3667,2.1806,0.4771,0.9935,0.27,0.5388,-1.2395,3.2203,0.527,0.1073,-0.0414,0.3588,-0.2225,24.0,27.7666,12.0,9.0,skater,,,
8481133,Cole Reinhardt,FLA,F,628.3,612.8,3.6333,5.4,-1.0792,0.3354,-0.0027,0.0053,0.4777,3.4684,3.2048,0.5245,-0.1417,-0.0429,-0.0587,-0.0377,9.0,6.8036,12.0,9.0,skater,,,
8482765,Isak Rosen,WPG,F,438.5833,349.8333,56.9,0.0,-0.2718,0.2885,-0.1906,0.0,0.5975,2.7497,3.1733,0.5193,-0.0827,-0.0596,-0.2153,0.0,6.0,4.1382,4.0,0.0,skater,,,
8473512,Claude Giroux,OTT,F,1337.3667,976.3667,168.5833,109.4,2.5877,1.8742,0.0832,0.1584,0.409,-1.9537,3.1589,0.517,0.1229,-0.1253,0.0153,-0.0653,10.0,14.6612,13.0,11.0,skater,,,
8479314,Matthew Tkachuk,FLA,F,567.3833,411.4333,101.5667,9.0667,0.8237,-0.1807,1.1412,-0.0135,0.4716,0.8639,3.1063,0.5084,0.084,0.0163,0.6598,0.1106,11.0,11.2848,19.0,16.0,skater,,,
8476853,Morgan Rielly,TOR,D,1648.6667,1321.5167,176.05,52.4,2.474,-3.424,0.484,-0.163,0.4351,3.2652,3.0713,0.5027,0.0904,0.1739,0.1647,0.1702,11.0,8.622,8.0,13.0,skater,,,
8471685,Anze Kopitar,LAK,F,1281.1333,945.5167,181.15,41.3,-0.2043,1.8467,0.2287,-0.105,0.542,0.7513,3.0594,0.5007,-0.049,-0.1273,0.0614,0.1741,12.0,13.8423,8.0,5.0,skater,,,
8478046,Danton Heinen,CBJ,F,523.8167,494.1667,5.6,9.05,0.1332,1.6638,-0.0009,0.0272,-0.5026,1.6831,3.0038,0.4916,-0.0199,-0.2121,-0.0238,-0.1588,6.0,5.3774,4.0,8.0,skater,,,
8475324,Nick Jensen,OTT,D,1037.5333,951.8,3.1167,46.3667,1.0391,-0.8197,-0.0011,-0.0408,0.2941,2.5094,2.9811,0.4879,0.0436,0.0701,-0.0219,0.0365,4.0,2.0489,3.0,6.0,skater,,,
8480980,Connor Dewar,PIT,F,1088.0833,844.4,2.3,205.5667,1.2604,-0.2588,0.0008,0.7415,1.493,-0.2693,2.9675,0.4857,0.0535,0.0083,0.0054,-0.1949,10.0,12.4721,18.0,8.0,skater,,,
8479983,Mario Ferraro,SJS,D,1725.5667,1388.5167,4.5667,267.75,-0.9816,1.64,-0.0047,-0.7619,0.3491,2.6831,2.9241,0.4786,-0.0643,-0.0524,-0.0616,0.1544,6.0,4.2455,10.0,16.0,skater,,,
8481716,Dmitri Voronkov,CBJ,F,878.2167,728.4333,122.5833,0.35,1.0292,-0.085,-0.0364,0.0002,-2.269,4.269,2.908,0.4759,0.0487,-0.0031,-0.0321,-0.0098,17.0,14.5089,7.0,24.0,skater,,,
8482877,Jaroslav Chmelar,NYR,F,256.2333,252.1333,2.0167,0.05,0.014,-0.1335,0.0022,0.0,0.8567,2.1653,2.9048,0.4754,-0.0327,0.0217,0.052,-0.0012,4.0,2.3534,10.0,4.0,skater,,,
8480840,Oskar Bäck,DAL,F,895.8,710.5833,1.6667,157.6333,-0.7464,1.9299,-0.0008,0.2875,0.6426,0.7585,2.8712,0.4699,-0.0991,-0.173,-0.0437,-0.0879,5.0,6.055,9.0,5.0,skater,,,
8481789,Tye Kartye,NYR,F,766.8667,664.5,2.2667,82.75,-1.2814,-0.0657,0.0025,-0.0431,0.907,3.2336,2.753,0.4506,-0.1518,-0.0041,0.0527,0.0528,8.0,6.3189,17.0,11.0,skater,,,
8481522,Peyton Krebs,BUF,F,1146.5167,1051.3667,6.2167,9.5333,-0.0705,0.5673,-0.0047,-0.0061,0.9445,1.3178,2.7483,0.4498,-0.0401,-0.0425,-0.0597,0.0596,7.0,8.0033,27.0,21.0,skater,,,
8482809,Jackson Blake,CAR,F,1337.5333,1087.0333,167.9833,2.5167,5.1257,-0.6151,0.681,0.0021,0.5476,-3.0092,2.7321,0.4471,0.2468,0.0239,0.2289,-0.0295,22.0,27.717,23.0,20.0,skater,,,
8477935,Sam Bennett,FLA,F,1405.4333,1005.0833,239.6,63.3,2.8185,-1.6158,2.2766,0.135,-2.0785,1.1917,2.7275,0.4464,0.1322,0.0864,0.5558,-0.1064,26.0,27.6536,14.0,30.0,skater,,,
8479359,Beck Malenstyn,BUF,F,924.65,739.5167,1.2667,140.05,-2.0561,1.3224,-0.0001,0.5528,1.4768,1.3836,2.6795,0.4385,-0.2029,-0.1174,-0.0179,-0.2153,7.0,7.4883,21.0,11.0,skater,,,
8476958,Jaccob Slavin,CAR,D,831.1,658.8833,3.95,105.0833,0.0732,2.246,-0.0019,0.4533,0.5686,-0.776,2.5632,0.4195,-0.0152,-0.1861,-0.0293,-0.2752,1.0,2.2233,2.0,2.0,skater,,,
8480012,Elias Pettersson,VAN,F,1407.1667,984.6,214.8333,60.9167,0.0645,-0.9353,1.3542,-0.056,2.0787,0.0469,2.5531,0.4178,-0.0321,0.0469,0.3639,0.0767,15.0,17.8019,24.0,10.0,skater,,,
8474037,James van Riemsdyk,DET,F,846.8667,682.9,128.9833,0.0,0.7146,-0.5713,1.0652,0.0,0.3606,0.9832,2.5523,0.4177,0.0267,0.0401,0.4812,0.0,15.0,15.7313,9.0,7.0,skater,,,
8482726,Samuel Helenius,LAK,F,422.9167,417.1667,1.0333,0.55,-0.6902,0.7355,-0.0002,0.0002,0.3188,2.1878,2.552,0.4177,-0.1353,-0.1159,-0.027,0.0019,5.0,3.6684,13.0,11.0,skater,,,
8479390,Taylor Raddysh,NYR,F,806.9667,713.0667,26.15,52.45,-1.1058,0.6872,0.1256,-0.283,-0.3361,3.4506,2.5385,0.4154,-0.1291,-0.0679,0.2739,0.3453,9.0,7.1831,3.0,6.0,skater,,,
8482245,Artem Zub,OTT,D,1685.2,1365.3833,8.3167,218.75,-1.8453,2.9711,-0.0142,0.9335,-1.6184,2.1117,2.5383,0.4154,-0.103,-0.1121,-0.1026,-0.2724,5.0,3.7952,7.0,27.0,skater,,,
8484185,Nick Lardis,CHI,F,519.5167,437.3833,57.8833,0.1,0.0442,-0.6005,-0.3452,0.0,0.1898,3.232,2.5203,0.4125,-0.03,0.0723,-0.3721,-0.0025,10.0,7.8198,6.0,5.0,skater,,,
8476372,Nick Seeler,PHI,D,1419.6,1209.3167,3.0167,154.5667,0.423,1.2558,-0.0039,0.3598,0.5555,-0.116,2.4741,0.4049,-0.0009,-0.0439,-0.0786,-0.156,3.0,3.88,13.0,16.0,skater,,,
8476469,Joel Armia,LAK,F,942.15,777.5333,44.8,90.2667,-0.9766,0.6123,0.0694,0.5025,-1.1542,3.3941,2.4475,0.4006,-0.1114,-0.0573,0.0787,-0.3125,11.0,9.5133,6.0,15.0,skater,,,
8481655,Cole Schwindt,FLA,F,291.9667,256.1167,6.6167,21.7167,0.0114,0.3504,-0.0017,0.0313,0.0288,2.0253,2.4455,0.4002,-0.0334,-0.0922,-0.0299,-0.0649,5.0,3.5658,1.0,1.0,skater,,,
8482665,Matty Beniers,SEA,F,1582.4833,1209.9833,209.3333,43.15,-0.9148,0.3852,0.717,0.2114,1.6803,0.3584,2.4375,0.3989,-0.0814,-0.0292,0.1912,-0.2724,20.0,22.8453,20.0,9.0,skater,,,
8477478,William Carrier,CAR,F,752.7667,734.8833,2.0667,3.2667,0.5246,1.9525,0.0,0.0033,0.7671,-0.8362,2.4112,0.3946,0.0068,-0.1695,-0.0136,-0.0381,7.0,9.3602,14.0,9.0,skater,,,
8480459,Pius Suter,STL,F,1019.4667,799.1333,71.7,104.6,1.2599,0.3613,-0.0143,0.696,-0.1766,0.2713,2.3977,0.3924,0.0585,-0.0372,-0.0263,-0.3777,11.0,12.7926,8.0,10.0,skater,,,
8480289,Morgan Barron,WPG,F,832.35,685.6667,2.4167,114.6,0.1964,0.199,-0.0017,-0.2732,0.0821,2.1663,2.3688,0.3877,-0.0189,-0.0275,-0.0576,0.1646,11.0,10.5188,14.0,14.0,skater,,,
8481006,Tyler Tucker,STL,D,990.8667,901.2333,2.3833,75.0167,0.8806,1.2154,-0.0005,-0.2159,0.4008,0.0729,2.3533,0.3851,0.0367,-0.0625,-0.012,0.1563,3.0,3.4604,22.0,24.0,skater,,,
8481219,Jonathan Aspirot,BOS,D,1021.95,933.5333,1.35,66.5667,1.0782,1.0458,-0.0006,-0.202,-0.4094,0.8273,2.3393,0.3828,0.0474,-0.0488,-0.0266,0.1657,3.0,2.7227,9.0,17.0,skater,,,
8482126,Emil Andrae,PHI,D,941.8333,869.25,23.6333,11.4833,0.6933,1.516,-0.0096,-0.0127,0.7829,-0.6333,2.3366,0.3824,0.0259,-0.0862,-0.0245,0.0502,2.0,3.1401,12.0,11.0,skater,,,
8478440,Dylan Strome,WSH,F,1446.0,1081.2,235.9333,3.2667,2.0049,-3.5526,2.2161,0.0036,-0.6888,2.3471,2.3304,0.3814,0.0752,0.1871,0.5493,-0.0451,19.0,19.5803,11.0,17.0,skater,,,
8475784,Jeff Skinner,SJS,F,394.95,333.3833,54.05,0.0,0.1099,-0.3778,0.1422,0.0,1.1475,1.2776,2.2993,0.3763,-0.0163,0.0579,0.1435,0.0,6.0,5.522,15.0,7.0,skater,,,
8481523,Kirby Dach,MTL,F,505.9,438.85,50.4833,0.7833,0.1484,-0.4163,-0.2034,0.0006,0.327,2.4124,2.2687,0.3713,-0.0158,0.0468,-0.2561,-0.0211,8.0,6.6117,16.0,14.0,skater,,,
8480878,Nils Lundkvist,DAL,D,858.9667,812.2833,5.4667,5.2167,-0.2231,1.017,-0.0055,0.0065,0.172,1.2746,2.2415,0.3668,-0.0384,-0.0567,-0.061,-0.0912,3.0,2.1877,5.0,8.0,skater,,,
8480074,Alexandre Texier,MTL,F,697.25,609.6333,49.6167,11.6667,1.0909,-0.3131,-0.1031,0.0045,0.0688,1.493,2.241,0.3668,0.0713,0.0207,-0.1389,-0.0015,8.0,7.9186,8.0,8.0,skater,,,
8476854,Hampus Lindholm,BOS,D,1449.5667,1073.45,95.35,169.25,0.8392,2.2209,-0.2641,0.6424,-1.3639,0.1625,2.2369,0.3661,0.025,-0.1057,-0.1664,-0.2441,5.0,5.6176,10.0,27.0,skater,,,
8476458,Ryan Strome,CGY,F,691.25,596.2667,64.3667,3.6333,0.7639,0.1062,-0.5269,0.0032,-0.7632,2.6441,2.2273,0.3645,0.0408,-0.0208,-0.5054,-0.0319,8.0,6.7554,8.0,14.0,skater,,,
8475842,Sam Carrick,BUF,F,765.15,679.55,0.9833,71.05,-0.1686,0.003,-0.0002,-0.0094,-0.0631,2.4277,2.1894,0.3583,-0.051,-0.0103,-0.0258,0.0295,8.0,7.1213,18.0,19.0,skater,,,
8477407,Anthony Duclair,NYI,F,818.95,716.1333,73.8667,0.15,-1.0324,-2.1596,-0.0612,0.0001,0.0808,5.3549,2.1826,0.3572,-0.1226,0.1709,-0.064,-0.0045,12.0,8.3031,6.0,6.0,skater,,,
8484223,Axel Sandin-Pellikka,DET,D,1102.3333,925.2333,117.6333,19.5333,-0.3586,-0.9176,-0.19,0.0186,0.1999,3.4269,2.1791,0.3566,-0.0452,0.078,-0.0971,-0.0734,7.0,4.1664,5.0,9.0,skater,,,
8482775,Oliver Kapanen,MTL,F,1186.9167,929.6667,78.1333,127.75,0.9331,-3.729,-0.001,0.7745,-0.2987,4.4792,2.1582,0.3532,0.0241,0.2306,-0.0151,-0.3422,21.0,18.9237,8.0,11.0,skater,,,
8483573,Ethen Frank,WSH,F,758.6833,653.65,91.0167,1.4833,0.4029,0.0702,0.0259,0.0015,0.2134,1.4199,2.1338,0.3492,0.0009,-0.0165,0.0028,-0.0375,11.0,11.116,10.0,9.0,skater,,,
8479400,Pierre-Luc Dubois,WSH,F,487.8333,379.95,63.9333,5.3333,0.6098,-0.2172,-0.215,0.0091,1.4338,0.5128,2.1332,0.3491,0.0602,0.0242,-0.2161,-0.081,5.0,5.4748,12.0,2.0,skater,,,
8475764,Cam Fowler,STL,D,1730.0167,1417.2333,126.45,93.3667,1.8718,-0.9178,0.0627,0.3856,0.7679,-0.0428,2.1273,0.3482,0.0573,0.0573,0.0295,-0.2642,4.0,4.9739,4.0,7.0,skater,,,
8480835,Jack Drury,COL,F,1188.2,969.9667,16.8667,164.15,0.0554,3.8298,-0.0066,-1.3586,0.1172,-0.5166,2.1206,0.3471,-0.0326,-0.247,-0.0377,0.5182,9.0,11.922,14.0,14.0,skater,,,
8484387,Matvei Michkov,PHI,F,1206.65,960.1333,158.7,0.1333,1.0289,0.5568,0.1328,0.0001,-1.9595,2.3613,2.1203,0.347,0.0282,-0.0449,0.0359,-0.0034,18.0,18.0816,18.0,33.0,skater,,,
8483495,Simon Nemec,NJD,D,1345.2167,1175.7667,81.6833,20.3167,0.8021,-2.2609,-0.5354,0.0016,0.2275,3.8762,2.1111,0.3455,0.019,0.1338,-0.3935,-0.0212,10.0,6.8477,8.0,13.0,skater,,,
8480196,Jacob Bryson,WPG,D,543.9,524.05,0.05,13.6333,-0.1884,0.9425,-0.0,0.0027,0.2335,1.1127,2.1031,0.3442,-0.0435,-0.0895,-0.0017,-0.0284,2.0,1.18,4.0,5.0,skater,,,
8476927,Teddy Blueger,VAN,F,577.9333,494.6167,4.0333,61.45,-0.2018,-0.637,-0.001,-0.0096,-0.6358,3.524,2.0387,0.3337,-0.0606,0.0672,-0.0291,0.031,8.0,5.646,3.0,8.0,skater,,,
8475794,Tyler Seguin,DAL,F,449.8667,359.0,51.45,7.7667,-0.3455,-0.4189,0.0412,0.0148,0.3215,2.3942,2.0072,0.3285,-0.0938,0.0599,0.0337,-0.0929,7.0,5.5166,3.0,1.0,skater,,,
8479576,Vincent Desharnais,SJS,D,965.1167,760.8167,2.5167,166.5333,-1.6695,3.353,-0.0027,0.4359,-0.4483,0.3361,2.0046,0.3281,-0.1536,-0.246,-0.0642,-0.1734,1.0,1.1833,11.0,19.0,skater,,,
8484210,Gabe Perreault,NYR,F,783.3333,695.7,60.8333,0.0,0.7633,-1.0946,-0.1258,0.0,-0.1999,2.6219,1.9649,0.3216,0.0298,0.0843,-0.1383,0.0,11.0,9.9639,3.0,5.0,skater,,,
8481525,Matthew Robertson,NYR,D,1256.4333,1105.4333,4.1833,105.35,0.1097,0.1138,-0.0062,-0.2216,-1.2189,3.1766,1.9535,0.3197,-0.016,0.0123,-0.0887,0.1099,6.0,3.4995,4.0,19.0,skater,,,
8474141,Patrick Kane,DET,F,1188.25,905.3,198.3833,0.3833,2.9131,-0.7271,1.5158,0.0002,-0.2985,-1.4546,1.9489,0.319,0.157,0.0381,0.4441,-0.0099,14.0,17.8602,5.0,8.0,skater,,,
8483490,Pavel Mintyukov,ANA,D,1346.2167,1085.5667,55.4,160.15,1.2173,-1.8097,-0.1544,-0.6187,2.0295,1.252,1.916,0.3136,0.0454,0.1185,-0.1674,0.2155,7.0,6.4725,15.0,7.0,skater,,,
8479414,Nathan Bastian,DAL,F,311.2,307.0833,0.5333,0.0,0.3298,-0.2011,-0.0,0.0,-0.5236,2.2994,1.9046,0.3117,0.0284,0.0292,-0.0148,0.0,6.0,4.3306,5.0,9.0,skater,,,
8470621,Corey Perry,TBL,F,985.9333,772.9,152.3333,0.0,-0.6901,0.4563,-0.1915,0.0,-0.1799,2.5079,1.9027,0.3114,-0.0896,-0.0455,-0.0897,0.0,16.0,15.4881,21.0,23.0,skater,,,
8478873,Troy Terry,ANA,F,1129.0,795.1,177.9,55.9333,2.7207,-0.2534,0.1357,0.0154,0.9427,-1.6809,1.8802,0.3077,0.1692,0.009,0.0315,0.0051,17.0,20.9666,13.0,7.0,skater,,,
8478449,Roope Hintz,DAL,F,919.1,657.4333,155.5167,29.1667,0.0588,1.7549,2.1706,0.0089,0.6449,-2.7579,1.8802,0.3077,-0.0307,-0.1702,0.8231,0.0032,13.0,17.6186,13.0,9.0,skater,,,
8475170,Brayden Schenn,NYI,F,1342.7833,1080.0167,171.8333,7.4333,0.915,-1.3698,-0.2776,0.0177,-0.2833,2.8752,1.8772,0.3072,0.0148,0.066,-0.1112,-0.1217,18.0,17.8433,17.0,20.0,skater,,,
8481056,Spencer Stastney,EDM,D,1023.4833,896.9167,3.7,94.6667,0.2569,0.6045,-0.003,0.3107,0.5616,0.135,1.8657,0.3053,-0.0047,-0.022,-0.0489,-0.2133,2.0,2.4158,9.0,10.0,skater,,,
8482155,Alex Laferriere,LAK,F,1502.3167,1145.3833,135.9,131.3833,0.8527,-0.7141,0.0678,0.3446,1.1181,0.1943,1.8634,0.305,0.0086,0.0273,0.0156,-0.1358,20.0,22.8471,16.0,9.0,skater,,,
8483516,Jimmy Snuggerud,STL,F,1172.2333,955.0833,155.1167,1.5,0.9247,-2.1849,1.1514,0.001,0.8084,1.1608,1.8614,0.3046,0.022,0.1272,0.431,-0.0183,20.0,21.2124,14.0,9.0,skater,,,
8484145,Zach Benson,BUF,F,1045.8167,824.8833,107.25,58.6333,2.393,0.3346,0.4056,0.5896,0.796,-2.6742,1.8445,0.3019,0.138,-0.0344,0.2126,-0.5818,10.0,14.7915,21.0,16.0,skater,,,
8480068,Ryan Poehling,ANA,F,1134.7667,867.6667,23.4667,177.1167,0.7586,-1.8665,0.091,-0.6431,1.359,2.1412,1.8402,0.3012,0.0164,0.119,0.2184,0.2394,10.0,10.1561,15.0,6.0,skater,,,
8481481,Blake Lizotte,PIT,F,763.1,600.7667,2.3167,129.6833,0.868,0.2208,0.0006,0.8978,0.2138,-0.3668,1.8343,0.3002,0.0506,-0.0321,0.0007,-0.3938,4.0,5.9116,11.0,10.0,skater,,,
8485402,Michael Misa,SJS,F,576.4833,510.6833,52.4667,0.3833,0.8655,-0.6682,-0.3196,0.0002,0.0568,1.8991,1.8339,0.3001,0.0656,0.0684,-0.3798,-0.0107,9.0,8.268,5.0,5.0,skater,,,
8482929,Emil Lilleberg,TBL,D,865.4,760.0,1.2833,78.8,0.1108,0.6528,-0.0,0.0932,-0.5165,1.4911,1.8314,0.2997,-0.0132,-0.0331,-0.0021,-0.0873,4.0,2.9746,18.0,26.0,skater,,,
8484166,Adam Fantilli,CBJ,F,1554.5833,1226.55,201.05,12.7667,3.4521,-3.1353,1.2071,-0.0189,0.9847,-0.6588,1.8308,0.2996,0.1328,0.1433,0.3459,0.1105,23.0,26.806,22.0,16.0,skater,,,
8477953,Kasperi Kapanen,EDM,F,598.2167,536.0167,10.6167,40.8833,-0.6704,0.378,-0.0214,0.1479,-0.4953,2.4513,1.79,0.293,-0.1111,-0.0524,-0.1352,-0.1955,7.0,5.7598,3.0,7.0,skater,,,
8482762,Simon Edvinsson,DET,D,1612.9333,1387.0167,17.5333,108.85,0.61,-0.3786,-0.039,-0.3653,-0.8365,2.7941,1.7847,0.2921,0.0045,0.0348,-0.1335,0.185,7.0,5.0739,16.0,30.0,skater,,,
8483525,Danila Yurov,MIN,F,970.7167,887.9167,44.6,17.7833,-0.3277,0.17,0.0131,0.0423,0.0957,1.7881,1.7815,0.2916,-0.0582,-0.0216,0.0033,-0.1212,12.0,12.1771,14.0,14.0,skater,,,
8477987,Ryan Donato,CHI,F,1208.4,1046.9333,114.4167,0.1167,-0.0867,-0.1372,-0.2076,0.0,0.5349,1.6497,1.7531,0.2869,-0.041,-0.0022,-0.1232,-0.0028,15.0,15.7967,21.0,18.0,skater,,,
8476874,Olli Maatta,CGY,D,745.4167,658.7,1.9667,48.1333,0.2218,0.5002,-0.0011,0.1131,0.6485,0.2687,1.7513,0.2866,-0.0017,-0.0271,-0.0324,-0.1574,2.0,2.1325,3.0,2.0,skater,,,
8477365,Connor Clifton,PIT,D,838.8833,724.7333,0.5667,96.8833,0.9136,1.609,-0.0,0.0272,-1.366,0.5407,1.7245,0.2822,0.0537,-0.1148,-0.004,-0.0332,2.0,1.9108,5.0,19.0,skater,,,
8478859,Niko Mikkola,FLA,D,1385.2833,1163.6667,9.2,152.75,-1.2437,0.4383,-0.0112,1.7926,0.6706,0.0664,1.7131,0.2804,-0.086,-0.0041,-0.0733,-0.7205,3.0,3.6791,20.0,22.0,skater,,,
8481624,Ilya Mikheyev,CHI,F,1342.3333,1091.7833,4.1,193.3833,-0.5491,-3.0506,-0.0047,1.0977,0.8252,3.3925,1.711,0.28,-0.0663,0.1576,-0.0831,-0.319,16.0,15.325,14.0,9.0,skater,,,
8478493,Joel Eriksson Ek,MIN,F,1337.9333,883.25,227.8,100.9167,0.3187,0.4487,0.5809,-0.2324,0.5476,0.0341,1.6976,0.2778,-0.0144,-0.0406,0.1387,0.1598,18.0,20.6745,19.0,16.0,skater,,,
8483570,Ben Meyers,SEA,F,620.7833,527.75,3.1167,82.4667,1.3796,-0.4012,-0.0005,-0.2063,0.4769,0.4339,1.6824,0.2753,0.1208,0.0355,-0.0245,0.1717,7.0,7.8229,8.0,5.0,skater,,,
8476461,Sean Couturier,PHI,F,1300.6833,991.25,63.35,173.1333,1.3288,1.5138,-0.014,-0.1912,-0.1489,-0.8277,1.6609,0.2718,0.0444,-0.1017,-0.0276,0.0878,10.0,13.461,13.0,15.0,skater,,,
8481725,Elmer Soderblom,PIT,F,658.5667,628.6167,10.0,4.25,0.2611,0.8702,-0.0089,-0.0114,0.6192,-0.0694,1.6608,0.2718,-0.0112,-0.0931,-0.0674,0.1823,7.0,8.4027,14.0,10.0,skater,,,
8478476,Kyle Capobianco,DAL,D,400.8667,377.4,13.0167,0.3,0.8198,-0.3522,-0.0092,-0.0,0.1357,1.0521,1.6461,0.2694,0.1084,0.0744,-0.0425,-0.0072,2.0,1.1637,3.0,4.0,skater,,,
8477454,Adam Erne,DAL,F,450.3,442.3,1.0667,1.6,-0.0625,0.6218,-0.0002,0.0003,0.183,0.8568,1.599,0.2617,-0.0446,-0.0944,-0.027,0.0108,6.0,6.0549,9.0,8.0,skater,,,
8476871,Tanner Pearson,BUF,F,607.1,533.35,10.25,52.65,0.1968,-0.1523,-0.0041,0.2169,-0.9101,2.229,1.5761,0.258,-0.0139,0.0071,-0.0384,-0.2256,6.0,5.0001,5.0,12.0,skater,,,
8479591,Michael Eyssimont,BOS,F,611.7167,558.7167,36.6,2.1167,0.0068,0.6074,0.0324,-0.0009,0.3375,0.5914,1.5745,0.2577,-0.0353,-0.0753,0.0388,0.0483,8.0,8.647,16.0,14.0,skater,,,
8480798,Philipp Kurashev,SJS,F,666.1333,537.1167,77.9667,25.3333,-0.1699,0.3838,-0.4205,-0.0384,0.0657,1.7014,1.5221,0.2491,-0.0551,-0.053,-0.3379,0.1125,7.0,6.6471,8.0,8.0,skater,,,
8476312,Josh Manson,COL,D,1406.5333,1202.7,5.0333,150.8833,1.4313,2.7387,0.008,0.0149,-1.6705,-1.0042,1.5182,0.2485,0.0495,-0.1182,0.0953,-0.0223,5.0,6.7612,19.0,38.0,skater,,,
8484142,Denver Barkey,PHI,F,577.8167,492.8667,67.1667,0.1833,0.5773,0.6531,0.3324,0.0001,0.4727,-0.5258,1.5098,0.2471,0.0342,-0.0896,0.2826,-0.0045,5.0,6.6956,11.0,8.0,skater,,,
8483497,Jani Nyman,SEA,F,295.9,268.45,22.5667,0.0,0.4909,-0.2142,-0.0263,0.0,0.5834,0.6697,1.5036,0.2461,0.0737,0.0378,-0.0843,0.0,4.0,3.9294,7.0,3.0,skater,,,
8482671,Owen Power,BUF,D,1778.15,1426.9,74.1,140.7167,0.5631,-1.2836,-0.1103,0.4672,0.9394,0.9275,1.5032,0.246,0.0018,0.0724,-0.0896,-0.2155,8.0,8.0294,6.0,8.0,skater,,,
8473422,Nick Foligno,MIN,F,683.7333,545.95,54.5667,63.3,-0.6874,0.6898,-0.1565,-0.287,0.3446,1.592,1.4955,0.2447,-0.1116,-0.0859,-0.1864,0.2936,4.0,3.7922,18.0,16.0,skater,,,
8478055,Gustav Forsling,FLA,D,1810.3,1422.0833,46.7667,227.6333,3.1187,1.7106,-0.1202,-0.7064,-0.4243,-2.0908,1.4875,0.2434,0.1097,-0.0537,-0.1544,0.1699,2.0,5.065,7.0,19.0,skater,,,
8477986,Brandon Montour,SEA,D,1448.25,1200.7167,115.4333,22.5,1.5806,-0.7139,-0.5611,0.0568,-0.1177,1.2389,1.4836,0.2428,0.0571,0.0541,-0.2919,-0.1678,11.0,10.5405,12.0,20.0,skater,,,
8474586,Jordan Eberle,SEA,F,1478.5333,1152.2833,201.6167,3.9333,0.3769,0.8809,0.6423,0.004,0.1458,-0.5947,1.4553,0.2382,-0.0164,-0.0559,0.1768,-0.0398,20.0,23.588,12.0,12.0,skater,,,
8475208,Brian Dumoulin,LAK,D,1458.95,1291.0333,8.8333,106.9,-1.4961,2.0023,-0.0041,0.8856,0.3053,-0.2472,1.4458,0.2366,-0.0914,-0.0746,-0.028,-0.5134,2.0,3.0324,6.0,11.0,skater,,,
8477402,Pavel Buchnevich,STL,F,1457.85,1044.9333,186.9,135.0167,1.9368,-1.2241,-1.4335,-0.339,-0.1334,2.6281,1.435,0.2348,0.0751,0.0602,-0.4745,0.1722,19.0,19.3233,10.0,12.0,skater,,,
8480084,Nick DeSimone,UTA,D,568.5167,553.7833,1.1333,4.8333,0.3167,0.9681,-0.0001,-0.0025,-0.0268,0.1695,1.4249,0.2332,0.0124,-0.0864,-0.005,0.0143,2.0,2.1365,2.0,5.0,skater,,,
8476456,Jonathan Huberdeau,CGY,F,906.5667,656.1167,137.6333,48.7833,0.2232,-0.1031,0.2395,0.2322,-0.0492,0.8604,1.403,0.2296,-0.0157,-0.0006,0.0901,-0.264,9.0,9.9749,13.0,14.0,skater,,,
8480834,Ty Emberson,EDM,D,1117.4667,1012.2,0.6833,90.6833,-1.2641,2.1048,-0.0002,-0.2627,-0.0669,0.8828,1.3936,0.2281,-0.0968,-0.1063,-0.0196,0.1575,2.0,1.7186,3.0,9.0,skater,,,
8475462,Radko Gudas,ANA,D,907.0833,791.2833,2.0,83.3833,0.4895,-0.4334,0.0002,0.4886,0.2049,0.6329,1.3827,0.2263,0.0152,0.0513,0.0062,-0.3679,2.0,1.8553,13.0,16.0,skater,,,
8478542,Evan Rodrigues,FLA,F,1172.9833,896.8833,127.2833,85.55,1.6668,0.9829,-0.2038,0.3568,0.3928,-1.8684,1.327,0.2172,0.0754,-0.0758,-0.1104,-0.2287,11.0,15.2431,21.0,19.0,skater,,,
8484144,Connor Bedard,CHI,F,1439.8,1096.7833,227.75,1.0,3.5119,-5.095,-0.2285,0.0008,0.8348,2.303,1.3269,0.2172,0.156,0.2687,-0.0745,-0.0253,26.0,26.6119,30.0,25.0,skater,,,
8482166,Shakir Mukhamadullin,SJS,D,857.1167,767.35,3.0,69.2833,-1.5992,-0.2374,-0.0014,-0.0538,-0.245,3.4253,1.2885,0.2109,-0.147,0.037,-0.0279,0.0303,5.0,2.0359,5.0,11.0,skater,,,
8479985,Cale Fleury,SEA,D,374.8,346.2,5.4833,15.65,-0.1191,0.4421,0.0035,-0.0172,0.6721,0.2982,1.2796,0.2094,-0.0426,-0.0582,0.0383,0.0498,1.0,0.9035,5.0,2.0,skater,,,
8482511,Mason Lohrei,BOS,D,1234.0833,1071.2,95.8333,9.8,-0.1342,-0.5759,-0.0138,0.0067,0.1515,1.8442,1.2784,0.2092,-0.0294,0.0507,-0.0089,-0.0572,7.0,5.8199,5.0,10.0,skater,,,
8484509,Josh Samanski,EDM,F,253.8167,239.9,0.5333,11.1833,-0.0995,0.3816,0.0,0.0162,-0.2521,1.223,1.2693,0.2077,-0.061,-0.1055,-0.0132,-0.0656,2.0,1.2908,1.0,3.0,skater,,,
8484221,Calum Ritchie,NYI,F,875.3,690.9,127.05,0.0,-0.7267,-1.1958,0.0258,0.0,-0.468,3.6172,1.2525,0.205,-0.0992,0.0938,-0.0022,0.0,13.0,11.1549,7.0,11.0,skater,,,
8480434,Sean Durzi,UTA,D,1155.6667,1015.9667,77.3333,22.1167,2.5042,-1.2908,-0.3779,-0.0799,0.2364,0.2551,1.247,0.2041,0.126,0.0947,-0.2934,0.2004,5.0,5.3669,10.0,14.0,skater,,,
8484304,Uvis Balinskis,FLA,D,884.05,763.2333,63.65,24.6,-0.4284,-0.2325,0.0386,0.1007,0.4662,1.2812,1.2258,0.2006,-0.0556,0.0367,0.0361,-0.2619,5.0,4.1946,14.0,15.0,skater,,,
8480145,Neal Pionk,WPG,D,1158.2,893.75,79.9167,118.75,-0.0427,0.4655,-0.0464,0.1711,0.3767,0.2961,1.2203,0.1997,-0.0248,-0.0128,-0.0351,-0.1028,3.0,3.3272,9.0,12.0,skater,,,
8484197,Oliver Moore,CHI,F,654.9333,558.6667,52.7667,13.3833,0.2917,0.7237,-0.2087,0.0164,0.2031,0.1875,1.2137,0.1986,-0.0048,-0.0878,-0.2516,-0.0518,5.0,6.1384,9.0,8.0,skater,,,
8484150,Hunter Brzustewicz,CGY,D,551.0,497.5,34.2833,6.0,-0.583,0.3536,-0.1018,0.0057,0.5155,1.0203,1.2103,0.1981,-0.0922,-0.0242,-0.1784,-0.0731,2.0,1.2762,3.0,2.0,skater,,,
8477947,Sonny Milano,WSH,F,275.3833,241.4833,32.4667,0.0,0.4319,-0.1139,-0.1328,0.0,0.1657,0.8498,1.2007,0.1965,0.0712,0.0182,-0.2597,0.0,4.0,3.7077,3.0,2.0,skater,,,
8484188,Theo Lindstein,STL,D,268.2167,250.2333,1.5833,6.7,0.3169,0.1533,-0.0012,0.0063,-0.0936,0.7766,1.1582,0.1896,0.0541,-0.0183,-0.0451,-0.0728,2.0,1.3678,1.0,3.0,skater,,,
8480035,Henri Jokiharju,BOS,D,731.1,652.4,23.6,36.6667,0.8398,-0.0182,-0.0271,-0.166,-0.0541,0.575,1.1493,0.1881,0.0553,0.0201,-0.0692,0.2553,2.0,1.8185,3.0,7.0,skater,,,
8484305,Zach Metsa,BUF,D,483.5167,438.6167,1.5667,11.8167,-0.3308,0.2759,-0.0009,0.0234,0.3308,0.8459,1.1444,0.1873,-0.0672,-0.0193,-0.0332,-0.1352,2.0,1.4143,4.0,4.0,skater,,,
8477839,Conor Sheary,NYR,F,874.1167,776.4,55.5333,34.7333,1.088,0.368,0.0047,-0.1103,0.6405,-0.8866,1.1042,0.1807,0.048,-0.0385,-0.0093,0.2122,7.0,9.6563,11.0,7.0,skater,,,
8483513,Reid Schaefer,NSH,F,453.15,444.9333,0.4333,4.8333,-0.9279,-0.7351,0.0,0.0064,0.1832,2.5744,1.101,0.1802,-0.1612,0.0891,-0.0114,-0.0573,6.0,4.343,8.0,7.0,skater,,,
8481600,Tobias Bjornfot,FLA,D,269.6667,250.5,0.5,10.9167,-0.0786,0.2048,-0.0001,-0.0144,0.0459,0.9381,1.0957,0.1793,-0.0407,-0.0306,-0.0134,0.0628,2.0,1.2071,0.0,1.0,skater,,,
8483512,Matt Savoie,EDM,F,1213.1667,984.1833,65.1333,132.0667,0.9136,-1.7541,0.1219,0.0253,0.6739,1.1024,1.083,0.1772,0.0196,0.0969,0.0979,0.01,17.0,18.3536,11.0,7.0,skater,,,
8483733,Nikita Grebenkin,PHI,F,620.7667,598.4667,11.2667,0.2167,-0.4477,-0.0685,-0.0233,0.0001,0.754,0.8514,1.0661,0.1745,-0.081,-0.0032,-0.1384,-0.0067,3.0,3.4054,15.0,10.0,skater,,,
8476468,J.T. Miller,NYR,F,1371.4167,945.35,201.9167,114.7167,2.0437,-0.0707,1.2002,-0.4515,-0.6962,-0.9718,1.0537,0.1725,0.0936,-0.0056,0.3423,0.2577,17.0,20.7482,8.0,14.0,skater,,,
8478500,Ivan Provorov,CBJ,D,2037.95,1586.2,89.1333,242.0667,-0.7004,1.0124,-0.2952,-0.6482,0.1471,1.5343,1.0501,0.1719,-0.0484,-0.0198,-0.1989,0.1443,9.0,8.5624,7.0,16.0,skater,,,
8477998,Warren Foegele,OTT,F,937.3333,805.35,39.3,68.3167,-1.3193,0.6258,0.0514,0.1558,-0.0461,1.5491,1.0167,0.1664,-0.1344,-0.0567,0.0641,-0.1153,12.0,12.3485,8.0,9.0,skater,,,
8475768,Jaden Schwartz,SEA,F,807.4167,646.5,79.9833,40.2333,0.0691,-0.0886,-0.0495,0.1424,-0.3361,1.2723,1.0096,0.1652,-0.0297,-0.0019,-0.0515,-0.1907,9.0,9.3623,1.0,4.0,skater,,,
8475753,Justin Faulk,DET,D,1720.2333,1374.8167,149.2,115.2667,-3.5316,-0.4871,-1.1285,-0.2048,-0.7631,7.1213,1.0063,0.1647,-0.176,0.0397,-0.454,0.0902,15.0,8.8045,6.0,20.0,skater,,,
8471214,Alex Ovechkin,WSH,F,1433.0167,989.9333,353.4333,0.4,2.3605,-1.4636,-0.5301,0.0001,-0.6901,1.3284,1.0053,0.1645,0.107,0.0786,-0.1043,0.0087,25.0,26.5727,7.0,13.0,skater,,,
8482911,Joel Nystrom,CAR,D,577.0667,518.3333,1.9333,42.3333,1.0293,0.0999,-0.0013,-0.0422,0.1177,-0.2216,0.9818,0.1607,0.0972,0.0069,-0.0408,0.0435,1.0,1.5321,1.0,3.0,skater,,,
8483487,Rutger McGroarty,PIT,F,288.5667,269.5,3.9667,6.0167,0.1011,0.3037,-0.0041,0.008,0.8599,-0.3008,0.9676,0.1584,-0.0136,-0.0777,-0.076,-0.0578,3.0,3.885,8.0,2.0,skater,,,
8481593,Jayden Struble,MTL,D,829.9167,791.4833,0.7167,7.4667,1.2083,-0.2043,-0.0002,-0.0042,-0.5408,0.4956,0.9544,0.1562,0.0697,0.0339,-0.0154,0.0178,2.0,1.951,8.0,16.0,skater,,,
8482107,Mike Benning,FLA,D,305.15,273.2333,14.4667,3.75,0.3565,-0.201,0.0136,-0.0042,0.0702,0.6997,0.9349,0.153,0.0564,0.0626,0.0563,0.0515,2.0,1.4645,0.0,1.0,skater,,,
8482742,Zachary L'Heureux,NSH,F,334.7667,273.1167,11.15,43.6333,0.2413,0.4505,0.026,0.1167,0.3101,-0.213,0.9316,0.1525,0.0169,-0.109,0.1255,-0.1389,4.0,4.8907,6.0,4.0,skater,,,
8480801,Brady Tkachuk,OTT,F,1018.8,749.4,188.5833,4.1667,3.828,0.6001,1.9963,0.0048,0.7933,-6.3062,0.9163,0.15,0.2704,-0.0581,0.6208,-0.0473,18.0,26.3688,26.0,21.0,skater,,,
8479402,Jake Bean,CGY,D,255.2667,241.9167,1.2,7.45,0.246,0.3638,-0.0004,-0.0279,-0.2411,0.5732,0.9136,0.1495,0.0391,-0.0718,-0.0205,0.2087,1.0,0.5642,0.0,3.0,skater,,,
8482516,Matthew Kessel,STL,D,364.6167,343.9333,0.0833,11.6833,-0.5361,0.0855,-0.0,0.033,0.1109,1.2063,0.8995,0.1472,-0.1154,0.0035,-0.0023,-0.186,2.0,0.9899,4.0,5.0,skater,,,
8483471,Brad Lambert,WPG,F,272.1667,232.0667,33.4833,0.0,-0.0162,-0.1882,-0.0852,0.0,0.0268,1.1559,0.8931,0.1462,-0.0403,0.0386,-0.1669,0.0,3.0,2.3951,3.0,3.0,skater,,,
8482859,Zack Ostapchuk,SJS,F,596.5333,515.3,2.1,67.7667,-0.8937,0.4773,0.0002,0.2389,0.4745,0.5456,0.8429,0.1379,-0.1401,-0.0657,-0.0081,-0.19,4.0,4.6621,16.0,13.0,skater,,,
8482148,Hendrix Lapierre,WSH,F,653.7167,637.1333,9.9,0.4167,1.6322,1.2622,-0.0146,-0.0002,0.0645,-2.1122,0.832,0.1362,0.1176,-0.1289,-0.1027,0.0445,4.0,7.4357,8.0,8.0,skater,,,
8477425,Miles Wood,CBJ,F,640.25,580.65,1.9667,39.7333,0.3197,-0.915,0.0001,0.1333,0.0631,1.2264,0.8278,0.1355,-0.003,0.0845,-0.0098,-0.1798,8.0,8.0698,13.0,13.0,skater,,,
8482715,Ryan Ufko,NSH,D,249.9,216.0667,28.2833,1.4,-0.0996,-0.1631,0.0126,0.0005,-0.2447,1.3015,0.8071,0.1321,-0.0496,0.0637,0.0265,-0.0386,2.0,0.833,0.0,3.0,skater,,,
8474567,Zach Bogosian,MIN,D,596.3167,553.65,1.6667,30.05,0.2315,-0.1841,-0.0006,-0.0788,-0.2849,1.1119,0.795,0.1301,0.0032,0.0384,-0.0233,0.1411,2.0,1.209,4.0,9.0,skater,,,
8484471,Emmitt Finnie,DET,F,1273.3,1055.45,113.2667,52.9,0.5081,0.3242,0.0899,0.1104,2.7583,-3.0077,0.7832,0.1282,-0.0072,-0.0285,0.0333,-0.1037,12.0,17.5855,22.0,3.0,skater,,,
8481167,Brayden Pachal,CGY,D,541.15,504.7167,0.1,28.6333,0.4003,0.4172,-0.0,-0.0971,-0.0455,0.0969,0.7719,0.1263,0.0257,-0.0311,-0.0025,0.1872,1.0,1.1943,9.0,12.0,skater,,,
8480049,Dylan Samberg,WPG,D,1440.5833,1214.9,7.1,156.8167,-1.9441,4.067,-0.0182,-0.6388,0.9856,-1.6934,0.7579,0.124,-0.1179,-0.1824,-0.154,0.2281,1.0,3.4687,7.0,7.0,skater,,,
8476374,Sean Kuraly,BOS,F,1096.15,844.0333,3.5333,212.2333,0.2095,1.569,-0.0033,-0.2065,-0.169,-0.6421,0.7576,0.124,-0.0212,-0.1216,-0.0707,0.0799,5.0,7.8613,7.0,9.0,skater,,,
8483690,Noah Laba,NYR,F,996.85,845.8167,40.4833,86.55,-0.7483,0.7451,-0.1418,0.4995,-0.1788,0.5657,0.7414,0.1213,-0.0892,-0.0629,-0.2245,-0.3248,8.0,9.4524,12.0,14.0,skater,,,
8479336,Carl Grundstrom,PHI,F,559.05,508.7,1.25,34.8833,-0.9536,-0.1084,-0.0004,-0.072,-0.0834,1.9519,0.734,0.1201,-0.1485,0.0027,-0.0329,0.1455,8.0,7.1799,7.0,8.0,skater,,,
8476826,Yanni Gourde,TBL,F,1342.0333,1117.1667,14.4,164.0667,-1.1257,2.2599,-0.0192,0.8938,-0.2834,-1.0473,0.6782,0.111,-0.0965,-0.1314,-0.0942,-0.3053,9.0,12.7643,20.0,23.0,skater,,,
8475220,Marcus Foligno,MIN,F,719.3333,617.1167,7.85,78.9333,0.3288,0.6048,-0.0063,0.071,-0.899,0.5449,0.6442,0.1054,-0.0041,-0.0689,-0.0625,-0.0324,7.0,7.9114,13.0,20.0,skater,,,
8480806,Isac Lundeström,CBJ,F,842.2,710.1667,3.1333,94.05,-2.6194,1.4877,0.001,0.3512,0.4987,0.9097,0.629,0.1029,-0.2574,-0.1358,0.0048,-0.2025,4.0,4.7953,5.0,2.0,skater,,,
8480873,Rasmus Sandin,WSH,D,1403.6333,1178.0333,59.3667,100.2,-1.7791,1.0903,-0.2538,0.2346,0.6831,0.6383,0.6134,0.1004,-0.1125,-0.0371,-0.2568,-0.1569,5.0,5.1171,4.0,6.0,skater,,,
8476981,Josh Anderson,MTL,F,1009.6167,800.8167,5.5333,159.45,-0.0515,-0.8459,-0.005,-0.0929,-0.4547,2.0559,0.6058,0.0991,-0.0399,0.0533,-0.0688,0.0565,12.0,11.9881,30.0,34.0,skater,,,
8481607,Albert Johansson,DET,D,1310.75,1138.2667,17.2167,104.6167,-0.4052,-0.7313,-0.0509,-0.2163,1.8667,0.1327,0.5957,0.0975,-0.0433,0.057,-0.1776,0.1077,3.0,3.5727,15.0,8.0,skater,,,
8479371,Dante Fabbro,CBJ,D,1228.0,1082.1833,3.1833,110.9667,-1.091,-1.0109,0.0026,-0.5239,0.4244,2.7913,0.5925,0.097,-0.0824,0.0745,0.0494,0.2669,4.0,1.8696,12.0,15.0,skater,,,
8485414,Ben Kindel,PIT,F,1160.7,902.1,139.2667,49.1833,2.222,-0.3606,-0.5052,0.2341,1.0844,-2.085,0.5897,0.0965,0.1117,0.0139,-0.232,-0.2641,15.0,19.4348,16.0,9.0,skater,,,
8476931,Jake McCabe,TOR,D,1792.3833,1447.6,23.2,215.6667,0.284,0.0942,0.0066,-0.6573,-0.8523,1.7005,0.5757,0.0942,-0.0101,0.0145,0.0169,0.1665,5.0,4.2641,9.0,24.0,skater,,,
8482087,Kaiden Guhle,MTL,D,762.75,653.2,0.7167,61.9667,-0.3779,0.4295,0.0004,-0.0248,0.6604,-0.1455,0.5421,0.0887,-0.0566,-0.021,0.0332,0.0077,2.0,2.556,15.0,14.0,skater,,,
8478043,Sam Lafferty,CHI,F,252.4,242.3,0.3667,0.0,-0.4342,0.2027,0.0,0.0,-0.1137,0.8828,0.5377,0.088,-0.1436,-0.0603,-0.0088,0.0,1.0,0.6282,1.0,2.0,skater,,,
8481806,Louis Crevier,CHI,D,1336.7167,1151.2833,4.9167,145.0333,0.0525,-0.4804,-0.0061,-0.3458,-1.7183,3.0351,0.5371,0.0879,-0.0192,0.0435,-0.0744,0.1267,7.0,4.6843,6.0,25.0,skater,,,
8477488,Brett Pesce,NJD,D,772.8667,607.5833,3.4667,87.7833,-0.0763,0.2143,-0.003,0.3113,0.9444,-0.855,0.5358,0.0877,-0.0294,-0.0027,-0.0517,-0.2291,1.0,2.2709,6.0,3.0,skater,,,
8482470,Ilya Solovyov,PIT,D,383.0833,371.4,1.05,7.4667,0.8078,0.1563,-0.0004,0.0083,-0.7079,0.2715,0.5355,0.0876,0.1086,-0.0068,-0.0257,-0.0828,1.0,0.9347,1.0,8.0,skater,,,
8483524,Shane Wright,SEA,F,1022.5333,864.0167,116.25,1.65,0.3296,0.4661,-0.3855,0.0012,0.1008,-0.0117,0.5005,0.0819,-0.0132,-0.0424,-0.2133,-0.0232,12.0,14.0819,5.0,5.0,skater,,,
8477380,Jonny Brodzinski,NYR,F,614.45,570.25,35.2833,0.0,-0.4513,-0.3048,0.0418,0.0,0.4763,0.7377,0.4997,0.0818,-0.0836,0.022,0.0568,0.0,6.0,6.5062,9.0,6.0,skater,,,
8478233,Andrew Mangiapane,CHI,F,774.65,725.8,7.7333,18.8333,-0.9799,0.2613,-0.0004,-0.0562,0.6306,0.6396,0.4951,0.081,-0.1171,-0.0317,-0.0173,0.2006,8.0,8.9286,15.0,11.0,skater,,,
8480796,Martin Fehérváry,WSH,D,1563.55,1272.8167,3.3667,218.9333,0.3697,0.0059,-0.0015,-1.1533,0.9311,0.3278,0.4797,0.0785,-0.0045,0.0182,-0.0276,0.2997,5.0,5.5136,12.0,13.0,skater,,,
8481719,Max Crozier,TBL,D,560.7833,500.0,0.75,46.5833,0.5975,0.8157,-0.0003,0.0256,-0.4477,-0.5231,0.4676,0.0765,0.0498,-0.0794,-0.0211,-0.0493,1.0,1.8249,6.0,12.0,skater,,,
8482713,Mackie Samoskevich,FLA,F,1114.8833,921.2333,155.55,2.4,2.5341,1.3881,-0.4469,0.0026,2.327,-5.3939,0.411,0.0673,0.129,-0.1005,-0.1867,-0.0444,12.0,19.6509,31.0,15.0,skater,,,
8475763,Kevin Hayes,PIT,F,350.1,311.05,30.8833,0.2667,0.3361,0.2811,-0.113,0.0001,-0.3812,0.2432,0.3663,0.0599,0.0288,-0.0643,-0.2339,0.0079,4.0,4.4656,1.0,4.0,skater,,,
8477810,Joel Hanley,CGY,D,997.6667,906.1667,2.1333,64.05,-0.5109,2.5638,-0.0019,-0.3007,-0.426,-0.9594,0.3649,0.0597,-0.0557,-0.1513,-0.0537,0.2653,0.0,1.4963,5.0,13.0,skater,,,
8478109,Victor Olofsson,CGY,F,1058.6833,864.5167,154.4833,0.2333,0.0147,0.7299,-0.0459,0.0001,0.5201,-0.8553,0.3636,0.0595,-0.0351,-0.0607,-0.0322,-0.0054,13.0,15.9985,6.0,3.0,skater,,,
8478444,Brock Boeser,VAN,F,1432.7333,1011.5833,225.2333,63.6667,-1.3743,-2.6463,1.2874,0.2235,0.557,2.2974,0.3448,0.0564,-0.1176,0.1469,0.3286,-0.1891,20.0,20.6031,7.0,4.0,skater,,,
8479425,Filip Hronek,VAN,D,2051.5833,1575.7667,143.2667,172.5,1.0019,-1.6887,-1.2043,-0.2919,0.9879,1.5071,0.3121,0.0511,0.0162,0.0827,-0.5046,0.0852,8.0,7.597,12.0,15.0,skater,,,
8476921,Jordan Martinook,CAR,F,1142.3667,940.4,2.75,159.7667,1.2968,0.4057,0.0003,-0.7851,0.3898,-1.0243,0.2832,0.0463,0.0467,-0.036,-0.0072,0.3164,9.0,12.337,18.0,16.0,skater,,,
8479316,Luke Kunin,FLA,F,601.0,527.7333,3.3167,57.5833,-0.2164,0.3368,-0.0022,0.1471,0.1978,-0.1861,0.277,0.0453,-0.0607,-0.0484,-0.055,-0.1318,4.0,5.4028,10.0,9.0,skater,,,
8480990,Declan Chisholm,WSH,D,356.8667,339.8667,8.15,7.15,-0.0844,-0.488,-0.0109,-0.0033,0.5213,0.3329,0.2676,0.0438,-0.0368,0.1046,-0.0803,0.011,1.0,0.8591,4.0,2.0,skater,,,
8478856,Conor Garland,CBJ,F,1220.6167,916.5833,142.4667,88.4833,1.8787,-0.8515,0.1301,-0.6906,1.3675,-1.6044,0.2298,0.0376,0.0869,0.0457,0.0405,0.4898,11.0,15.0755,22.0,13.0,skater,,,
8482074,Connor Zary,CGY,F,1064.5333,905.9333,117.4333,0.8667,0.1932,0.2374,-0.3474,0.0007,1.2135,-1.087,0.2103,0.0344,-0.0233,-0.0258,-0.1918,-0.0236,11.0,14.2421,19.0,11.0,skater,,,
8484860,Matvei Gridin,CGY,F,561.1333,465.8,67.7833,0.8167,-0.0025,-0.739,0.0813,0.0006,0.6096,0.2407,0.1907,0.0312,-0.0364,0.0851,0.0577,-0.0211,6.0,6.8953,5.0,1.0,skater,,,
8481641,Joel Kiviranta,COL,F,529.0833,459.85,2.9833,53.1833,0.4431,0.7572,0.0033,0.4251,-0.0864,-1.3539,0.1884,0.0308,0.0217,-0.1089,0.052,-0.458,3.0,5.425,3.0,4.0,skater,,,
8482178,Ian Moore,ANA,D,916.65,831.9667,3.0333,36.9667,-0.5385,1.4862,0.0024,0.0647,-0.3428,-0.5213,0.1506,0.0247,-0.0607,-0.0887,0.0464,-0.1214,4.0,5.0146,5.0,12.0,skater,,,
8480058,Pierre-Olivier Joseph,VAN,D,412.45,390.5,1.4,14.2333,0.1479,0.0323,0.0001,0.0014,-0.1335,0.0889,0.1371,0.0224,0.0008,0.0135,0.0037,-0.0222,1.0,1.1331,1.0,4.0,skater,,,
8477444,Andre Burakovsky,CHI,F,1236.15,1003.7333,159.6167,0.4833,2.3511,-2.6068,0.2085,0.0002,0.2605,-0.0779,0.1356,0.0222,0.1045,0.1457,0.064,-0.0068,10.0,12.5805,9.0,8.0,skater,,,
8484768,Zayne Parekh,CGY,D,639.95,514.4167,80.9,0.4667,-0.6049,-0.5604,-0.2854,-0.0,0.9921,0.5888,0.1302,0.0213,-0.0925,0.0838,-0.2119,-0.0106,4.0,3.7556,8.0,4.0,skater,,,
8484762,Beckett Sennecke,ANA,F,1435.1333,1134.4167,179.5833,3.0167,5.1176,-1.8378,0.5222,0.0049,0.5572,-4.2411,0.123,0.0201,0.2346,0.0871,0.1601,-0.0763,23.0,30.1465,34.0,31.0,skater,,,
8478841,Colton White,NJD,D,293.9333,265.5333,0.0,2.25,-0.2475,0.2553,0.0,0.0014,0.3397,-0.2276,0.1212,0.0198,-0.0778,-0.0392,0.0,-0.0535,0.0,0.3858,2.0,1.0,skater,,,
8481178,Egor Zamula,CBJ,D,432.0,414.3,0.1,13.75,-0.3118,0.7397,-0.0,0.0018,0.0184,-0.3948,0.0533,0.0087,-0.0671,-0.0887,-0.0027,-0.0243,0.0,0.6273,0.0,2.0,skater,,,
8482095,Tyler Kleven,OTT,D,1214.7667,1066.2333,7.8,105.15,-1.8796,0.863,0.0104,0.5367,-0.1389,0.639,0.0307,0.005,-0.1277,-0.0301,0.08,-0.3226,3.0,3.0148,10.0,17.0,skater,,,
8475752,Tyler Pitlick,MIN,F,248.7333,246.65,1.1,0.3833,-0.2582,0.0066,0.0004,0.0002,0.1631,0.085,-0.0028,-0.0005,-0.0989,-0.0117,0.0098,-0.0088,2.0,2.4185,4.0,3.0,skater,,,
8479372,Josh Mahura,SEA,D,360.2167,318.1667,2.05,27.5833,-0.3727,0.3239,-0.0001,0.0172,-0.1693,0.1859,-0.0151,-0.0025,-0.0922,-0.0426,-0.003,-0.0537,1.0,1.008,0.0,3.0,skater,,,
8476429,Scott Mayfield,NYI,D,1318.2167,1155.1333,1.45,124.45,-2.4442,1.4604,0.0015,0.6485,0.4861,-0.1746,-0.0223,-0.0036,-0.1489,-0.0574,0.0604,-0.329,2.0,2.884,24.0,27.0,skater,,,
8482165,Yan Kuznetsov,CGY,D,1147.9167,989.3667,2.9667,96.0833,0.2569,-2.347,-0.0028,0.4213,-0.1846,1.8164,-0.0399,-0.0065,-0.0063,0.1608,-0.0576,-0.2794,4.0,2.8013,2.0,9.0,skater,,,
8481028,Martin Pospisil,CGY,F,223.3333,211.3333,1.1333,2.2667,-0.2082,0.1074,0.0003,-0.0021,0.1606,-0.1105,-0.0526,-0.0086,-0.0952,-0.0406,0.0002,0.0779,1.0,1.5626,8.0,7.0,skater,,,
8474150,Mikael Backlund,CGY,F,1474.1833,1099.7,87.0833,185.0667,-1.2629,0.9935,0.1099,-1.6185,0.0068,1.7033,-0.068,-0.0111,-0.105,-0.0643,0.0614,0.5463,13.0,14.2812,7.0,8.0,skater,,,
8483510,Elias Salomonsson,WPG,D,574.8,516.0667,11.1333,24.4,0.343,0.4136,-0.0094,0.0365,-0.2996,-0.5559,-0.0719,-0.0118,0.018,-0.0296,-0.0506,-0.106,1.0,1.8652,1.0,6.0,skater,,,
8481726,Adam Edstrom,NYR,F,331.1333,326.1333,0.4167,2.05,0.069,-0.2033,0.0,0.0001,0.1712,-0.1142,-0.077,-0.0126,-0.0234,0.0273,-0.0108,0.0179,3.0,3.7845,2.0,1.0,skater,,,
8471817,Ryan Reaves,SJS,F,392.0167,384.7833,0.95,0.4333,-0.2023,-0.0682,0.0003,-0.0006,-0.2385,0.4283,-0.0811,-0.0133,-0.0676,0.0006,0.0039,0.1107,3.0,3.3653,9.0,11.0,skater,,,
8476480,Vladislav Namestnikov,WPG,F,826.7333,667.8,88.15,39.5333,-0.3448,0.2197,-0.3806,-0.0,0.4972,-0.0797,-0.0881,-0.0144,-0.0671,-0.0298,-0.2733,0.0216,6.0,7.7534,10.0,7.0,skater,,,
8473507,Jeff Petry,MIN,D,990.7833,873.6333,44.75,48.05,1.1158,1.4227,-0.0926,-0.0484,-0.5693,-1.9203,-0.092,-0.0151,0.0547,-0.0793,-0.1244,0.0441,0.0,2.4535,3.0,12.0,skater,,,
8478407,Vince Dunn,SEA,D,1755.45,1424.0167,209.3333,5.5167,-0.4732,-1.376,0.2358,0.0004,-0.1847,1.6924,-0.1054,-0.0172,-0.0418,0.0764,0.0673,-0.0205,11.0,10.2524,17.0,27.0,skater,,,
8481556,John Beecher,CGY,F,365.2,302.35,2.2167,53.6833,-0.2559,-0.2924,-0.0014,-0.437,0.1746,0.7003,-0.1118,-0.0183,-0.0869,0.048,-0.0532,0.51,3.0,3.039,5.0,4.0,skater,,,
8481032,Paul Cotter,NJD,F,856.7333,796.9667,13.4833,1.3667,-2.3435,-1.445,0.0129,-0.0007,1.4701,2.1918,-0.1144,-0.0187,-0.2125,0.0987,0.043,0.0541,9.0,8.5426,18.0,8.0,skater,,,
8474013,Ian Cole,UTA,D,1498.05,1208.1,2.2667,232.25,0.0019,0.9285,-0.0021,-0.7177,-0.3608,0.0251,-0.1251,-0.0205,-0.0218,-0.0277,-0.055,0.1691,3.0,3.7811,12.0,22.0,skater,,,
8479370,Tyson Jost,NSH,F,856.5333,746.8667,1.7,91.8667,-0.4107,-1.4391,-0.0,0.2982,0.3616,1.0641,-0.126,-0.0206,-0.0691,0.1055,-0.0153,-0.1732,7.0,7.67,16.0,14.0,skater,,,
8477508,Curtis Lazar,EDM,F,401.3833,373.0667,0.3667,24.9,-0.0688,-0.1553,0.0002,-0.2069,-0.099,0.3956,-0.1342,-0.022,-0.0471,0.0149,0.0126,0.52,4.0,4.417,3.0,4.0,skater,,,
8481043,Cole Koepke,WPG,F,691.1333,566.7833,0.7667,114.75,-0.6738,-1.1056,0.0,0.242,0.8995,0.4863,-0.1516,-0.0248,-0.1074,0.107,-0.0113,-0.105,8.0,8.9129,9.0,3.0,skater,,,
8478010,Brayden Point,TBL,F,1150.25,846.4667,229.05,1.8,1.482,-1.056,0.2568,0.0021,0.5291,-1.3823,-0.1683,-0.0275,0.069,0.0648,0.053,-0.0476,18.0,21.7109,10.0,7.0,skater,,,
8475799,Nino Niederreiter,WPG,F,839.9167,727.6167,94.45,0.1,0.5448,0.9277,-0.1677,0.0,0.2214,-1.6964,-0.1701,-0.0278,0.0089,-0.0866,-0.1209,-0.0023,7.0,10.3968,10.0,9.0,skater,,,
8479442,Troy Stecher,TOR,D,1227.9833,1057.2,2.45,120.35,0.6891,-1.5778,-0.0009,-0.3278,0.4244,0.5988,-0.1942,-0.0318,0.0172,0.108,-0.0219,0.1471,3.0,3.062,7.0,10.0,skater,,,
8483398,Declan Carlile,TBL,D,620.7,560.9333,0.0833,46.5,-0.5398,0.394,-0.0,0.1157,0.5632,-0.7507,-0.2176,-0.0356,-0.0797,-0.0237,-0.0018,-0.1657,1.0,2.0847,13.0,12.0,skater,,,
8479393,Noah Gregor,FLA,F,354.6,327.8,8.25,10.8167,-0.4413,-0.2578,-0.003,0.0052,0.035,0.4409,-0.2209,-0.0361,-0.1168,0.0371,-0.0359,-0.0075,4.0,4.277,4.0,4.0,skater,,,
8484149,Gavin Brindley,COL,F,534.8833,460.7167,57.4,2.9,-0.484,-0.7845,-0.2797,0.0015,0.8841,0.4336,-0.229,-0.0375,-0.0991,0.0921,-0.3066,-0.0095,6.0,6.6493,10.0,4.0,skater,,,
8477015,Connor Brown,NJD,F,1336.0667,998.7833,106.9833,135.3167,0.4603,-1.8878,0.5221,0.037,0.4089,0.2123,-0.2472,-0.0405,-0.0084,0.1033,0.2785,0.0052,15.0,17.4926,8.0,6.0,skater,,,
8480259,Ben Jones,MIN,F,247.2833,232.85,1.7667,7.0,0.0247,-0.239,0.0028,0.0173,0.5786,-0.6392,-0.2547,-0.0417,-0.0297,0.0515,0.0792,-0.1271,1.0,2.1398,4.0,0.0,skater,,,
8478013,Jake Walman,EDM,D,993.8833,873.9167,35.35,51.4667,-0.7661,-3.5341,0.1612,-0.0464,0.68,3.2341,-0.2714,-0.0444,-0.0745,0.2611,0.2733,0.0377,8.0,5.3007,5.0,5.0,skater,,,
8478472,Mathieu Joseph,LAK,F,611.6333,563.5667,1.9667,38.9833,-1.051,0.8476,-0.0011,0.1668,1.5845,-1.8321,-0.2854,-0.0467,-0.148,-0.1003,-0.048,-0.2352,2.0,5.0704,14.0,3.0,skater,,,
8477573,Nathan Walker,STL,F,552.5667,490.7167,2.0333,45.3167,-0.1533,0.2779,0.0006,0.1034,-0.6383,0.1112,-0.2987,-0.0489,-0.0548,-0.0441,0.0024,-0.1154,4.0,5.0075,7.0,12.0,skater,,,
8484798,Zeev Buium,VAN,D,1487.8167,1236.7,171.0167,2.6833,0.1591,-3.1039,-0.2874,0.0018,1.4336,1.4949,-0.3018,-0.0494,-0.0142,0.169,-0.101,-0.0566,6.0,5.3058,16.0,13.0,skater,,,
8484230,Otto Stenberg,STL,F,437.2833,377.2667,9.2333,32.9667,-0.2987,-0.0532,-0.0024,0.0835,0.1817,-0.2162,-0.3052,-0.05,-0.0836,-0.0016,-0.03,-0.1305,3.0,4.1015,2.0,1.0,skater,,,
8478136,Jake Middleton,MIN,D,1313.85,1129.7,1.65,137.5167,-0.1146,0.586,-0.0003,-0.2203,-0.0711,-0.4878,-0.3081,-0.0504,-0.028,-0.0127,-0.0117,0.0798,2.0,3.1948,16.0,23.0,skater,,,
8477435,Ryan Graves,PIT,D,336.6833,322.0667,0.1,10.9167,-0.2215,0.1426,-0.0,0.0005,-0.0468,-0.189,-0.3142,-0.0514,-0.0632,-0.0081,-0.0032,-0.0189,1.0,1.3702,3.0,5.0,skater,,,
8476867,Brendan Gaunce,CBJ,F,297.5667,246.9833,1.3,41.1833,-0.286,0.0659,0.0008,0.1418,-0.5249,0.2757,-0.3267,-0.0535,-0.1056,-0.0261,0.0209,-0.1851,2.0,2.3267,2.0,6.0,skater,,,
8478904,Steven Lorentz,TOR,F,843.0833,670.3833,0.8167,156.7333,-0.9266,1.3293,-0.0001,-1.892,0.3603,0.7726,-0.3565,-0.0584,-0.119,-0.1291,-0.0206,0.7458,7.0,7.9343,5.0,3.0,skater,,,
8479378,Logan Stanley,BUF,D,1270.2833,1124.2333,33.1167,70.6167,-0.9901,-1.209,-0.0577,0.2526,-2.0408,3.6416,-0.4034,-0.066,-0.0748,0.083,-0.1047,-0.231,9.0,6.042,21.0,42.0,skater,,,
8481535,Nils Hoglander,VAN,F,440.4,418.2333,7.7333,0.05,0.1479,0.0988,-0.0075,0.0,0.3206,-0.9651,-0.4053,-0.0663,-0.0149,-0.0243,-0.0725,-0.0013,2.0,3.8567,6.0,4.0,skater,,,
8481030,Jack St. Ivany,PIT,D,326.5167,296.4833,0.0833,26.1833,0.0967,0.2403,-0.0,0.1031,-0.1923,-0.696,-0.4483,-0.0734,-0.0023,-0.0302,-0.0023,-0.2526,0.0,0.8717,0.0,3.0,skater,,,
8478424,Jansen Harkins,ANA,F,421.9833,403.0333,10.15,3.05,-0.0741,-0.0555,-0.0117,0.0029,1.0116,-1.3339,-0.4609,-0.0754,-0.0471,-0.0018,-0.0832,-0.0345,3.0,5.1882,13.0,6.0,skater,,,
8483406,Taylor Ward,LAK,F,340.8833,316.15,22.3667,0.0,-0.2074,-0.0092,-0.047,0.0,0.1722,-0.3861,-0.4776,-0.0782,-0.0754,-0.0083,-0.1403,0.0,3.0,4.0763,3.0,2.0,skater,,,
8475714,Calle Jarnkrok,TOR,F,663.8,518.15,13.2167,116.6667,-1.3088,-0.9102,-0.0034,-0.8729,0.0655,2.5457,-0.4842,-0.0792,-0.1876,0.0953,-0.03,0.4705,5.0,3.7982,4.0,4.0,skater,,,
8475755,Alexander Petrovic,DAL,D,830.7333,784.9833,0.5,25.1667,0.5757,-0.5615,-0.0001,0.0882,-0.5402,-0.0468,-0.4847,-0.0793,0.0221,0.0614,-0.0137,-0.2266,2.0,2.4939,3.0,11.0,skater,,,
8481068,Yegor Sharangovich,CGY,F,1252.0333,982.7167,117.8833,73.6833,0.1232,-2.0866,-0.5733,0.2391,0.8163,0.9887,-0.4926,-0.0806,-0.0286,0.1173,-0.3061,-0.1731,14.0,15.546,11.0,6.0,skater,,,
8474149,Evgenii Dadonov,NJD,F,256.05,236.9333,16.0667,0.0333,-0.4115,-0.6342,-0.0288,0.0,0.4409,0.1387,-0.4948,-0.081,-0.1403,0.1505,-0.1218,-0.0008,1.0,1.3797,4.0,1.0,skater,,,
8482117,Lukas Reichel,BOS,F,361.0167,333.2833,15.2167,0.8333,0.2013,-0.3796,-0.0246,-0.0,-0.3801,0.0804,-0.5027,-0.0823,0.0002,0.0583,-0.1114,0.023,3.0,3.6504,0.0,3.0,skater,,,
8485702,Max Shabanov,NYI,F,603.5,500.9333,69.7833,0.0,0.4724,-0.9752,-0.2411,0.0,0.6138,-0.3772,-0.5073,-0.083,0.0205,0.1067,-0.2216,0.0,5.0,6.599,5.0,1.0,skater,,,
8484958,Maxim Tsyplakov,NJD,F,446.9167,434.15,5.85,0.0333,-0.4244,0.3091,-0.0063,0.0,0.3212,-0.7215,-0.5219,-0.0854,-0.0947,-0.0528,-0.0791,-0.0009,2.0,3.6262,5.0,3.0,skater,,,
8476897,Oskar Sundqvist,STL,F,674.9667,523.9167,45.5333,72.0167,-1.0378,-0.7715,-0.2055,0.0428,-0.7648,2.1901,-0.5468,-0.0895,-0.1549,0.0783,-0.2852,-0.0141,5.0,4.1764,7.0,13.0,skater,,,
8480144,David Kampf,WSH,F,589.6167,510.9167,1.6167,55.75,-0.2961,0.637,-0.0007,-0.2226,-0.0804,-0.5842,-0.5471,-0.0895,-0.0709,-0.0849,-0.042,0.2611,2.0,3.7778,5.0,6.0,skater,,,
8475231,Casey Cizikas,NYI,F,954.5,810.2,3.4,114.2,-1.423,1.6545,0.0019,-0.405,-0.7373,0.3451,-0.5638,-0.0923,-0.1415,-0.1326,0.0193,0.2344,8.0,9.5872,4.0,10.0,skater,,,
8479066,Ryan Lomberg,CGY,F,515.5333,509.65,0.95,2.7833,-0.3576,-0.4166,-0.0001,0.0012,0.328,-0.1333,-0.5784,-0.0947,-0.0782,0.039,-0.0199,-0.0038,4.0,5.177,14.0,12.0,skater,,,
8481524,Bowen Byram,BUF,D,1854.2667,1450.8833,126.8833,126.3333,0.8399,-0.6537,-0.1856,-0.8401,0.5757,-0.333,-0.5967,-0.0976,0.0128,0.0455,-0.088,0.3826,10.0,11.3309,14.0,19.0,skater,,,
8476525,Colin Miller,WPG,D,256.95,233.6833,14.25,2.25,-0.0671,-0.1995,0.0042,-0.0006,0.4529,-0.803,-0.6131,-0.1003,-0.0391,0.0697,0.0174,0.0007,0.0,0.9413,5.0,3.0,skater,,,
8482176,Wyatt Kaiser,CHI,D,1512.8833,1303.55,5.9,142.3,-2.0691,-0.7433,-0.0058,-0.7581,0.7579,2.2006,-0.6179,-0.1011,-0.1171,0.0527,-0.0594,0.3033,6.0,4.6136,15.0,17.0,skater,,,
8478840,Will Borgen,NYR,D,1354.8833,1147.7833,2.3833,154.9333,-2.818,-0.2671,0.0006,-0.4885,-0.043,2.9838,-0.6323,-0.1035,-0.1692,0.0324,0.0142,0.1728,5.0,2.7454,12.0,19.0,skater,,,
8480001,Urho Vaakanainen,NYR,D,471.0833,443.6833,0.2833,20.75,-0.2705,0.7842,-0.0,0.0001,-0.232,-0.9275,-0.6457,-0.1057,-0.0585,-0.0876,-0.0076,-0.0165,0.0,1.181,3.0,7.0,skater,,,
8482666,Scott Morrow,NYR,D,454.4,402.1333,39.8167,0.5833,0.4765,-0.4418,-0.0432,-0.0,0.1723,-0.8142,-0.6504,-0.1064,0.0492,0.0844,-0.0653,-0.0145,0.0,1.0587,1.0,2.0,skater,,,
8482896,Tyson Kozak,BUF,F,518.6667,455.6167,2.05,43.2833,-0.8824,-0.2327,-0.0004,0.0071,0.1897,0.2576,-0.661,-0.1082,-0.1523,0.0206,-0.0246,0.0117,2.0,2.7924,2.0,1.0,skater,,,
8477456,J.T. Compher,DET,F,1288.4333,1031.9,54.35,121.5333,0.2243,-2.9318,-0.2107,-0.8365,1.6513,1.4372,-0.6663,-0.109,-0.023,0.1604,-0.2469,0.4345,11.0,12.1712,23.0,12.0,skater,,,
8482125,Alexander Holtz,VGK,F,321.4667,303.2833,12.3,1.4333,0.0794,0.2166,0.0112,0.0008,-0.384,-0.6192,-0.6952,-0.1138,-0.0204,-0.0529,0.0403,-0.0138,3.0,4.2701,1.0,4.0,skater,,,
8482807,Ethan Del Mastro,CHI,D,268.4833,249.25,0.0167,14.8833,-0.3861,0.0387,-0.0,0.0311,0.0451,-0.4349,-0.7061,-0.1156,-0.1148,0.0091,-0.0004,-0.1415,0.0,0.5794,3.0,4.0,skater,,,
8477931,Tomas Nosek,FLA,F,296.4,243.6167,0.5167,43.6667,-0.2558,-0.5199,0.0001,0.0594,0.0292,-0.0338,-0.7208,-0.118,-0.0991,0.118,-0.0078,-0.06,1.0,1.6338,2.0,2.0,skater,,,
8476881,Tomas Hertl,VGK,F,1396.7833,1021.7,265.9667,11.1167,2.216,0.5257,2.9391,0.0165,1.2463,-7.6671,-0.7235,-0.1184,0.0941,-0.0409,0.6487,-0.0676,22.0,32.4949,20.0,12.0,skater,,,
8482460,Matt Rempe,NYR,F,224.6333,211.75,8.0167,0.1333,-0.0332,0.0142,-0.0043,0.0,0.0222,-0.7514,-0.7525,-0.1232,-0.0455,-0.0141,-0.0466,0.0125,1.0,2.2062,4.0,4.0,skater,,,
8479395,Dennis Cholowski,NJD,D,249.4167,242.6833,2.0333,1.5167,-0.3001,0.0718,-0.0018,0.0004,0.0321,-0.5552,-0.7527,-0.1232,-0.0961,0.0007,-0.0519,-0.0335,0.0,0.6894,0.0,1.0,skater,,,
8479944,Zachary Aston-Reese,CBJ,F,262.8,242.7667,0.9833,16.1167,-0.2057,-0.053,0.0003,-0.0438,0.0259,-0.4796,-0.7559,-0.1237,-0.0869,0.003,0.0052,0.1845,1.0,2.0117,6.0,6.0,skater,,,
8478498,Jake DeBrusk,VAN,F,1366.2833,963.75,230.2167,57.4167,1.0276,-0.9423,1.8242,-0.0976,0.4119,-2.9934,-0.7697,-0.126,0.0279,0.0486,0.4611,0.1236,23.0,28.7594,8.0,6.0,skater,,,
8476422,Mike Reilly,CAR,D,628.55,562.7833,5.0,39.2667,0.9558,0.2537,-0.0044,-0.1117,-0.5399,-1.3235,-0.7701,-0.126,0.08,-0.0086,-0.0531,0.1543,1.0,2.6617,6.0,13.0,skater,,,
8476457,Adam Larsson,SEA,D,1753.7667,1485.1167,5.1,197.7833,-1.708,0.2634,-0.0034,-1.413,-1.4329,3.5163,-0.7776,-0.1273,-0.0909,0.0078,-0.0397,0.4123,7.0,4.4275,2.0,21.0,skater,,,
8481754,Nikita Nesterenko,ANA,F,356.0833,320.0667,2.2333,24.3667,0.2246,0.6261,-0.0007,0.0297,0.1737,-1.8644,-0.8109,-0.1327,0.006,-0.1275,-0.0319,-0.0515,1.0,3.5853,4.0,3.0,skater,,,
8477499,Rasmus Ristolainen,PHI,D,942.7333,757.8667,55.3833,70.7833,-0.5631,1.6505,-0.0206,0.1194,0.9221,-2.9436,-0.8353,-0.1367,-0.0665,-0.1122,-0.0226,-0.1175,0.0,3.4509,10.0,8.0,skater,,,
8482623,Josh Dunne,BUF,F,335.3167,300.9167,1.1167,3.1833,-0.2744,0.614,-0.0003,-0.0007,0.4488,-1.6229,-0.8356,-0.1368,-0.0908,-0.1325,-0.0295,0.0349,1.0,3.3018,14.0,11.0,skater,,,
8484160,Nate Danielson,DET,F,309.4833,260.7,41.8667,0.6167,0.084,-0.3473,0.2083,0.0001,0.0305,-0.8146,-0.8389,-0.1373,-0.0167,0.0699,0.2842,0.0077,2.0,3.4411,2.0,2.0,skater,,,
8484873,Cole Hutson,WSH,D,244.4,203.1167,30.5,0.5333,0.0684,0.0454,0.0335,-0.0001,-0.1099,-0.9157,-0.8784,-0.1438,-0.0017,0.005,0.0657,0.0003,1.0,2.0472,2.0,4.0,skater,,,
8476878,Zemgus Girgensons,TBL,F,1092.8667,922.0833,2.7667,141.8167,-2.147,-0.0339,0.0002,0.8672,-0.0308,0.4568,-0.8875,-0.1453,-0.1758,-0.0079,-0.0091,-0.3453,8.0,9.7557,13.0,14.0,skater,,,
8482703,Colton Dach,EDM,F,700.15,642.25,44.8667,1.4667,-1.868,1.2653,-0.0625,0.0005,0.2076,-0.4395,-0.8966,-0.1467,-0.2106,-0.1283,-0.0979,-0.0002,5.0,6.857,16.0,15.0,skater,,,
8483395,Arshdeep Bains,VAN,F,257.7667,240.95,7.5167,4.8,0.1205,0.2023,0.0053,0.0025,-0.806,-0.4279,-0.9032,-0.1478,-0.0061,-0.0604,0.0282,-0.0098,1.0,1.9498,0.0,6.0,skater,,,
8481477,Nico Sturm,MIN,F,536.1667,440.0333,0.75,79.95,-0.3521,-0.0008,-0.0001,-0.4615,-0.9171,0.8235,-0.908,-0.1486,-0.0841,-0.01,-0.0207,0.3679,4.0,4.262,1.0,8.0,skater,,,
8478454,Noah Juulsen,PHI,D,720.0333,631.0667,0.3,75.15,-1.1546,-0.2591,-0.0,-0.0179,0.4926,0.0292,-0.9098,-0.1489,-0.1317,0.0431,-0.0077,-0.0021,1.0,1.3583,6.0,6.0,skater,,,
8478891,Mason Appleton,DET,F,880.3667,767.0833,4.8333,79.2,-3.0331,-0.417,-0.0086,0.07,0.2254,2.2314,-0.9319,-0.1525,-0.2733,0.0225,-0.1207,-0.0314,5.0,4.5509,13.0,12.0,skater,,,
8476467,Jamie Oleksiak,SEA,D,1321.0833,1167.5,1.2167,126.3,-2.1252,1.154,-0.0,-1.9856,-0.0662,2.0865,-0.9364,-0.1533,-0.1311,-0.0409,-0.0024,0.9269,5.0,3.6244,8.0,15.0,skater,,,
8477070,Liam O'Brien,UTA,F,347.6167,342.0833,0.7167,0.0,-0.0382,-0.027,0.0002,0.0,0.0343,-0.9235,-0.9542,-0.1562,-0.0428,-0.0053,-0.0001,0.0,3.0,4.6272,7.0,7.0,skater,,,
8477903,Garnet Hathaway,PHI,F,688.2,596.2167,2.2,74.7167,-1.4945,1.9489,-0.0005,0.1208,0.345,-1.8779,-0.9583,-0.1568,-0.1865,-0.2062,-0.0281,-0.0754,1.0,4.2712,24.0,22.0,skater,,,
8475179,Dmitry Kulikov,FLA,D,342.9167,302.4667,0.6833,29.9333,-0.3719,0.144,0.0001,-0.0116,-0.1811,-0.5463,-0.9667,-0.1582,-0.0957,-0.0101,0.0066,0.0069,0.0,0.7308,2.0,5.0,skater,,,
8482751,Ryan Winterton,SEA,F,816.2833,737.3667,2.4833,65.0,0.2703,0.9427,0.0012,-0.3218,1.3276,-3.195,-0.9749,-0.1596,-0.0141,-0.0868,0.0157,0.3186,4.0,8.8476,15.0,6.0,skater,,,
8483460,David Jiricek,PHI,D,312.4,295.9,2.65,10.2333,0.4086,-0.3915,0.0005,-0.0342,-0.6177,-0.342,-0.9762,-0.1598,0.0609,0.0978,0.011,0.1844,0.0,0.5101,2.0,8.0,skater,,,
8482157,Will Cuylle,NYR,F,1383.4167,1063.1,114.8333,123.2333,-1.4172,2.4614,-0.0549,-0.3516,-0.8335,-0.7908,-0.9866,-0.1615,-0.1161,-0.149,-0.043,0.1928,17.0,20.5915,21.0,28.0,skater,,,
8482055,Drew O'Connor,VAN,F,1196.3,1040.4833,30.2167,84.3833,0.962,-2.6245,-0.0915,-0.1799,-0.2977,1.2404,-0.9913,-0.1622,0.0194,0.1413,-0.1959,0.1494,16.0,17.1815,14.0,17.0,skater,,,
8482733,Logan Mailloux,STL,D,1124.95,994.0,40.5333,42.1833,-1.2715,-0.5422,-0.304,-0.0752,-0.2003,1.3981,-0.9951,-0.1629,-0.0987,0.0512,-0.4502,0.0906,5.0,4.2073,14.0,21.0,skater,,,
8480003,Jesper Boqvist,FLA,F,864.45,763.4333,33.6167,47.35,-1.4985,0.5821,-0.2067,0.0217,1.3323,-1.2266,-0.9957,-0.163,-0.1538,-0.0558,-0.3833,-0.0059,4.0,6.9766,17.0,8.0,skater,,,
8478911,Matt Roy,WSH,D,1628.1833,1363.6833,9.7,193.0833,-1.44,0.9855,0.0079,-1.2656,1.8067,-1.0929,-0.9984,-0.1634,-0.0853,-0.0249,0.0487,0.3769,2.0,3.9692,11.0,6.0,skater,,,
8480879,Jacob Bernard-Docker,DET,D,933.7667,826.95,1.3333,88.1167,-0.513,0.158,-0.0007,-0.0752,0.0846,-0.6529,-0.9993,-0.1636,-0.0591,0.007,-0.0321,0.0349,1.0,2.1555,7.0,11.0,skater,,,
8482758,Ville Koivunen,PIT,F,500.5667,446.6833,36.35,0.0333,0.8083,0.8517,-0.1134,0.0,-0.0892,-2.4713,-1.0139,-0.1659,0.0725,-0.1245,-0.2015,-0.0008,2.0,5.4847,4.0,5.0,skater,,,
8481581,Thomas Harley,DAL,D,1616.6833,1305.1167,113.7833,94.8667,1.8181,-2.2597,0.0951,-0.0576,-0.0025,-0.6113,-1.0179,-0.1666,0.0617,0.1223,0.0499,0.0201,6.0,7.4814,5.0,13.0,skater,,,
8480113,Alex Iafallo,WPG,F,1232.4667,1020.2167,94.6333,84.4167,-2.1111,0.7347,-0.2579,-0.2659,-0.017,0.8966,-1.0207,-0.167,-0.1602,-0.0533,-0.1778,0.2106,12.0,13.5985,6.0,7.0,skater,,,
8475181,Nick Leddy,SJS,D,572.9667,512.8833,3.3167,39.4667,-0.5808,-0.4899,-0.001,-0.2046,-0.0237,0.2303,-1.0698,-0.1751,-0.0899,0.0758,-0.0187,0.2947,1.0,1.0781,0.0,3.0,skater,,,
8476278,Colin Blackwell,DAL,F,832.7167,674.05,0.5833,142.6667,-1.4481,0.9307,-0.0,-0.0129,0.3592,-0.9169,-1.088,-0.1781,-0.165,-0.0929,-0.0157,0.027,4.0,6.6027,17.0,15.0,skater,,,
8484164,Dalibor Dvorsky,STL,F,1019.3667,849.0167,135.2333,0.6833,-1.7425,-0.4055,-0.3751,0.0004,-1.008,2.434,-1.0966,-0.1795,-0.1592,0.0186,-0.1807,-0.0174,12.0,11.6297,5.0,13.0,skater,,,
8477369,Carson Soucy,NYI,D,1257.9333,1110.45,2.45,110.65,-1.1158,-0.4192,-0.0015,0.1173,-1.495,1.8051,-1.1092,-0.1815,-0.0822,0.0411,-0.037,-0.08,5.0,3.8719,2.0,19.0,skater,,,
8477149,Scott Sabourin,TBL,F,206.7667,204.6333,0.1,0.0,0.2206,-0.2072,0.0,0.0,-0.811,-0.3186,-1.1161,-0.1827,0.0286,0.0507,-0.0032,0.0,1.0,1.7372,11.0,17.0,skater,,,
8475760,Nick Bjugstad,NJD,F,669.4333,608.5,4.55,43.8833,-0.4243,-0.3194,-0.0058,0.0996,-0.4883,0.0175,-1.1207,-0.1834,-0.0779,0.0214,-0.0909,-0.1146,6.0,7.3378,10.0,14.0,skater,,,
8480829,Jesperi Kotkaniemi,CAR,F,476.7333,451.0333,11.5667,6.0667,-0.6216,0.1768,-0.0181,0.0024,0.7398,-1.4152,-1.136,-0.1859,-0.1188,-0.0336,-0.1085,-0.0021,2.0,4.3804,9.0,4.0,skater,,,
8475172,Nazem Kadri,COL,F,1466.5167,1106.3,237.5667,3.8833,2.6476,-1.8507,1.5583,0.0077,2.2231,-5.7447,-1.1587,-0.1896,0.1075,0.0903,0.3792,-0.0975,16.0,24.7137,28.0,13.0,skater,,,
8482094,Daemon Hunt,MIN,D,397.7167,352.9167,5.15,30.75,-0.5433,-0.1079,-0.0,-0.0883,0.2721,-0.693,-1.1604,-0.1899,-0.1143,0.0368,-0.0008,0.1559,0.0,0.907,3.0,3.0,skater,,,
8476292,Ondrej Palat,NYI,F,1038.3667,905.3667,57.2667,17.05,-0.7231,0.746,-0.1729,0.0309,1.3495,-2.3914,-1.1611,-0.19,-0.084,-0.0595,-0.1955,-0.0871,5.0,9.4936,15.0,6.0,skater,,,
8482874,Jacob Melanson,SEA,F,337.2,334.2,0.3833,0.0,0.2431,0.196,0.0,0.0,0.7261,-2.3326,-1.1674,-0.1911,0.0076,-0.0453,-0.0088,0.0,2.0,5.0153,13.0,8.0,skater,,,
8482745,Mason McTavish,ANA,F,1150.2167,929.1167,142.5333,6.8833,3.2845,-2.9543,-0.4017,0.0114,-0.4408,-0.6713,-1.1722,-0.1918,0.176,0.1807,-0.1834,-0.078,16.0,18.9999,16.0,20.0,skater,,,
8476879,Cody Ceci,LAK,D,1444.0333,1240.1333,0.9833,153.3167,-0.0754,-0.2659,-0.0,0.0263,-0.1206,-0.7536,-1.1893,-0.1946,-0.0256,0.0313,-0.0033,-0.0266,1.0,2.5308,0.0,8.0,skater,,,
8483553,Marc Gatcomb,NYI,F,495.75,484.3167,1.3333,0.0,-0.4603,0.8016,0.0018,0.0,-0.2282,-1.3086,-1.1938,-0.1954,-0.0931,-0.1094,0.0667,0.0,3.0,5.3122,3.0,5.0,skater,,,
8482092,Ridly Greig,OTT,F,1286.0333,997.3667,74.6833,156.8667,-0.1074,-1.2632,-0.3976,0.8389,1.2353,-1.5023,-1.1963,-0.1958,-0.0425,0.0659,-0.3337,-0.2993,12.0,16.1059,34.0,26.0,skater,,,
8477498,Darnell Nurse,EDM,D,1721.2333,1519.2333,17.6167,117.25,0.1414,-1.1653,0.0275,-1.1983,0.2076,0.7811,-1.2061,-0.1974,-0.0163,0.0645,0.0933,0.5969,7.0,7.1452,18.0,25.0,skater,,,
8478434,Keegan Kolesar,VGK,F,946.7833,880.5333,6.0,46.95,-1.7957,0.1185,-0.0129,0.2897,-0.3223,0.5148,-1.208,-0.1977,-0.1584,-0.0182,-0.1437,-0.3487,6.0,7.4019,12.0,15.0,skater,,,
8483464,Marco Kasper,DET,F,1118.6833,956.3833,62.6667,59.8667,0.8104,1.2711,-0.1961,0.01,0.6646,-3.7723,-1.2123,-0.1984,0.0148,-0.0898,-0.202,0.0115,8.0,14.0371,14.0,10.0,skater,,,
8474612,Travis Hamonic,DET,D,374.3167,324.1167,1.2167,39.7833,-0.1918,-0.127,-0.0007,-0.0099,-0.5753,-0.3078,-1.2125,-0.1984,-0.0574,0.042,-0.0328,-0.0014,0.0,0.5093,4.0,10.0,skater,,,
8476885,Jacob Trouba,ANA,D,1853.9333,1446.2,52.7833,239.1833,-1.706,-1.5527,-0.1858,-1.7092,0.9912,2.9476,-1.215,-0.1988,-0.0927,0.0829,-0.2114,0.4124,9.0,7.0501,12.0,14.0,skater,,,
8475235,Nicolas Deslauriers,CAR,F,266.5333,260.4833,0.05,1.5333,-0.4368,0.5749,0.0,0.0011,-0.528,-0.8439,-1.2326,-0.2017,-0.1367,-0.1425,-0.0013,-0.0226,0.0,1.3835,6.0,10.0,skater,,,
8481014,Alexander Romanov,NYI,D,291.6833,245.6,1.3833,31.1,-0.2659,-0.626,-0.0008,0.0158,0.3381,-0.6974,-1.2361,-0.2023,-0.0869,0.1714,-0.0338,-0.0469,0.0,0.8543,4.0,3.0,skater,,,
8481161,Jake Christiansen,CBJ,D,401.75,392.4167,0.0667,6.5333,-0.0045,-0.3442,-0.0,-0.0247,-0.1408,-0.727,-1.2412,-0.2031,-0.0226,0.0711,-0.0021,0.2104,0.0,0.9432,1.0,4.0,skater,,,
8482110,Dawson Mercer,NJD,F,1515.8167,1131.75,127.15,132.4,1.6583,0.9217,0.1799,0.1473,0.5652,-4.7226,-1.2502,-0.2046,0.0518,-0.0589,0.0706,-0.0452,14.0,21.7914,13.0,10.0,skater,,,
8479520,Brandon Duhaime,WSH,F,907.6333,800.1167,4.6333,90.1333,-2.3517,2.3658,0.0036,-0.3286,-0.4648,-0.4838,-1.2594,-0.2061,-0.2124,-0.1875,0.0325,0.2403,4.0,6.3213,23.0,27.0,skater,,,
8484321,Nikolas Matinpalo,OTT,D,782.5833,692.5833,0.25,70.7333,-0.8174,1.0619,-0.0,-0.2289,0.2583,-1.5334,-1.2596,-0.2061,-0.0927,-0.0735,-0.0064,0.1778,0.0,1.9546,6.0,8.0,skater,,,
8482482,Adam Wilsby,NSH,D,986.4833,892.9333,1.8667,55.5333,0.3587,1.3772,-0.0014,-0.0173,-0.4336,-2.5991,-1.3156,-0.2153,0.0022,-0.0741,-0.0447,0.0024,1.0,4.13,5.0,13.0,skater,,,
8479369,Andrew Peeke,BOS,D,1494.6,1258.4333,2.6,173.1167,-2.5868,-0.8774,-0.0018,-0.3998,0.4682,2.0561,-1.3416,-0.2196,-0.1452,0.0603,-0.0426,0.1222,4.0,2.7483,7.0,11.0,skater,,,
8484240,Tom Willander,VAN,D,1189.2667,1019.8167,80.7167,33.05,-1.4715,-2.5867,0.2144,0.0078,0.5365,1.9325,-1.3671,-0.2237,-0.1085,0.1706,0.1591,-0.0305,5.0,3.7075,7.0,9.0,skater,,,
8478462,Nicolas Roy,COL,F,1070.0,870.8667,61.4333,106.2833,-0.1563,-0.6038,-0.1626,0.354,0.1055,-0.9136,-1.3768,-0.2253,-0.0468,0.0315,-0.1732,-0.1783,8.0,11.0798,10.0,10.0,skater,,,
8482861,Vincent Iorio,NYR,D,424.9,382.95,1.4,32.2833,0.1448,-0.6415,-0.0002,0.0207,-0.4021,-0.5001,-1.3784,-0.2256,0.0008,0.119,-0.0075,-0.0549,0.0,0.7288,1.0,6.0,skater,,,
8479980,Nicolas Hague,NSH,D,1217.0667,1050.4,4.1167,126.1333,-0.3203,-1.0204,-0.0031,0.2185,-0.8302,0.568,-1.3876,-0.2271,-0.0402,0.0767,-0.0454,-0.1203,3.0,3.087,7.0,19.0,skater,,,
8482768,Fedor Svechkov,NSH,F,845.3667,773.3833,18.1,24.2667,0.7006,-0.5067,-0.0424,-0.0746,0.7762,-2.2559,-1.4027,-0.2296,0.0183,0.0292,-0.1548,0.2059,4.0,7.9673,16.0,11.0,skater,,,
8480831,Alec Regula,EDM,D,421.2667,386.2333,0.35,23.65,0.0111,-0.0309,-0.0,-0.0547,-0.8203,-0.5127,-1.4075,-0.2304,-0.0202,0.0232,-0.005,0.1223,0.0,0.7395,3.0,11.0,skater,,,
8478413,Jordan Greenway,BUF,F,497.8,413.7333,0.7167,67.75,-0.7031,-0.1011,-0.0,0.2187,-0.6437,-0.2209,-1.4503,-0.2374,-0.138,0.0046,-0.0184,-0.1721,1.0,2.2287,8.0,13.0,skater,,,
8484388,Daniil But,UTA,F,361.6167,319.9167,38.35,0.15,0.79,0.3637,0.0464,-0.0001,0.1742,-2.8285,-1.4542,-0.238,0.1121,-0.0783,0.0583,0.0592,3.0,6.5606,5.0,4.0,skater,,,
8475151,Kyle Palmieri,NYI,F,471.9167,314.1667,87.0833,43.5,0.0345,-0.1804,0.4904,0.0542,0.0465,-1.9138,-1.4685,-0.2403,-0.0295,0.0244,0.3236,-0.0532,6.0,8.8692,4.0,4.0,skater,,,
8481563,Drew Helleson,ANA,D,1019.5667,892.9833,5.0833,88.2167,-1.6035,-0.6424,-0.0085,0.6728,-0.1339,0.2428,-1.4726,-0.241,-0.1296,0.0616,-0.1008,-0.474,2.0,2.3059,4.0,10.0,skater,,,
8477503,Max Domi,TOR,F,1190.5333,1012.0167,105.4833,0.1667,1.2007,-4.3565,-0.2209,0.0001,-0.8526,2.7522,-1.477,-0.2417,0.0351,0.2482,-0.14,-0.0044,12.0,11.658,18.0,25.0,skater,,,
8483756,Jared Wright,LAK,F,262.9167,258.5333,0.0,0.9333,0.3936,0.1818,0.0,0.0004,0.0259,-2.091,-1.4892,-0.2437,0.0553,-0.0523,0.0,-0.0038,0.0,2.6233,2.0,2.0,skater,,,
8477426,Nick Paul,TBL,F,698.4167,580.2333,56.7333,20.1833,-1.4948,0.3943,-0.1645,-0.0796,0.2074,-0.3798,-1.517,-0.2483,-0.1907,-0.0508,-0.1883,0.2581,7.0,8.7937,9.0,8.0,skater,,,
8482684,Luke Hughes,NJD,D,1596.6333,1248.1,129.15,82.3833,1.1889,-1.3506,0.9368,-0.0527,0.2609,-2.5099,-1.5265,-0.2498,0.0352,0.0834,0.435,0.022,6.0,9.3692,10.0,16.0,skater,,,
8477919,Frederick Gaudreau,SEA,F,1098.5,904.65,19.5167,131.05,-2.1911,-0.6892,0.053,-0.9139,0.6626,1.5399,-1.5387,-0.2518,-0.1814,0.0356,0.1487,0.44,6.0,6.684,8.0,4.0,skater,,,
8480860,Kevin Bahl,CGY,D,1676.1,1350.3667,20.0667,184.25,-1.2689,-2.2348,-0.0112,-0.0338,-0.239,2.2467,-1.5411,-0.2522,-0.0783,0.1178,-0.0339,-0.0053,4.0,2.6553,12.0,22.0,skater,,,
8482103,Ozzy Wiesblatt,NSH,F,407.2833,377.5333,0.6167,26.0667,-0.1822,-0.0185,-0.0,0.003,-0.3755,-0.976,-1.5492,-0.2535,-0.065,-0.0071,-0.0156,0.0146,1.0,2.8006,13.0,16.0,skater,,,
8478468,Jeremy Lauzon,VGK,D,1168.3,1017.9,1.4333,120.35,-0.7519,0.4063,-0.0009,0.8758,0.3836,-2.4623,-1.5494,-0.2536,-0.0662,-0.0055,-0.0358,-0.453,1.0,4.0911,26.0,29.0,skater,,,
8480355,Mark Kastelic,BOS,F,1034.75,837.45,5.7833,167.5333,-1.0137,0.0893,-0.0065,-0.9968,-0.4522,0.8254,-1.5545,-0.2544,-0.1087,-0.0165,-0.0818,0.3785,11.0,12.2694,31.0,35.0,skater,,,
8477952,Robby Fabbri,MIN,F,248.95,235.6,4.65,3.1,0.1177,-0.0479,-0.0038,0.0042,-0.5297,-1.0964,-1.5559,-0.2546,-0.0061,0.0021,-0.063,-0.0605,2.0,3.6004,3.0,7.0,skater,,,
8483768,Victor Mancini,VAN,D,330.6667,313.3833,2.35,7.8333,-0.5184,-0.868,-0.0009,-0.0035,0.0877,-0.272,-1.5752,-0.2578,-0.1212,0.1846,-0.0238,0.0107,0.0,0.4499,1.0,2.0,skater,,,
8479992,Michael Rasmussen,DET,F,810.0833,674.9333,14.2,85.4167,-0.3254,0.0105,-0.0258,0.0225,0.357,-1.6225,-1.5837,-0.2592,-0.065,-0.011,-0.1233,0.0058,5.0,8.2625,6.0,4.0,skater,,,
8477938,Haydn Fleury,WPG,D,529.2333,455.45,6.8833,48.8167,-0.9256,-0.9679,-0.0024,0.0509,-0.4693,0.727,-1.5874,-0.2598,-0.1438,0.146,-0.0215,-0.0789,2.0,1.5579,0.0,6.0,skater,,,
8475455,Brenden Dillon,NJD,D,1494.8833,1237.15,1.5167,178.8167,-1.5604,1.1558,-0.0005,-1.398,-1.4715,1.6641,-1.6105,-0.2636,-0.0976,-0.0376,-0.0192,0.4527,3.0,2.1404,13.0,31.0,skater,,,
8476925,Colton Sissons,VGK,F,824.8167,684.2333,31.5333,92.9333,-0.7353,0.2878,-0.0899,0.065,0.0813,-1.227,-1.618,-0.2648,-0.1006,-0.0353,-0.1853,-0.0204,6.0,8.8968,11.0,11.0,skater,,,
8483450,Ryan Greene,CHI,F,1356.2167,1066.0167,100.0333,133.5167,2.0162,-2.7064,-0.8566,-0.446,1.1037,-0.7686,-1.6577,-0.2713,0.0774,0.1423,-0.5281,0.222,11.0,14.5142,14.0,7.0,skater,,,
8484386,Dmitri Simashev,UTA,D,423.0167,408.2667,0.6167,4.9333,-0.5659,-0.1577,0.0001,-0.0006,-0.1263,-0.8384,-1.6888,-0.2764,-0.1051,0.0416,0.0077,-0.0095,0.0,1.066,2.0,5.0,skater,,,
8477996,Juho Lammikko,NJD,F,239.3,230.6833,0.6667,1.05,-0.437,0.001,0.0001,0.0008,-0.2535,-1.0054,-1.6941,-0.2773,-0.1497,-0.0103,-0.002,-0.0224,0.0,1.4899,0.0,2.0,skater,,,
8476432,Boone Jenner,CBJ,F,1078.15,885.4667,51.7333,95.8,1.3974,-0.5112,-0.1243,-0.2743,-0.5865,-1.6082,-1.7071,-0.2794,0.0586,0.0246,-0.1585,0.1933,12.0,15.7909,14.0,19.0,skater,,,
8476875,Mike Matheson,MTL,D,1888.6167,1430.8167,21.5667,294.9167,-0.3959,-1.2214,-0.0637,-2.4016,1.0149,1.3545,-1.713,-0.2804,-0.0385,0.0697,-0.1773,0.4722,6.0,5.6618,15.0,17.0,skater,,,
8478970,Jalen Chatfield,CAR,D,1450.0167,1218.35,4.05,158.9333,0.422,-1.0281,-0.0021,0.5528,0.4377,-2.1078,-1.7255,-0.2824,-0.0011,0.0691,-0.0309,-0.225,2.0,4.8881,5.0,9.0,skater,,,
8484177,Lenni Hameenaho,NJD,F,401.9833,376.0167,15.25,0.0,-0.5044,-0.1996,0.0028,0.0,0.1782,-1.2637,-1.7867,-0.2924,-0.1166,0.0218,-0.0035,0.0,2.0,4.0775,7.0,6.0,skater,,,
8474568,Luke Schenn,BUF,D,683.9,591.9333,0.2333,78.45,-1.8507,-0.7398,-0.0,0.5112,-0.2249,0.5015,-1.8028,-0.295,-0.2095,0.0934,-0.0054,-0.4073,1.0,0.8666,9.0,14.0,skater,,,
8479982,Conor Timmins,BUF,D,733.3833,594.4667,0.45,111.9333,-0.3205,-0.4301,-0.0,-0.1873,0.086,-0.9689,-1.8207,-0.298,-0.0543,0.0619,-0.0004,0.084,0.0,1.3636,6.0,9.0,skater,,,
8482090,Jack Finley,STL,F,427.25,379.2333,5.1,30.4167,-0.6489,0.3771,-0.0073,-0.3013,-1.205,-0.0366,-1.8219,-0.2982,-0.1387,-0.0697,-0.0997,0.6158,2.0,2.9015,5.0,14.0,skater,,,
8478416,Erik Cernak,TBL,D,1077.0667,870.65,3.1667,150.9167,-0.681,0.2632,-0.0012,-0.7899,-1.4802,0.8442,-1.845,-0.3019,-0.0688,0.0003,-0.0229,0.2977,3.0,2.7355,7.0,23.0,skater,,,
8482408,Jeff Malott,LAK,F,512.2,502.5667,0.3333,3.3667,0.6657,0.4619,0.0,0.0033,-0.2266,-2.7792,-1.8749,-0.3068,0.0434,-0.0652,-0.0085,-0.0374,3.0,6.8161,11.0,13.0,skater,,,
8485512,Tim Washe,ANA,F,471.8333,380.5,0.8167,72.6,-0.7123,-0.2548,-0.0,0.3534,-0.092,-1.1842,-1.8899,-0.3093,-0.1484,0.0301,-0.0149,-0.2705,2.0,4.1394,6.0,7.0,skater,,,
8475314,Anders Lee,NYI,F,1283.6167,1041.8667,132.1667,1.0333,4.1513,-1.1312,-0.3681,0.0008,0.5423,-5.1245,-1.9293,-0.3158,0.203,0.0551,-0.1814,-0.0277,19.0,26.7231,19.0,16.0,skater,,,
8480950,Ilya Lyubushkin,DAL,D,835.2833,737.4,0.7667,75.1833,-2.3876,1.1088,-0.0002,-0.0295,-0.8142,0.1891,-1.9337,-0.3165,-0.2162,-0.0718,-0.0183,0.0072,1.0,1.2605,6.0,16.0,skater,,,
8480871,Adam Boqvist,NYI,D,367.3667,336.7167,11.4833,3.2667,0.1958,-0.8472,-0.0119,0.003,-0.3029,-0.9809,-1.9441,-0.3182,0.013,0.1694,-0.0623,-0.0718,0.0,1.1786,0.0,4.0,skater,,,
8481568,Alex Vlasic,CHI,D,1715.3333,1415.8833,5.9333,218.4,-2.6966,-0.9099,-0.0111,0.4438,1.5892,-0.3756,-1.9602,-0.3208,-0.1362,0.057,-0.1126,-0.1383,2.0,3.2987,10.0,7.0,skater,,,
8482947,Zakhar Bardakov,COL,F,432.2667,417.8,3.45,4.65,-0.4287,0.2274,-0.0004,-0.002,0.4583,-2.2555,-2.0008,-0.3275,-0.0976,-0.0427,-0.0218,0.0474,1.0,4.1306,10.0,7.0,skater,,,
8478463,Anthony Beauvillier,WSH,F,1295.3833,1120.2333,42.0333,93.6667,2.1666,-2.007,-0.0243,-0.1731,-0.288,-1.679,-2.0048,-0.3281,0.08,0.0974,-0.049,0.1325,15.0,19.3015,12.0,15.0,skater,,,
8481546,Cam York,PHI,D,1671.6,1255.0167,116.6833,192.9667,-3.1657,2.3076,0.7651,0.6543,0.3122,-2.8846,-2.0111,-0.3291,-0.1733,-0.0919,0.3932,-0.2198,4.0,7.7842,8.0,14.0,skater,,,
8480043,Timothy Liljegren,WSH,D,936.15,750.9667,37.1,98.8833,-0.1017,-0.4915,-0.0973,-0.0049,-0.1909,-1.1327,-2.019,-0.3304,-0.03,0.0577,-0.1575,-0.0134,1.0,2.6365,7.0,13.0,skater,,,
8480192,Johnathan Kovacevic,NJD,D,607.4667,535.8833,1.35,52.3167,-0.1193,-0.1936,-0.0004,0.073,-0.4158,-1.3664,-2.0225,-0.331,-0.0353,0.0401,-0.016,-0.1001,0.0,1.6934,5.0,11.0,skater,,,
8482720,Matthew Knies,TOR,F,1486.05,1083.3167,206.8167,85.6167,-2.0403,-2.9722,1.2584,-0.4108,0.8394,1.301,-2.0247,-0.3314,-0.1491,0.1545,0.3507,0.3095,18.0,19.7075,18.0,13.0,skater,,,
8483499,Liam Ohgren,VAN,F,912.9,822.7167,22.4,32.1333,-2.9333,-1.9855,0.0045,0.0678,1.06,1.7232,-2.0633,-0.3377,-0.25,0.1347,-0.0023,-0.105,8.0,8.125,8.0,1.0,skater,,,
8474189,Lars Eller,OTT,F,779.7833,672.5,30.75,60.5833,-1.4665,0.1609,0.0007,0.0974,0.354,-1.2404,-2.0938,-0.3427,-0.1669,-0.0244,-0.0129,-0.0749,5.0,7.8191,8.0,6.0,skater,,,
8478133,Jake Evans,MTL,F,1045.3833,790.8667,2.6,185.1333,-1.1844,0.9036,0.0003,-1.344,0.6573,-1.1291,-2.0963,-0.3431,-0.1259,-0.0786,-0.0082,0.4571,8.0,11.2455,13.0,9.0,skater,,,
8480876,Curtis Douglas,VAN,F,290.25,288.6833,0.1167,0.65,0.129,0.4513,0.0,-0.001,-0.8028,-1.8789,-2.1023,-0.3441,-0.0093,-0.1039,-0.0032,0.1135,1.0,3.4665,13.0,19.0,skater,,,
8480891,Michael Kesselring,BUF,D,471.1,406.9667,0.0333,24.8333,0.2907,0.3108,-0.0,0.0324,-0.7862,-1.9874,-2.1398,-0.3502,0.0209,-0.0274,-0.0009,-0.0946,0.0,2.241,9.0,17.0,skater,,,
8479022,Rodrigo Abols,PHI,F,441.0333,404.85,1.65,27.0167,-1.2836,-0.3822,-0.0003,-0.0267,-0.0951,-0.3552,-2.143,-0.3507,-0.2263,0.0466,-0.0241,0.0808,3.0,4.2481,7.0,8.0,skater,,,
8476392,Adam Lowry,WPG,F,1048.8167,877.2167,5.6333,113.7833,-0.5651,0.6926,-0.0038,0.3714,0.242,-2.9703,-2.2332,-0.3655,-0.0747,-0.0574,-0.0548,-0.1743,5.0,10.0936,11.0,10.0,skater,,,
8480727,Zach Whitecloud,CGY,D,1588.25,1342.9667,5.45,166.8833,-3.0595,0.8343,-0.0104,0.4197,-0.022,-0.4071,-2.2448,-0.3674,-0.1586,-0.0188,-0.1142,-0.1672,2.0,3.2618,7.0,15.0,skater,,,
8483506,Sam Rinzel,CHI,D,991.4667,827.6333,108.65,10.95,0.1328,-1.1158,-0.3085,-0.0095,-0.8459,-0.1013,-2.2482,-0.3679,-0.0123,0.0993,-0.1706,0.0357,4.0,4.6349,6.0,17.0,skater,,,
8475167,Victor Hedman,TBL,D,622.6167,451.6833,66.8833,61.9,0.1179,-1.1312,-0.3841,0.3917,0.7031,-1.9499,-2.2525,-0.3686,-0.0062,0.1687,-0.3448,-0.3961,1.0,3.285,7.0,5.0,skater,,,
8477497,Sean Monahan,CBJ,F,1336.05,969.55,143.2833,129.5,2.9514,-1.2269,-0.2399,-1.3452,0.9631,-3.3559,-2.2534,-0.3688,0.1466,0.0659,-0.1148,0.6448,11.0,17.0608,12.0,6.0,skater,,,
8482131,Donovan Sebrango,FLA,D,634.3667,593.5333,1.1333,31.7,0.1025,-0.5836,-0.0004,0.0023,-0.6745,-1.1032,-2.2569,-0.3694,-0.0115,0.0774,-0.0207,-0.0207,0.0,1.4446,10.0,18.0,skater,,,
8477932,Aaron Ekblad,FLA,D,1618.65,1181.7833,148.2667,190.0333,0.5556,-1.2753,-0.697,0.8151,-0.694,-1.1225,-2.4181,-0.3958,0.0063,0.0832,-0.2823,-0.2737,4.0,5.9936,13.0,26.0,skater,,,
8481532,Alex Turcotte,LAK,F,671.1833,639.1333,18.6,0.6,1.8212,-0.1946,-0.0491,-0.0005,0.2047,-4.3174,-2.5357,-0.415,0.1349,0.0082,-0.1728,0.0712,3.0,8.6762,10.0,9.0,skater,,,
8483493,Frank Nazar,CHI,F,1213.55,862.55,197.5167,72.4167,-0.0336,-1.6226,-0.7726,0.0592,1.3668,-1.5592,-2.562,-0.4193,-0.0384,0.1028,-0.249,-0.0275,14.0,18.016,22.0,13.0,skater,,,
8476455,Gabriel Landeskog,COL,F,987.6,787.2,141.75,1.9833,3.1217,-0.528,-0.7701,0.0017,-1.2883,-3.1036,-2.5665,-0.42,0.2019,0.0302,-0.3403,-0.0305,13.0,18.1029,12.0,22.0,skater,,,
8484800,Berkly Catton,SEA,F,854.1833,776.35,55.6833,0.0,1.0485,-0.897,-0.2434,0.0,0.4999,-2.9801,-2.5721,-0.421,0.045,0.0592,-0.2766,0.0,7.0,11.7094,16.0,13.0,skater,,,
8479661,Tanner Jeannot,BOS,F,973.5,847.3167,5.9667,104.8167,0.763,0.0934,-0.0084,0.0495,-0.3197,-3.1543,-2.5766,-0.4217,0.018,-0.0167,-0.0992,-0.0068,6.0,11.1251,18.0,21.0,skater,,,
8481237,Kyle MacLean,NYI,F,622.65,599.95,2.1667,8.45,-0.7526,0.2679,0.0022,-0.0041,0.0614,-2.1805,-2.6056,-0.4264,-0.1113,-0.0369,0.0477,0.0507,2.0,5.441,12.0,12.0,skater,,,
8476474,Stefan Noesen,NJD,F,458.2667,365.95,57.1167,2.0167,-0.7959,0.1796,0.165,0.0026,-0.6476,-1.5352,-2.6315,-0.4307,-0.1666,-0.0395,0.159,-0.0555,3.0,5.463,7.0,12.0,skater,,,
8477496,Elias Lindholm,BOS,F,1233.8833,891.4333,180.6333,61.6333,0.0805,-1.9933,-0.4167,0.1347,-0.8483,0.4088,-2.6343,-0.4311,-0.0307,0.1241,-0.1527,-0.1095,15.0,17.0892,7.0,14.0,skater,,,
8483455,Isaac Howard,EDM,F,299.0167,283.3167,14.1667,0.0,-0.2539,-0.2621,-0.0481,0.0,-0.3862,-1.6922,-2.6424,-0.4325,-0.0898,0.0454,-0.218,0.0,2.0,4.2975,3.0,6.0,skater,,,
8477527,Ross Johnston,ANA,F,605.1167,592.9333,2.1667,0.0,-1.1858,0.0799,-0.0004,0.0,-1.326,-0.2385,-2.6708,-0.4371,-0.1561,-0.0182,-0.0253,0.0,3.0,4.4636,12.0,22.0,skater,,,
8471724,Kris Letang,PIT,D,1609.75,1288.05,113.0833,81.3167,0.0497,-0.7007,0.027,0.169,-0.1458,-2.0989,-2.6998,-0.4418,-0.0196,0.0511,0.0141,-0.141,3.0,5.9653,10.0,19.0,skater,,,
8482172,Landon Slaggert,CHI,F,561.0,500.2167,0.3333,54.6167,-0.8312,-0.0869,0.0,-0.0693,0.8867,-2.6082,-2.7088,-0.4433,-0.1358,0.0003,-0.0062,0.0977,3.0,6.7439,9.0,3.0,skater,,,
8479365,Trent Frederic,EDM,F,816.9,799.0833,9.0667,0.05,-0.2643,0.5564,0.0181,0.0,0.6348,-3.7274,-2.7824,-0.4554,-0.0559,-0.0519,0.1056,-0.0011,4.0,9.3812,17.0,13.0,skater,,,
8475200,Dmitry Orlov,SJS,D,1740.7167,1396.4833,198.3333,60.9333,1.746,-2.2094,-0.085,-0.2891,-0.3333,-1.6171,-2.7879,-0.4563,0.0531,0.1134,-0.026,0.2683,3.0,5.5539,13.0,24.0,skater,,,
8476889,Radek Faksa,DAL,F,682.7,540.1833,1.0333,123.0,-1.6319,0.8142,-0.0002,0.5487,0.2059,-2.7292,-2.7925,-0.457,-0.2173,-0.1005,-0.0262,-0.2461,1.0,5.1113,9.0,8.0,skater,,,
8482097,Jack Quinn,BUF,F,1294.95,1032.0,177.0333,10.7,2.0926,-3.4614,-0.6213,0.0039,0.4048,-1.2239,-2.8053,-0.4591,0.0856,0.1912,-0.2249,-0.0004,18.0,21.8455,11.0,9.0,skater,,,
8480813,Joseph Veleno,MTL,F,739.05,615.9,2.7,90.7167,-1.1854,0.4349,-0.0015,0.1987,0.0729,-2.3314,-2.8119,-0.4602,-0.1516,-0.0524,-0.0482,-0.1098,2.0,5.8276,8.0,8.0,skater,,,
8475343,Nic Dowd,VGK,F,1091.8833,889.5667,4.75,157.3,-2.8741,1.256,-0.0034,-0.2626,-1.1394,0.1557,-2.8678,-0.4693,-0.2299,-0.0948,-0.057,0.1217,5.0,7.0548,21.0,30.0,skater,,,
8478414,Timo Meier,NJD,F,1447.0667,1154.75,145.6167,11.2833,2.9544,-0.7611,0.219,-0.0037,0.697,-5.9783,-2.8728,-0.4702,0.1174,0.0295,0.0759,0.0413,22.0,30.9079,15.0,11.0,skater,,,
8477406,Mattias Janmark,EDM,F,512.3,433.8833,0.55,63.4833,-0.3831,-0.7126,0.0001,-0.546,0.1891,-1.4218,-2.8742,-0.4704,-0.089,0.0885,-0.0052,0.5376,1.0,3.4589,7.0,6.0,skater,,,
8483678,Elias Pettersson,VAN,D,1048.5167,948.9833,3.4,81.05,-2.6862,-2.6267,-0.0034,-0.3886,1.133,1.6612,-2.9108,-0.4764,-0.1917,0.1845,-0.0608,0.2713,3.0,1.9031,16.0,13.0,skater,,,
8478443,Brandon Carlo,TOR,D,1065.8667,872.7833,1.4,147.6333,0.0841,-1.3411,-0.0001,0.5352,-0.795,-1.4741,-2.991,-0.4895,-0.0161,0.1106,-0.005,-0.2339,0.0,2.0477,5.0,16.0,skater,,,
8479293,Brandon Tanev,UTA,F,524.0667,508.7333,0.7167,8.8167,-0.3883,-0.2384,-0.0,0.0082,0.7445,-3.1515,-3.0255,-0.4952,-0.0819,0.018,-0.0157,-0.0342,0.0,4.2124,19.0,14.0,skater,,,
8482111,Justin Barron,NSH,D,741.0167,692.3,12.7,19.75,-0.005,-0.1234,-0.0193,-0.0163,-0.1859,-2.6772,-3.027,-0.4954,-0.0223,0.0291,-0.0913,0.033,0.0,3.076,2.0,7.0,skater,,,
8477416,Oliver Bjorkstrand,TBL,F,1091.45,815.3667,239.4667,0.0,-0.9486,0.0551,1.0371,0.0,0.939,-4.1155,-3.0329,-0.4964,-0.1059,-0.0141,0.2455,0.0,12.0,18.3251,14.0,8.0,skater,,,
8482667,William Eklund,SJS,F,1446.1833,1105.7667,205.6833,31.3333,2.15,-1.1806,-0.5379,-0.0655,1.2511,-4.6869,-3.0698,-0.5024,0.0806,0.054,-0.1712,0.147,15.0,22.6147,24.0,16.0,skater,,,
8484806,Sam Dickinson,SJS,D,1206.9333,1077.9667,21.7333,63.7,1.3228,-1.5692,-0.1119,0.1637,-0.0057,-2.9094,-3.1097,-0.5089,0.0517,0.1058,-0.3092,-0.1705,1.0,4.559,5.0,11.0,skater,,,
8476389,Vincent Trocheck,NYR,F,1377.6833,952.6833,192.2333,119.65,-0.9346,-2.8414,-0.0796,-0.7707,-0.9727,2.4193,-3.1796,-0.5204,-0.0949,0.1689,-0.0392,0.408,16.0,16.3698,17.0,25.0,skater,,,
8477969,Marcus Pettersson,VAN,D,1761.15,1463.6167,6.9333,209.5,-4.1054,3.4787,-0.0113,-1.0369,-1.2893,-0.2758,-3.2401,-0.5303,-0.1902,-0.1242,-0.0978,0.2806,2.0,3.2236,9.0,27.0,skater,,,
8478508,Yakov Trenin,MIN,F,1091.3,949.0833,7.35,110.05,1.5583,0.4784,0.0083,-0.1211,-0.7238,-4.4458,-3.2457,-0.5312,0.0624,-0.0403,0.0537,0.0876,6.0,12.6551,10.0,16.0,skater,,,
8475790,Erik Gudbranson,CBJ,D,658.5833,533.55,0.1333,98.8833,-1.6433,-0.7036,-0.0,-1.0913,0.0349,0.1554,-3.248,-0.5316,-0.2067,0.0976,-0.0034,0.6458,1.0,1.199,5.0,8.0,skater,,,
8480281,Alexey Toropchenko,STL,F,779.5333,654.0833,2.1167,104.2,-1.6402,0.271,-0.0003,-0.4302,0.0769,-1.5273,-3.2502,-0.5319,-0.1865,-0.0349,-0.0225,0.2693,4.0,7.1055,6.0,6.0,skater,,,
8476891,Matt Grzelcyk,CHI,D,1170.9833,1033.0333,58.2,27.05,0.5196,-1.6042,-0.3205,0.0776,-0.0303,-1.9097,-3.2675,-0.5348,0.0083,0.1116,-0.3306,-0.1884,0.0,2.5399,4.0,10.0,skater,,,
8473604,Jonathan Toews,WPG,F,1189.6833,964.5667,156.8333,9.65,-1.2323,-0.0732,-0.5054,-0.0167,-1.4069,-0.0914,-3.326,-0.5443,-0.1127,-0.0055,-0.2077,0.1253,11.0,13.4999,8.0,19.0,skater,,,
8482149,Cole Perfetti,WPG,F,1062.4167,857.3833,150.0833,0.3167,0.5245,2.3673,-0.7275,0.0002,-0.3109,-5.1922,-3.3386,-0.5464,0.0006,-0.1757,-0.3051,-0.0083,11.0,18.3431,7.0,10.0,skater,,,
8482964,Arber Xhekaj,MTL,D,742.4667,714.4833,0.5333,18.2833,-1.566,-0.1736,-0.0001,-0.0268,-1.2934,-0.3081,-3.3681,-0.5512,-0.1534,0.033,-0.0147,0.0715,1.0,1.7077,18.0,31.0,skater,,,
8479705,Jeffrey Viel,ANA,F,537.25,515.3,6.45,1.0167,1.6505,-0.5708,0.007,0.0007,-0.7784,-3.7921,-3.4832,-0.5701,0.1561,0.0564,0.051,-0.0201,3.0,7.8798,18.0,24.0,skater,,,
8483890,Braeden Bowman,VGK,F,763.7833,676.3167,68.5333,0.35,0.9264,-0.4214,0.0942,0.0001,-0.2018,-3.9067,-3.5091,-0.5743,0.0461,0.0273,0.0682,0.0103,8.0,13.4529,4.0,6.0,skater,,,
8477507,Nikita Zadorov,BOS,D,1691.3833,1384.9167,5.45,195.1833,-0.3274,-0.4336,-0.008,0.603,-1.7528,-1.6133,-3.5319,-0.578,-0.0361,0.0372,-0.0878,-0.2017,2.0,4.5235,26.0,47.0,skater,,,
8483609,Adam Klapka,CGY,F,842.3333,786.3833,32.1667,0.1,-1.1609,-0.4303,-0.0378,0.0,-1.7183,-0.2021,-3.5495,-0.5809,-0.1247,0.0228,-0.0849,-0.0023,6.0,7.9074,19.0,32.0,skater,,,
8480246,Nick Perbix,NSH,D,1509.85,1230.5667,5.8167,215.5833,-1.757,-1.9109,-0.0117,-0.1746,0.4787,-0.2321,-3.6077,-0.5904,-0.1076,0.1116,-0.1209,0.0322,3.0,4.0447,6.0,10.0,skater,,,
8479525,Ross Colton,COL,F,913.8,837.5667,56.8333,2.8667,2.809,-0.0533,-0.3206,0.0043,1.3372,-7.3894,-3.6128,-0.5913,0.1652,-0.0063,-0.3528,-0.068,7.0,16.2394,14.0,5.0,skater,,,
8480849,Barrett Hayton,UTA,F,1014.1333,830.1667,132.3,11.1667,1.1343,1.2172,-0.0798,0.0129,-0.5928,-5.3199,-3.6281,-0.5938,0.0459,-0.0981,-0.0505,-0.048,7.0,14.373,16.0,21.0,skater,,,
8479026,Philippe Myers,TOR,D,568.8833,517.8833,0.1833,37.5667,-1.1828,-0.2254,0.0,-0.2092,-0.9965,-1.0203,-3.6341,-0.5948,-0.1589,0.0446,0.0078,0.3178,0.0,1.3264,1.0,11.0,skater,,,
8476994,Vinnie Hinostroza,FLA,F,711.9167,664.3,30.8,0.1667,-1.6541,-3.1128,-0.0294,0.0001,0.3473,0.8127,-3.6362,-0.5951,-0.1855,0.2711,-0.0715,-0.004,6.0,6.6286,11.0,9.0,skater,,,
8477950,Tony DeAngelo,NYI,D,1455.55,1260.0,115.6833,4.5833,1.2976,-2.6183,-0.5401,0.0069,-0.1127,-1.6767,-3.6433,-0.5963,0.0399,0.1431,-0.2803,-0.1069,5.0,7.4601,7.0,15.0,skater,,,
8477446,Michael McCarron,MIN,F,1108.4833,889.7333,6.5,176.0333,-0.8298,0.5069,-0.0065,-1.3325,-0.7221,-1.2829,-3.6667,-0.6001,-0.092,-0.0443,-0.0742,0.4757,7.0,10.527,25.0,31.0,skater,,,
8476539,Jonathan Marchessault,NSH,F,1035.85,805.5,162.2333,0.4333,0.875,-3.5226,1.1755,0.0002,0.3793,-2.7226,-3.8152,-0.6244,0.0291,0.2523,0.4204,-0.0111,11.0,15.8197,12.0,10.0,skater,,,
8477346,MacKenzie Weegar,UTA,D,1778.7333,1385.8667,150.5167,130.7167,0.1808,0.0326,-0.2843,-0.3997,-1.5544,-1.8123,-3.8373,-0.628,-0.0141,0.017,-0.1136,0.1671,4.0,6.7696,6.0,26.0,skater,,,
8476624,Barclay Goodrow,SJS,F,930.5,748.0167,4.7333,155.65,-2.521,0.1525,-0.0023,-0.5023,-0.3239,-0.6554,-3.8524,-0.6305,-0.2383,-0.0223,-0.0432,0.2152,4.0,6.5392,14.0,17.0,skater,,,
8479324,Ryan Lindgren,SEA,D,1395.5667,1161.8667,3.7333,184.1,-2.9743,-0.6773,-0.0031,0.5878,-0.2923,-0.5021,-3.8613,-0.6319,-0.1755,0.0534,-0.0494,-0.2079,2.0,3.2531,13.0,22.0,skater,,,
8480009,Eeli Tolvanen,SEA,F,1251.5667,977.4167,138.6833,80.35,-0.892,0.1823,0.0768,-0.3769,-0.5694,-2.2971,-3.8763,-0.6344,-0.0908,-0.0213,0.0189,0.303,10.0,14.8309,10.0,15.0,skater,,,
8478366,Frank Vatrano,ANA,F,591.2667,498.35,37.4,39.6333,-0.648,-1.2923,0.1028,0.0551,-0.3574,-1.7628,-3.9026,-0.6387,-0.1141,0.1455,0.1506,-0.0619,4.0,6.9598,9.0,12.0,skater,,,
8482062,Cole Smith,VGK,F,836.75,689.8667,2.05,121.4167,-0.5558,0.7092,-0.0011,-0.1983,-0.8875,-2.9879,-3.9214,-0.6418,-0.0844,-0.0718,-0.0463,0.1196,4.0,8.6819,10.0,17.0,skater,,,
8481580,Connor McMichael,WSH,F,1318.9833,973.65,124.9,156.6333,1.282,-2.7385,-0.5581,0.1816,-0.7013,-1.416,-3.9502,-0.6465,0.0429,0.1587,-0.2824,-0.048,13.0,17.0862,9.0,15.0,skater,,,
8476441,Joel Edmundson,LAK,D,1516.15,1253.7,4.6,184.9,-2.7117,-0.6162,-0.0,-0.2458,0.7601,-1.2077,-4.0214,-0.6581,-0.1517,0.0479,-0.0008,0.0634,2.0,4.0237,9.0,11.0,skater,,,
8476822,Luke Glendening,PHI,F,747.7167,592.3833,2.8167,112.2333,-1.2217,0.0969,0.0011,-1.0155,-0.0648,-2.0684,-4.2724,-0.6992,-0.1598,-0.0199,0.0092,0.5645,2.0,5.5821,3.0,4.0,skater,,,
8476438,Brandon Saad,VGK,F,655.8667,594.9167,1.8,43.7667,1.0652,0.2793,-0.0006,0.0827,-0.351,-5.4451,-4.3695,-0.7151,0.0714,-0.0382,-0.0331,-0.0918,3.0,9.7729,4.0,7.0,skater,,,
8475848,Brendan Gallagher,MTL,F,953.7667,819.2833,104.2,0.15,1.874,-1.0878,-0.0114,0.0001,0.2326,-5.4899,-4.4824,-0.7336,0.1012,0.0696,-0.0209,-0.0043,7.0,14.4208,19.0,18.0,skater,,,
8474679,Gustav Nyquist,WPG,F,647.15,510.05,90.0833,25.3333,-0.3929,-0.5799,-0.2632,0.1056,0.0638,-3.4761,-4.5427,-0.7435,-0.0823,0.0581,-0.1896,-0.2285,1.0,5.7862,5.0,5.0,skater,,,
8478399,Jonas Siegenthaler,NJD,D,1617.6833,1376.6167,2.7333,132.25,-2.5073,-0.373,-0.0022,0.6492,-0.4175,-2.0411,-4.6919,-0.7679,-0.1312,0.0347,-0.0475,-0.3109,0.0,2.9117,5.0,16.0,skater,,,
8475287,Erik Haula,NSH,F,1351.8667,991.4167,119.2833,159.95,-0.5981,-2.0984,0.0764,0.1839,-2.4995,0.1624,-4.7733,-0.7812,-0.0723,0.1169,0.0241,-0.0474,14.0,16.5745,7.0,26.0,skater,,,
8477989,Christian Dvorak,PHI,F,1480.0167,1083.5,124.6333,153.7167,2.1212,-2.7229,0.7188,-0.9979,0.2845,-4.1784,-4.7747,-0.7814,0.0814,0.1407,0.3317,0.4111,16.0,23.1747,13.0,12.0,skater,,,
8482679,Matt Coronato,CGY,F,1334.15,1037.85,206.7333,1.2,0.8838,-3.1315,-0.6311,0.0009,-0.007,-2.193,-5.0779,-0.8311,0.015,0.171,-0.1975,-0.0222,17.0,21.894,15.0,16.0,skater,,,
8482691,Aatu Räty,VAN,F,794.3,711.3167,6.95,57.6,-0.8238,-1.1389,-0.0015,0.1123,-0.4759,-2.8255,-5.1534,-0.8434,-0.1056,0.086,-0.0271,-0.0954,4.0,8.4336,7.0,11.0,skater,,,
8477506,Ryan Pulock,NYI,D,1584.5667,1277.7167,9.2167,192.45,-2.7304,-0.2942,0.0171,-2.5702,0.2527,0.0343,-5.2907,-0.8659,-0.1501,0.0323,0.1113,0.7849,3.0,3.8184,2.0,8.0,skater,,,
8482660,Kent Johnson,CBJ,F,1006.3167,844.0167,120.1333,2.25,0.1036,-0.2615,0.0179,-0.0089,-0.455,-4.8865,-5.4905,-0.8986,-0.0287,0.0085,-0.0054,0.2597,6.0,12.9238,6.0,10.0,skater,,,
8476479,Phillip Danault,MTL,F,1168.3333,915.7333,45.2,140.6,-1.3387,-0.2587,-0.0907,-1.203,0.3923,-2.9927,-5.4914,-0.8987,-0.1238,0.0069,-0.1348,0.5349,5.0,10.358,15.0,13.0,skater,,,
8480848,Ty Dellandrea,SJS,F,653.7,511.0333,6.55,117.5333,-1.7297,-1.7786,-0.0096,-0.183,0.8959,-2.7826,-5.5875,-0.9145,-0.2392,0.1987,-0.1021,0.115,2.0,6.106,17.0,11.0,skater,,,
8477494,Jonathan Drouin,STL,F,1080.35,823.6833,164.0,0.3833,-0.8781,0.3365,-0.1077,0.0002,0.9379,-6.3086,-6.0197,-0.9852,-0.1,-0.0346,-0.0537,-0.0106,4.0,12.4958,9.0,3.0,skater,,,
8482705,Cole Sillinger,CBJ,F,1232.9,1074.75,22.8667,63.7333,1.3858,0.5385,-0.0015,0.256,-1.1255,-7.0773,-6.0241,-0.9859,0.0413,-0.0401,-0.0183,-0.2194,5.0,14.5733,8.0,17.0,skater,,,
8482073,Braden Schneider,NYR,D,1679.4667,1400.8833,30.05,182.6333,-4.2073,-0.2165,-0.1074,-1.1371,0.5947,-0.9625,-6.0362,-0.9879,-0.2021,0.0277,-0.2148,0.3572,2.0,3.8663,9.0,13.0,skater,,,
8475169,Evander Kane,VAN,F,1165.75,1003.9667,105.1,1.3667,0.7013,-5.8105,-0.2446,0.0007,-0.7164,-0.2756,-6.3452,-1.0385,0.0058,0.3372,-0.1539,-0.0072,13.0,15.6357,22.0,28.0,skater,,,
8474641,Adam Henrique,EDM,F,863.25,693.6833,37.6667,104.6667,-1.456,0.5007,0.0531,-0.0555,-0.7463,-4.7018,-6.4058,-1.0484,-0.162,-0.0534,0.0702,0.0534,2.0,8.4494,3.0,9.0,skater,,,
8474574,Tyler Myers,DAL,D,1427.4333,1181.5,6.2833,171.3833,-1.3493,-1.0121,-0.0001,-0.5389,-0.2705,-3.4316,-6.6025,-1.0806,-0.0904,0.0698,-0.001,0.1723,1.0,5.1998,17.0,26.0,skater,,,
8478831,Kevin Stenlund,UTA,F,1158.2833,866.8333,19.5,217.9167,-3.645,-0.1499,-0.052,-0.8063,-0.1629,-1.8894,-6.7056,-1.0974,-0.2884,0.0003,-0.1743,0.2436,3.0,7.2343,10.0,12.0,skater,,,
8476869,Brady Skjei,NSH,D,1855.8,1418.9333,90.8333,224.3333,-1.5164,-1.4254,0.0476,-0.9289,-0.2546,-2.9563,-7.034,-1.1512,-0.086,0.0787,0.0312,0.2321,3.0,6.9551,8.0,19.0,skater,,,
8477429,Andrew Copp,DET,F,1311.0667,1014.8167,104.05,111.2833,0.0183,0.408,0.0,-0.6821,0.2678,-7.4116,-7.3996,-1.211,-0.035,-0.0342,-0.0143,0.3893,6.0,16.0659,13.0,12.0,skater,,,
8475279,Ben Chiarot,DET,D,1712.1833,1466.95,8.8333,140.3667,-3.8099,-4.2201,-0.0056,-0.2186,-1.6,2.2619,-7.5924,-1.2426,-0.1777,0.1911,-0.0385,0.0771,5.0,3.6595,10.0,30.0,skater,,,
8480855,Jack McBain,UTA,F,1039.5833,870.3833,27.1333,104.0,1.5849,-2.6516,-0.0456,-0.6375,-1.006,-5.0133,-7.7691,-1.2715,0.0732,0.1727,-0.1151,0.3893,8.0,15.1179,20.0,28.0,skater,,,
8484783,Artyom Levshunov,CHI,D,1331.4,1035.5167,178.0333,35.1333,0.4566,-3.4258,-0.7507,-0.0791,-0.8905,-3.2593,-7.9488,-1.3009,0.0045,0.217,-0.2532,0.1187,2.0,5.9758,8.0,21.0,skater,,,
8476967,Brett Kulak,COL,D,1574.5333,1392.35,10.7667,107.3833,-5.5039,-0.6689,-0.0337,0.0808,-1.1399,-1.7613,-9.0269,-1.4773,-0.2591,0.0473,-0.1878,-0.0615,1.0,3.6087,3.0,19.0,skater,,,
8481122,Simon Benoit,TOR,D,1262.6167,1099.6833,0.4,130.9,-3.9337,-2.2889,-0.0001,-0.8387,0.3095,-2.3209,-9.0727,-1.4848,-0.2365,0.1433,-0.0112,0.3681,0.0,3.0004,15.0,19.0,skater,,,
8480313,Logan Thompson,WSH,,,,,,,,,,,,50.1298,8.2042,,,,,,,,,goalie,175.1372,140.0,35.1372
8480280,Jeremy Swayman,BOS,,,,,,,,,,,,41.321,6.7626,,,,,,,,,goalie,172.5499,146.0,26.5499
8478009,Ilya Sorokin,NYI,,,,,,,,,,,,39.7331,6.5027,,,,,,,,,goalie,169.2449,144.0,25.2449
8476883,Andrei Vasilevskiy,TBL,,,,,,,,,,,,36.9705,6.0506,,,,,,,,,goalie,155.6465,132.0,23.6465
8482982,Jet Greaves,CBJ,,,,,,,,,,,,33.1845,5.431,,,,,,,,,goalie,161.3704,142.0,19.3704
8478048,Igor Shesterkin,NYR,,,,,,,,,,,,30.9155,5.0596,,,,,,,,,goalie,144.542,126.0,18.542
8475809,Scott Wedgewood,COL,,,,,,,,,,,,30.3524,4.9675,,,,,,,,,goalie,107.1775,86.0,21.1775
8481519,Spencer Knight,CHI,,,,,,,,,,,,28.1636,4.6092,,,,,,,,,goalie,168.7203,155.0,13.7203
8476434,John Gibson,DET,,,,,,,,,,,,28.0322,4.5877,,,,,,,,,goalie,157.5456,143.0,14.5456
8478872,Karel Vejmelka,UTA,,,,,,,,,,,,26.8354,4.3919,,,,,,,,,goalie,180.3929,169.0,11.3929
8480981,Joel Hofer,STL,,,,,,,,,,,,26.1917,4.2865,,,,,,,,,goalie,129.137,114.0,15.137
8482445,Devin Cooley,CGY,,,,,,,,,,,,25.5359,4.1792,,,,,,,,,goalie,94.4505,77.0,17.4505
8482487,Jakub Dobes,MTL,,,,,,,,,,,,24.455,4.0023,,,,,,,,,goalie,130.3006,117.0,13.3006
8479973,Stuart Skinner,PIT,,,,,,,,,,,,23.2727,3.8088,,,,,,,,,goalie,152.2402,142.0,10.2402
8482661,Jesper Wallstedt,MIN,,,,,,,,,,,,23.0693,3.7755,,,,,,,,,goalie,101.3899,87.0,14.3899
8474596,Jake Allen,NJD,,,,,,,,,,,,21.4066,3.5034,,,,,,,,,goalie,111.8331,100.0,11.8331
8478435,Dan Vladar,PHI,,,,,,,,,,,,20.832,3.4094,,,,,,,,,goalie,130.6479,121.0,9.6479
8481020,Justus Annunen,NSH,,,,,,,,,,,,19.4125,3.177,,,,,,,,,goalie,79.5985,67.0,12.5985
8479979,Jake Oettinger,DAL,,,,,,,,,,,,19.0451,3.1169,,,,,,,,,goalie,144.6614,138.0,6.6614
8479312,Alex Lyon,BUF,,,,,,,,,,,,18.8488,3.0848,,,,,,,,,goalie,102.1079,92.0,10.1079
8480045,Ukko-Pekka Luukkonen,BUF,,,,,,,,,,,,17.4293,2.8525,,,,,,,,,goalie,94.3523,85.0,9.3523
8483710,Dennis Hildeby,TOR,,,,,,,,,,,,16.8765,2.762,,,,,,,,,goalie,59.7607,48.0,11.7607
8475831,Philipp Grubauer,SEA,,,,,,,,,,,,16.2151,2.6538,,,,,,,,,goalie,87.707,79.0,8.707
8479406,Filip Gustavsson,MIN,,,,,,,,,,,,15.8924,2.6009,,,,,,,,,goalie,137.1516,133.0,4.1516
8476341,Anton Forsberg,LAK,,,,,,,,,,,,15.859,2.5955,,,,,,,,,goalie,94.7481,87.0,7.7481
8476945,Connor Hellebuyck,WPG,,,,,,,,,,,,15.4847,2.5342,,,,,,,,,goalie,162.5681,161.0,1.5681
8478406,Mackenzie Blackwood,COL,,,,,,,,,,,,14.6087,2.3909,,,,,,,,,goalie,96.3599,90.0,6.3599
8479496,David Rittich,NYI,,,,,,,,,,,,14.3686,2.3516,,,,,,,,,goalie,83.2427,76.0,7.2427
8481692,Dustin Wolf,CGY,,,,,,,,,,,,14.2497,2.3321,,,,,,,,,goalie,158.667,158.0,0.667
8479193,Casey DeSmith,DAL,,,,,,,,,,,,14.0047,2.292,,,,,,,,,goalie,78.3017,71.0,7.3017
8477424,Juuse Saros,NSH,,,,,,,,,,,,13.9531,2.2836,,,,,,,,,goalie,178.6591,180.0,-1.3409
8484170,Jacob Fowler,MTL,,,,,,,,,,,,13.763,2.2525,,,,,,,,,goalie,49.5236,40.0,9.5236
8480843,Lukas Dostal,ANA,,,,,,,,,,,,12.5197,2.049,,,,,,,,,goalie,167.2061,169.0,-1.7939
8477967,Thatcher Demko,VAN,,,,,,,,,,,,11.0639,1.8107,,,,,,,,,goalie,59.9333,54.0,5.9333
8478971,Connor Ingram,EDM,,,,,,,,,,,,10.1286,1.6576,,,,,,,,,goalie,80.2581,77.0,3.2581
8479361,Joseph Woll,TOR,,,,,,,,,,,,9.8183,1.6069,,,,,,,,,goalie,122.345,123.0,-0.655
8478916,Joey Daccord,SEA,,,,,,,,,,,,9.6713,1.5828,,,,,,,,,goalie,134.1845,136.0,-1.8155
8483548,Brandon Bussi,CAR,,,,,,,,,,,,8.9401,1.4631,,,,,,,,,goalie,97.5863,97.0,0.5863
8477968,Alex Nedeljkovic,SJS,,,,,,,,,,,,8.8172,1.443,,,,,,,,,goalie,108.5268,109.0,-0.4732
8475883,Frederik Andersen,CAR,,,,,,,,,,,,7.763,1.2705,,,,,,,,,goalie,105.7134,107.0,-1.2866
8482193,Dylan Garand,NYR,,,,,,,,,,,,6.0655,0.9927,,,,,,,,,goalie,10.1929,5.0,5.1929
8471734,Jonathan Quick,NYR,,,,,,,,,,,,5.9171,0.9684,,,,,,,,,goalie,72.6942,73.0,-0.3058
8476932,Anthony Stolarz,TOR,,,,,,,,,,,,5.8198,0.9525,,,,,,,,,goalie,75.3679,76.0,-0.6321
8480193,Daniil Tarasov,FLA,,,,,,,,,,,,5.3015,0.8676,,,,,,,,,goalie,94.2346,97.0,-2.7654
8481668,Arturs Silovs,PIT,,,,,,,,,,,,5.0729,0.8302,,,,,,,,,goalie,109.6834,114.0,-4.3166
8477465,Tristan Jarry,EDM,,,,,,,,,,,,4.6064,0.7539,,,,,,,,,goalie,94.5155,98.0,-3.4845
8478470,Samuel Montembeault,MTL,,,,,,,,,,,,4.5154,0.739,,,,,,,,,goalie,78.7721,81.0,-2.2279
8481551,Colten Ellis,BUF,,,,,,,,,,,,4.0116,0.6565,,,,,,,,,goalie,44.2257,44.0,0.2257
8484268,Nikita Tolopilo,VAN,,,,,,,,,,,,3.9863,0.6524,,,,,,,,,goalie,67.231,69.0,-1.769
8483532,Clay Stevenson,WSH,,,,,,,,,,,,3.8718,0.6337,,,,,,,,,goalie,10.9356,8.0,2.9356
8475311,Darcy Kuemper,LAK,,,,,,,,,,,,3.5757,0.5852,,,,,,,,,goalie,126.7272,134.0,-7.2728
8476899,Matt Murray,SEA,,,,,,,,,,,,3.1153,0.5098,,,,,,,,,goalie,10.2388,8.0,2.2388
8482949,Arsenii Sergeev,CGY,,,,,,,,,,,,2.7892,0.4565,,,,,,,,,goalie,3.4904,1.0,2.4904
8476914,Joonas Korpisalo,BOS,,,,,,,,,,,,2.5137,0.4114,,,,,,,,,goalie,85.2186,90.0,-4.7814
8479292,Charlie Lindgren,WSH,,,,,,,,,,,,2.3407,0.3831,,,,,,,,,goalie,69.3998,73.0,-3.6002
8481529,Trent Miner,COL,,,,,,,,,,,,2.1863,0.3578,,,,,,,,,goalie,9.3831,8.0,1.3831
8473503,James Reimer,OTT,,,,,,,,,,,,2.1762,0.3561,,,,,,,,,goalie,32.4024,33.0,-0.5976
8482123,Drew Commesso,CHI,,,,,,,,,,,,1.9033,0.3115,,,,,,,,,goalie,8.2012,7.0,1.2012
8476999,Linus Ullmark,OTT,,,,,,,,,,,,1.8192,0.2977,,,,,,,,,goalie,122.3458,131.0,-8.6542
8482515,Artur Akhtyamov,TOR,,,,,,,,,,,,1.7187,0.2813,,,,,,,,,goalie,11.7158,11.0,0.7158
8482076,Nico Daws,NJD,,,,,,,,,,,,1.6716,0.2736,,,,,,,,,goalie,8.909,8.0,0.909
8484910,Victor Ostman,SEA,,,,,,,,,,,,1.34,0.2193,,,,,,,,,goalie,3.0766,2.0,1.0766
8477480,Eric Comrie,WPG,,,,,,,,,,,,1.2554,0.2055,,,,,,,,,goalie,67.4788,72.0,-4.5212
8481611,Pyotr Kochetkov,CAR,,,,,,,,,,,,1.1822,0.1935,,,,,,,,,goalie,18.5908,19.0,-0.4092
8479394,Carter Hart,VGK,,,,,,,,,,,,0.9927,0.1625,,,,,,,,,goalie,43.2871,46.0,-2.7129
8478024,Ville Husso,ANA,,,,,,,,,,,,0.9786,0.1602,,,,,,,,,goalie,58.0125,62.0,-3.9875
8475717,Calvin Pickard,EDM,,,,,,,,,,,,0.9683,0.1585,,,,,,,,,goalie,49.7127,53.0,-3.2873
8481033,Akira Schmid,VGK,,,,,,,,,,,,0.6482,0.1061,,,,,,,,,goalie,78.8944,85.0,-6.1056
8483668,Nikke Kokko,SEA,,,,,,,,,,,,0.2292,0.0375,,,,,,,,,goalie,8.5014,9.0,-0.4986
8480022,Michael DiPietro,BOS,,,,,,,,,,,,0.1538,0.0252,,,,,,,,,goalie,0.1417,0.0,0.1417
8483703,Sergei Murashov,PIT,,,,,,,,,,,,0.1419,0.0232,,,,,,,,,goalie,11.1845,12.0,-0.8155
8477970,Vitek Vanecek,UTA,,,,,,,,,,,,0.12,0.0196,,,,,,,,,goalie,54.4582,59.0,-4.5418
8478007,Elvis Merzlikins,CBJ,,,,,,,,,,,,-0.0935,-0.0153,,,,,,,,,goalie,87.4227,95.0,-7.5773
8475660,Cam Talbot,DET,,,,,,,,,,,,-0.2802,-0.0459,,,,,,,,,goalie,85.4084,93.0,-7.5916
8482821,Arvid Soderblom,CHI,,,,,,,,,,,,-0.494,-0.0809,,,,,,,,,goalie,85.2115,93.0,-7.7885
8482411,Hunter Shepard,OTT,,,,,,,,,,,,-0.7872,-0.1288,,,,,,,,,goalie,1.1172,2.0,-0.8828
8477831,Pheonix Copley,LAK,,,,,,,,,,,,-0.879,-0.1439,,,,,,,,,goalie,1.9537,3.0,-1.0463
8483114,Thomas Milic,WPG,,,,,,,,,,,,-1.0465,-0.1713,,,,,,,,,goalie,6.4052,8.0,-1.5948
8477990,Brandon Halverson,TBL,,,,,,,,,,,,-1.1831,-0.1936,,,,,,,,,goalie,2.5948,4.0,-1.4052
8477405,Marcus Hogberg,NYI,,,,,,,,,,,,-1.1844,-0.1938,,,,,,,,,goalie,0.7513,2.0,-1.2487
8483746,Vyacheslav Buteyets,ANA,,,,,,,,,,,,-1.2823,-0.2099,,,,,,,,,goalie,1.5823,3.0,-1.4177
8482761,Carl Lindbom,VGK,,,,,,,,,,,,-1.4486,-0.2371,,,,,,,,,goalie,20.7731,24.0,-3.2269
8476316,Laurent Brossoit,SJS,,,,,,,,,,,,-1.8094,-0.2961,,,,,,,,,goalie,3.8601,6.0,-2.1399
8474593,Jacob Markstrom,NJD,,,,,,,,,,,,-1.8277,-0.2991,,,,,,,,,goalie,118.0653,130.0,-11.9347
8481544,Mads Sogaard,OTT,,,,,,,,,,,,-2.0941,-0.3427,,,,,,,,,goalie,3.5979,6.0,-2.4021
8482783,Aleksei Kolosov,PHI,,,,,,,,,,,,-2.4547,-0.4017,,,,,,,,,goalie,5.1081,8.0,-2.8919
8480238,Jiri Patera,VAN,,,,,,,,,,,,-3.0129,-0.4931,,,,,,,,,goalie,3.6727,7.0,-3.3273
8477484,Spencer Martin,NYR,,,,,,,,,,,,-3.8081,-0.6232,,,,,,,,,goalie,14.9151,20.0,-5.0849
8477992,Jonas Johansson,TBL,,,,,,,,,,,,-4.223,-0.6911,,,,,,,,,goalie,67.9593,78.0,-10.0407
8480947,Kevin Lankinen,VAN,,,,,,,,,,,,-4.506,-0.7374,,,,,,,,,goalie,143.2326,160.0,-16.7674
8482137,Yaroslav Askarov,SJS,,,,,,,,,,,,-5.1712,-0.8463,,,,,,,,,goalie,139.8564,157.0,-17.1436
8480051,Cayden Primeau,TOR,,,,,,,,,,,,-5.435,-0.8895,,,,,,,,,goalie,6.9685,13.0,-6.0315
8481035,Samuel Ersson,PHI,,,,,,,,,,,,-5.7075,-0.9341,,,,,,,,,goalie,84.0936,97.0,-12.9064
8475683,Sergei Bobrovsky,FLA,,,,,,,,,,,,-5.8206,-0.9526,,,,,,,,,goalie,136.4948,154.0,-17.5052
8475852,Petr Mrazek,ANA,,,,,,,,,,,,-5.8242,-0.9532,,,,,,,,,goalie,26.8752,35.0,-8.1248
8478499,Adin Hill,VGK,,,,,,,,,,,,-10.2177,-1.6722,,,,,,,,,goalie,60.5951,76.0,-15.4049
8482447,Leevi Meriläinen,OTT,,,,,,,,,,,,-16.1514,-2.6433,,,,,,,,,goalie,44.0756,64.0,-19.9244
8476412,Jordan Binnington,STL,,,,,,,,,,,,-17.7478,-2.9046,,,,,,,,,goalie,101.5584,128.0,-26.4416
