external_player_id,player_name,season,game_type,league,team_name,position,situation,goals_against,x_goals,m_unblocked_shots_against,m_gsax
8467950,Craig Anderson,2021-22,regular,NHL,BUF,G,all,96,90.5097,1298,-5.4903
8469608,Mike Smith,2021-22,regular,NHL,EDM,G,all,74,82.5953,1152,8.5953
8470594,Marc-Andre Fleury,2021-22,regular,NHL,MIN,G,all,159,150.1176,2342,-8.8824
8470860,Jaroslav Halak,2021-22,regular,NHL,VAN,G,all,39,37.9937,546,-1.0063
8470880,Brian Elliott,2021-22,regular,NHL,TBL,G,all,43,46.7111,693,3.7111
8471239,Cory Schneider,2021-22,regular,NHL,NYI,G,all,3,3.6918,51,0.6918
8471306,Thomas Greiss,2021-22,regular,NHL,DET,G,all,92,78.9955,1175,-13.0045
8471418,Anton Khudobin,2021-22,regular,NHL,DAL,G,all,28,21.348,313,-6.652
8471679,Carey Price,2021-22,regular,NHL,MTL,G,all,18,13.7172,200,-4.2828
8471695,Tuukka Rask,2021-22,regular,NHL,BOS,G,all,14,7.7029,124,-6.2971
8471734,Jonathan Quick,2021-22,regular,NHL,LAK,G,all,116,131.2732,1761,15.2732
8471774,Alex Stalock,2021-22,regular,NHL,SJS,G,all,6,2.7933,40,-3.2067
8473503,James Reimer,2021-22,regular,NHL,SJS,G,all,129,132.2356,2051,3.2356
8473541,Jonathan Bernier,2021-22,regular,NHL,NJD,G,all,26,23.7465,362,-2.2535
8473575,Semyon Varlamov,2021-22,regular,NHL,NYI,G,all,87,92.0746,1310,5.0746
8474593,Jacob Markstrom,2021-22,regular,NHL,CGY,G,all,137,156.9841,2389,19.9841
8474596,Jake Allen,2021-22,regular,NHL,MTL,G,all,107,105.3779,1502,-1.6221
8474636,Michael Hutchinson,2021-22,regular,NHL,TOR,G,all,6,4.2396,52,-1.7604
8474651,Braden Holtby,2021-22,regular,NHL,DAL,G,all,60,61.3981,965,1.3981
8474667,Harri Sateri,2021-22,regular,NHL,ARI,G,all,21,20.2692,246,-0.7308
8474682,Dustin Tokarski,2021-22,regular,NHL,BUF,G,all,91,80.515,1186,-10.485
8474889,Martin Jones,2021-22,regular,NHL,PHI,G,all,114,104.9932,1559,-9.0068
8475156,Mikko Koskinen,2021-22,regular,NHL,EDM,G,all,136,135.5536,1913,-0.4464
8475215,Robin Lehner,2021-22,regular,NHL,VGK,G,all,120,123.9505,1716,3.9505
8475234,J-F Berube,2021-22,regular,NHL,CBJ,G,all,21,17.2736,260,-3.7264
8475311,Darcy Kuemper,2021-22,regular,NHL,COL,G,all,138,149.2011,2361,11.2011
8475622,Carter Hutton,2021-22,regular,NHL,ARI,G,all,15,5.0309,77,-9.9691
8475660,Cam Talbot,2021-22,regular,NHL,MIN,G,all,132,119.8315,1995,-12.1685
8475683,Sergei Bobrovsky,2021-22,regular,NHL,FLA,G,all,137,143.7584,2045,6.7584
8475717,Calvin Pickard,2021-22,regular,NHL,DET,G,all,9,5.797,91,-3.203
8475789,Jack Campbell,2021-22,regular,NHL,TOR,G,all,123,117.819,1916,-5.181
8475809,Scott Wedgewood,2021-22,regular,NHL,DAL,G,all,110,110.8371,1649,0.8371
8475831,Philipp Grubauer,2021-22,regular,NHL,SEA,G,all,164,129.6961,2059,-34.3039
8475839,Louis Domingue,2021-22,regular,NHL,PIT,G,all,4,6.4811,99,2.4811
8475852,Petr Mrazek,2021-22,regular,NHL,TOR,G,all,58,46.6177,686,-11.3823
8475883,Frederik Andersen,2021-22,regular,NHL,CAR,G,all,111,136.7377,1989,25.7377
8475920,Michael Houser,2021-22,regular,NHL,BUF,G,all,4,5.4222,107,1.4222
8476234,Keith Kinkaid,2021-22,regular,NHL,NYR,G,all,2,2.3204,42,0.3204
8476316,Laurent Brossoit,2021-22,regular,NHL,VGK,G,all,62,62.7635,841,0.7635
8476341,Anton Forsberg,2021-22,regular,NHL,OTT,G,all,121,131.4987,1955,10.4987
8476343,Garret Sparks,2021-22,regular,NHL,LAK,G,all,3,4.198,63,1.198
8476412,Jordan Binnington,2021-22,regular,NHL,STL,G,all,112,102.6129,1577,-9.3871
8476433,Magnus Hellberg,2021-22,regular,NHL,DET,G,all,3,2.3519,31,-0.6481
8476434,John Gibson,2021-22,regular,NHL,ANA,G,all,172,168.528,2488,-3.472
8476509,Maxime Lagace,2021-22,regular,NHL,TBL,G,all,10,5.7271,68,-4.2729
8476876,Malcolm Subban,2021-22,regular,NHL,BUF,G,all,17,11.9822,169,-5.0178
8476883,Andrei Vasilevskiy,2021-22,regular,NHL,TBL,G,all,156,180.2814,2570,24.2814
8476899,Matt Murray,2021-22,regular,NHL,OTT,G,all,60,63.1559,884,3.1559
8476903,Jon Gillies,2021-22,regular,NHL,NJD,G,all,61,50.0553,730,-10.9447
8476904,Chris Driedger,2021-22,regular,NHL,SEA,G,all,73,66.873,1009,-6.127
8476914,Joonas Korpisalo,2021-22,regular,NHL,CBJ,G,all,78,64.267,834,-13.733
8476932,Anthony Stolarz,2021-22,regular,NHL,ANA,G,all,66,71.5975,1110,5.5975
8476945,Connor Hellebuyck,2021-22,regular,NHL,WPG,G,all,193,200.2719,2931,7.2719
8476999,Linus Ullmark,2021-22,regular,NHL,BOS,G,all,95,98.7689,1554,3.7689
8477180,Aaron Dell,2021-22,regular,NHL,BUF,G,all,38,31.9349,464,-6.0651
8477202,Andrew Hammond,2021-22,regular,NHL,NJD,G,all,38,31.8537,437,-6.1463
8477293,Antti Raanta,2021-22,regular,NHL,CAR,G,all,62,68.8467,972,6.8467
8477361,Cal Petersen,2021-22,regular,NHL,LAK,G,all,105,99.6105,1400,-5.3895
8477424,Juuse Saros,2021-22,regular,NHL,NSH,G,all,173,192.9865,2867,19.9865
8477457,Zach Fucale,2021-22,regular,NHL,WSH,G,all,5,6.3882,102,1.3882
8477465,Tristan Jarry,2021-22,regular,NHL,PIT,G,all,137,151.397,2278,14.397
8477480,Eric Comrie,2021-22,regular,NHL,WPG,G,all,44,53.9849,750,9.9849
8477484,Spencer Martin,2021-22,regular,NHL,VAN,G,all,11,23.9242,302,12.9242
8477831,Pheonix Copley,2021-22,regular,NHL,WSH,G,all,5,3.3742,68,-1.6258
8477967,Thatcher Demko,2021-22,regular,NHL,VAN,G,all,168,179.3231,2661,11.3231
8477968,Alex Nedeljkovic,2021-22,regular,NHL,DET,G,all,178,172.7751,2380,-5.2249
8477970,Vitek Vanecek,2021-22,regular,NHL,WSH,G,all,103,100.6165,1554,-2.3835
8477992,Jonas Johansson,2021-22,regular,NHL,FLA,G,all,39,21.2613,341,-17.7387
8478007,Elvis Merzlikins,2021-22,regular,NHL,CBJ,G,all,178,179.403,2584,1.403
8478009,Ilya Sorokin,2021-22,regular,NHL,NYI,G,all,123,147.5154,2256,24.5154
8478024,Ville Husso,2021-22,regular,NHL,STL,G,all,100,117.8079,1727,17.8079
8478039,Kaapo Kahkonen,2021-22,regular,NHL,SJS,G,all,93,95.0838,1467,2.0838
8478048,Igor Shesterkin,2021-22,regular,NHL,NYR,G,all,106,148.7636,2220,42.7636
8478406,Mackenzie Blackwood,2021-22,regular,NHL,NJD,G,all,79,69.4856,1012,-9.5144
8478433,Felix Sandstrom,2021-22,regular,NHL,PHI,G,all,16,19.4228,247,3.4228
8478435,Dan Vladar,2021-22,regular,NHL,CGY,G,all,56,54.6832,870,-1.3168
8478470,Samuel Montembeault,2021-22,regular,NHL,MTL,G,all,121,106.0841,1507,-14.9159
8478492,Ilya Samsonov,2021-22,regular,NHL,WSH,G,all,119,104.7388,1610,-14.2612
8478499,Adin Hill,2021-22,regular,NHL,SJS,G,all,61,56.2095,903,-4.7905
8478872,Karel Vejmelka,2021-22,regular,NHL,ARI,G,all,170,151.7343,2264,-18.2657
8478902,Erik Kallgren,2021-22,regular,NHL,TOR,G,all,43,35.4472,537,-7.5528
8478903,Adam Huska,2021-22,regular,NHL,NYR,G,all,7,3.7253,50,-3.2747
8478916,Joey Daccord,2021-22,regular,NHL,SEA,G,all,20,15.922,184,-4.078
8478933,Michael McNiven,2021-22,regular,NHL,MTL,G,all,3,1.0834,12,-1.9166
8478971,Connor Ingram,2021-22,regular,NHL,NSH,G,all,11,8.3588,121,-2.6412
8479193,Casey DeSmith,2021-22,regular,NHL,PIT,G,all,66,64.5319,1026,-1.4681
8479292,Charlie Lindgren,2021-22,regular,NHL,STL,G,all,5,9.3472,166,4.3472
8479312,Alex Lyon,2021-22,regular,NHL,CAR,G,all,6,8.8359,94,2.8359
8479313,Zach Sawchenko,2021-22,regular,NHL,SJS,G,all,15,14.8679,212,-0.1321
8479361,Joseph Woll,2021-22,regular,NHL,TOR,G,all,11,11.8415,176,0.8415
8479394,Carter Hart,2021-22,regular,NHL,PHI,G,all,137,131.8733,1935,-5.1267
8479406,Filip Gustavsson,2021-22,regular,NHL,OTT,G,all,62,57.315,786,-4.685
8479496,David Rittich,2021-22,regular,NHL,NSH,G,all,49,40.6858,603,-8.3142
8479581,Jack LaFontaine,2021-22,regular,NHL,CAR,G,all,9,3.4103,52,-5.5897
8479973,Stuart Skinner,2021-22,regular,NHL,EDM,G,all,32,32.3047,476,0.3047
8479979,Jake Oettinger,2021-22,regular,NHL,DAL,G,all,114,115.6816,1866,1.6816
8480022,Michael DiPietro,2021-22,regular,NHL,VAN,G,all,3,2.0184,23,-0.9816
8480045,Ukko-Pekka Luukkonen,2021-22,regular,NHL,BUF,G,all,23,21.888,393,-1.112
8480051,Cayden Primeau,2021-22,regular,NHL,MTL,G,all,40,27.4338,409,-12.5662
8480193,Daniil Tarasov,2021-22,regular,NHL,CBJ,G,all,7,10.1752,144,3.1752
8480280,Jeremy Swayman,2021-22,regular,NHL,BOS,G,all,96,94.7026,1551,-1.2974
8480313,Logan Thompson,2021-22,regular,NHL,VGK,G,all,49,50.2988,775,1.2988
8480373,Josef Korenar,2021-22,regular,NHL,ARI,G,all,3,3.5185,50,0.5185
8480382,Alexandar Georgiev,2021-22,regular,NHL,NYR,G,all,85,80.0374,1190,-4.9626
8480420,Collin Delia,2021-22,regular,NHL,CHI,G,all,22,17.8708,291,-4.1292
8480591,Thomas Hodges,2021-22,regular,NHL,ANA,G,all,1,0.2112,4,-0.7888
8480843,Lukas Dostal,2021-22,regular,NHL,ANA,G,all,10,9.692,146,-0.308
8480925,Pavel Francouz,2021-22,regular,NHL,COL,G,all,51,48.7492,803,-2.2508
8480947,Kevin Lankinen,2021-22,regular,NHL,CHI,G,all,106,83.2457,1300,-22.7543
8480981,Joel Hofer,2021-22,regular,NHL,STL,G,all,6,5.1566,78,-0.8434
8481020,Justus Annunen,2021-22,regular,NHL,COL,G,all,7,3.9193,66,-3.0807
8481031,Ivan Prosvetov,2021-22,regular,NHL,ARI,G,all,13,9.6615,142,-3.3385
8481033,Akira Schmid,2021-22,regular,NHL,NJD,G,all,19,10.0871,151,-8.9129
8481519,Spencer Knight,2021-22,regular,NHL,FLA,G,all,81,79.3335,1167,-1.6665
8481544,Mads Sogaard,2021-22,regular,NHL,OTT,G,all,6,5.5697,72,-0.4303
8481597,Hugo Alnefelt,2021-22,regular,NHL,TBL,G,all,3,0.8309,10,-2.1691
8481611,Pyotr Kochetkov,2021-22,regular,NHL,CAR,G,all,6,5.7732,77,-0.2268
8482076,Nico Daws,2021-22,regular,NHL,NJD,G,all,66,60.9711,883,-5.0289
8482821,Arvid Soderblom,2021-22,regular,NHL,CHI,G,all,13,8.5765,127,-4.4235
8467950,Craig Anderson,2021-22,regular,NHL,BUF,G,5on5,77,68.6647,1029,-8.3353
8469608,Mike Smith,2021-22,regular,NHL,EDM,G,5on5,49,55.6168,869,6.6168
8470594,Marc-Andre Fleury,2021-22,regular,NHL,MIN,G,5on5,110,104.8123,1847,-5.1877
8470860,Jaroslav Halak,2021-22,regular,NHL,VAN,G,5on5,27,28.1213,440,1.1213
8470880,Brian Elliott,2021-22,regular,NHL,TBL,G,5on5,29,31.2872,542,2.2872
8471239,Cory Schneider,2021-22,regular,NHL,NYI,G,5on5,2,2.3859,38,0.3859
8471306,Thomas Greiss,2021-22,regular,NHL,DET,G,5on5,68,57.9708,967,-10.0292
8471418,Anton Khudobin,2021-22,regular,NHL,DAL,G,5on5,16,14.1905,234,-1.8095
8471679,Carey Price,2021-22,regular,NHL,MTL,G,5on5,15,9.7131,161,-5.2869
8471695,Tuukka Rask,2021-22,regular,NHL,BOS,G,5on5,11,5.3634,93,-5.6366
8471734,Jonathan Quick,2021-22,regular,NHL,LAK,G,5on5,76,90.5798,1378,14.5798
8471774,Alex Stalock,2021-22,regular,NHL,SJS,G,5on5,6,2.168,32,-3.832
8473503,James Reimer,2021-22,regular,NHL,SJS,G,5on5,101,94.3897,1641,-6.6103
8473541,Jonathan Bernier,2021-22,regular,NHL,NJD,G,5on5,15,15.2697,270,0.2697
8473575,Semyon Varlamov,2021-22,regular,NHL,NYI,G,5on5,73,72.019,1089,-0.981
8474593,Jacob Markstrom,2021-22,regular,NHL,CGY,G,5on5,100,116.564,1904,16.564
8474596,Jake Allen,2021-22,regular,NHL,MTL,G,5on5,70,76.3109,1195,6.3109
8474636,Michael Hutchinson,2021-22,regular,NHL,TOR,G,5on5,5,3.0919,42,-1.9081
8474651,Braden Holtby,2021-22,regular,NHL,DAL,G,5on5,43,43.3192,756,0.3192
8474667,Harri Sateri,2021-22,regular,NHL,ARI,G,5on5,16,13.2798,189,-2.7202
8474682,Dustin Tokarski,2021-22,regular,NHL,BUF,G,5on5,66,58.1224,951,-7.8776
8474889,Martin Jones,2021-22,regular,NHL,PHI,G,5on5,84,76.9169,1266,-7.0831
8475156,Mikko Koskinen,2021-22,regular,NHL,EDM,G,5on5,99,95.431,1499,-3.569
8475215,Robin Lehner,2021-22,regular,NHL,VGK,G,5on5,90,89.9893,1370,-0.0107
8475234,J-F Berube,2021-22,regular,NHL,CBJ,G,5on5,18,12.7778,208,-5.2222
8475311,Darcy Kuemper,2021-22,regular,NHL,COL,G,5on5,97,101.2614,1807,4.2614
8475622,Carter Hutton,2021-22,regular,NHL,ARI,G,5on5,10,3.5126,60,-6.4874
8475660,Cam Talbot,2021-22,regular,NHL,MIN,G,5on5,89,81.4035,1524,-7.5965
8475683,Sergei Bobrovsky,2021-22,regular,NHL,FLA,G,5on5,98,103.4704,1591,5.4704
8475717,Calvin Pickard,2021-22,regular,NHL,DET,G,5on5,4,3.0633,67,-0.9367
8475789,Jack Campbell,2021-22,regular,NHL,TOR,G,5on5,96,88.5813,1574,-7.4187
8475809,Scott Wedgewood,2021-22,regular,NHL,DAL,G,5on5,81,82.7935,1335,1.7935
8475831,Philipp Grubauer,2021-22,regular,NHL,SEA,G,5on5,125,94.8688,1653,-30.1312
8475839,Louis Domingue,2021-22,regular,NHL,PIT,G,5on5,3,4.6064,78,1.6064
8475852,Petr Mrazek,2021-22,regular,NHL,TOR,G,5on5,45,35.0623,543,-9.9377
8475883,Frederik Andersen,2021-22,regular,NHL,CAR,G,5on5,83,96.3162,1550,13.3162
8475920,Michael Houser,2021-22,regular,NHL,BUF,G,5on5,2,2.903,78,0.903
8476234,Keith Kinkaid,2021-22,regular,NHL,NYR,G,5on5,1,1.9875,38,0.9875
8476316,Laurent Brossoit,2021-22,regular,NHL,VGK,G,5on5,40,45.3439,655,5.3439
8476341,Anton Forsberg,2021-22,regular,NHL,OTT,G,5on5,88,91.7957,1522,3.7957
8476343,Garret Sparks,2021-22,regular,NHL,LAK,G,5on5,3,2.5319,45,-0.4681
8476412,Jordan Binnington,2021-22,regular,NHL,STL,G,5on5,85,77.7645,1307,-7.2355
8476433,Magnus Hellberg,2021-22,regular,NHL,DET,G,5on5,3,1.9276,27,-1.0724
8476434,John Gibson,2021-22,regular,NHL,ANA,G,5on5,130,118.418,1961,-11.582
8476509,Maxime Lagace,2021-22,regular,NHL,TBL,G,5on5,9,4.4691,57,-4.5309
8476876,Malcolm Subban,2021-22,regular,NHL,BUF,G,5on5,12,9.0519,141,-2.9481
8476883,Andrei Vasilevskiy,2021-22,regular,NHL,TBL,G,5on5,109,127.4658,2016,18.4658
8476899,Matt Murray,2021-22,regular,NHL,OTT,G,5on5,42,46.5244,701,4.5244
8476903,Jon Gillies,2021-22,regular,NHL,NJD,G,5on5,47,38.5431,616,-8.4569
8476904,Chris Driedger,2021-22,regular,NHL,SEA,G,5on5,47,50.0417,823,3.0417
8476914,Joonas Korpisalo,2021-22,regular,NHL,CBJ,G,5on5,57,46.2642,659,-10.7358
8476932,Anthony Stolarz,2021-22,regular,NHL,ANA,G,5on5,50,49.4529,866,-0.5471
8476945,Connor Hellebuyck,2021-22,regular,NHL,WPG,G,5on5,134,140.0873,2291,6.0873
8476999,Linus Ullmark,2021-22,regular,NHL,BOS,G,5on5,68,64.8012,1171,-3.1988
8477180,Aaron Dell,2021-22,regular,NHL,BUF,G,5on5,23,22.776,371,-0.224
8477202,Andrew Hammond,2021-22,regular,NHL,NJD,G,5on5,26,22.1622,343,-3.8378
8477293,Antti Raanta,2021-22,regular,NHL,CAR,G,5on5,44,52.4299,788,8.4299
8477361,Cal Petersen,2021-22,regular,NHL,LAK,G,5on5,74,71.4504,1108,-2.5496
8477424,Juuse Saros,2021-22,regular,NHL,NSH,G,5on5,113,124.2986,2114,11.2986
8477457,Zach Fucale,2021-22,regular,NHL,WSH,G,5on5,2,4.6002,79,2.6002
8477465,Tristan Jarry,2021-22,regular,NHL,PIT,G,5on5,102,106.6826,1806,4.6826
8477480,Eric Comrie,2021-22,regular,NHL,WPG,G,5on5,28,40.067,598,12.067
8477484,Spencer Martin,2021-22,regular,NHL,VAN,G,5on5,8,14.0304,215,6.0304
8477831,Pheonix Copley,2021-22,regular,NHL,WSH,G,5on5,2,2.4741,59,0.4741
8477967,Thatcher Demko,2021-22,regular,NHL,VAN,G,5on5,106,128.6721,2121,22.6721
8477968,Alex Nedeljkovic,2021-22,regular,NHL,DET,G,5on5,128,127.9413,1934,-0.0587
8477970,Vitek Vanecek,2021-22,regular,NHL,WSH,G,5on5,66,72.2713,1234,6.2713
8477992,Jonas Johansson,2021-22,regular,NHL,FLA,G,5on5,33,17.6731,288,-15.3269
8478007,Elvis Merzlikins,2021-22,regular,NHL,CBJ,G,5on5,132,134.3438,2111,2.3438
8478009,Ilya Sorokin,2021-22,regular,NHL,NYI,G,5on5,85,110.1989,1834,25.1989
8478024,Ville Husso,2021-22,regular,NHL,STL,G,5on5,75,89.1938,1413,14.1938
8478039,Kaapo Kahkonen,2021-22,regular,NHL,SJS,G,5on5,63,64.8614,1115,1.8614
8478048,Igor Shesterkin,2021-22,regular,NHL,NYR,G,5on5,82,107.6159,1743,25.6159
8478406,Mackenzie Blackwood,2021-22,regular,NHL,NJD,G,5on5,63,53.36,853,-9.64
8478433,Felix Sandstrom,2021-22,regular,NHL,PHI,G,5on5,10,12.3743,180,2.3743
8478435,Dan Vladar,2021-22,regular,NHL,CGY,G,5on5,39,39.2811,696,0.2811
8478470,Samuel Montembeault,2021-22,regular,NHL,MTL,G,5on5,74,71.5732,1143,-2.4268
8478492,Ilya Samsonov,2021-22,regular,NHL,WSH,G,5on5,88,76.5958,1286,-11.4042
8478499,Adin Hill,2021-22,regular,NHL,SJS,G,5on5,44,43.8092,743,-0.1908
8478872,Karel Vejmelka,2021-22,regular,NHL,ARI,G,5on5,124,108.9904,1770,-15.0096
8478902,Erik Kallgren,2021-22,regular,NHL,TOR,G,5on5,28,24.7833,407,-3.2167
8478903,Adam Huska,2021-22,regular,NHL,NYR,G,5on5,6,2.5623,35,-3.4377
8478916,Joey Daccord,2021-22,regular,NHL,SEA,G,5on5,16,12.0625,144,-3.9375
8478933,Michael McNiven,2021-22,regular,NHL,MTL,G,5on5,2,0.8987,10,-1.1013
8478971,Connor Ingram,2021-22,regular,NHL,NSH,G,5on5,10,4.4712,89,-5.5288
8479193,Casey DeSmith,2021-22,regular,NHL,PIT,G,5on5,48,46.8554,815,-1.1446
8479292,Charlie Lindgren,2021-22,regular,NHL,STL,G,5on5,5,7.7426,145,2.7426
8479312,Alex Lyon,2021-22,regular,NHL,CAR,G,5on5,4,5.8043,73,1.8043
8479313,Zach Sawchenko,2021-22,regular,NHL,SJS,G,5on5,9,11.2792,170,2.2792
8479361,Joseph Woll,2021-22,regular,NHL,TOR,G,5on5,8,9.1362,148,1.1362
8479394,Carter Hart,2021-22,regular,NHL,PHI,G,5on5,96,97.1309,1561,1.1309
8479406,Filip Gustavsson,2021-22,regular,NHL,OTT,G,5on5,42,41.1022,616,-0.8978
8479496,David Rittich,2021-22,regular,NHL,NSH,G,5on5,33,28.0177,472,-4.9823
8479581,Jack LaFontaine,2021-22,regular,NHL,CAR,G,5on5,8,3.3285,50,-4.6715
8479973,Stuart Skinner,2021-22,regular,NHL,EDM,G,5on5,25,23.5465,385,-1.4535
8479979,Jake Oettinger,2021-22,regular,NHL,DAL,G,5on5,85,85.7353,1504,0.7353
8480022,Michael DiPietro,2021-22,regular,NHL,VAN,G,5on5,2,1.7956,21,-0.2044
8480045,Ukko-Pekka Luukkonen,2021-22,regular,NHL,BUF,G,5on5,20,16.9338,333,-3.0662
8480051,Cayden Primeau,2021-22,regular,NHL,MTL,G,5on5,32,20.8787,324,-11.1213
8480193,Daniil Tarasov,2021-22,regular,NHL,CBJ,G,5on5,7,9.4044,130,2.4044
8480280,Jeremy Swayman,2021-22,regular,NHL,BOS,G,5on5,65,63.3462,1183,-1.6538
8480313,Logan Thompson,2021-22,regular,NHL,VGK,G,5on5,36,37.7782,638,1.7782
8480373,Josef Korenar,2021-22,regular,NHL,ARI,G,5on5,2,2.1287,38,0.1287
8480382,Alexandar Georgiev,2021-22,regular,NHL,NYR,G,5on5,59,61.3002,984,2.3002
8480420,Collin Delia,2021-22,regular,NHL,CHI,G,5on5,15,13.6077,241,-1.3923
8480591,Thomas Hodges,2021-22,regular,NHL,ANA,G,5on5,0,0.087,3,0.087
8480843,Lukas Dostal,2021-22,regular,NHL,ANA,G,5on5,7,6.7262,117,-0.2738
8480925,Pavel Francouz,2021-22,regular,NHL,COL,G,5on5,34,33.0997,633,-0.9003
8480947,Kevin Lankinen,2021-22,regular,NHL,CHI,G,5on5,75,61.0939,1044,-13.9061
8480981,Joel Hofer,2021-22,regular,NHL,STL,G,5on5,3,3.1381,55,0.1381
8481020,Justus Annunen,2021-22,regular,NHL,COL,G,5on5,3,2.7415,54,-0.2585
8481031,Ivan Prosvetov,2021-22,regular,NHL,ARI,G,5on5,10,6.9555,108,-3.0445
8481033,Akira Schmid,2021-22,regular,NHL,NJD,G,5on5,16,8.4313,134,-7.5687
8481519,Spencer Knight,2021-22,regular,NHL,FLA,G,5on5,49,52.3804,873,3.3804
8481544,Mads Sogaard,2021-22,regular,NHL,OTT,G,5on5,3,3.4355,50,0.4355
8481597,Hugo Alnefelt,2021-22,regular,NHL,TBL,G,5on5,2,0.317,7,-1.683
8481611,Pyotr Kochetkov,2021-22,regular,NHL,CAR,G,5on5,3,3.2107,53,0.2107
8482076,Nico Daws,2021-22,regular,NHL,NJD,G,5on5,47,45.243,747,-1.757
8482821,Arvid Soderblom,2021-22,regular,NHL,CHI,G,5on5,9,5.7352,95,-3.2648
8467950,Craig Anderson,2021-22,regular,NHL,BUF,G,4on5,12,13.3804,165,1.3804
8469608,Mike Smith,2021-22,regular,NHL,EDM,G,4on5,18,19.5513,197,1.5513
8470594,Marc-Andre Fleury,2021-22,regular,NHL,MIN,G,4on5,35,30.8268,321,-4.1732
8470860,Jaroslav Halak,2021-22,regular,NHL,VAN,G,4on5,11,7.6117,86,-3.3883
8470880,Brian Elliott,2021-22,regular,NHL,TBL,G,4on5,10,10.4236,101,0.4236
8471239,Cory Schneider,2021-22,regular,NHL,NYI,G,4on5,0,0.7124,7,0.7124
8471306,Thomas Greiss,2021-22,regular,NHL,DET,G,4on5,21,14.609,135,-6.391
8471418,Anton Khudobin,2021-22,regular,NHL,DAL,G,4on5,9,4.5697,56,-4.4303
8471679,Carey Price,2021-22,regular,NHL,MTL,G,4on5,2,2.7654,27,0.7654
8471695,Tuukka Rask,2021-22,regular,NHL,BOS,G,4on5,2,1.0212,16,-0.9788
8471734,Jonathan Quick,2021-22,regular,NHL,LAK,G,4on5,29,25.3351,251,-3.6649
8471774,Alex Stalock,2021-22,regular,NHL,SJS,G,4on5,0,0.296,2,0.296
8473503,James Reimer,2021-22,regular,NHL,SJS,G,4on5,12,22.5865,243,10.5865
8473541,Jonathan Bernier,2021-22,regular,NHL,NJD,G,4on5,5,3.7832,48,-1.2168
8473575,Semyon Varlamov,2021-22,regular,NHL,NYI,G,4on5,11,13.3298,148,2.3298
8474593,Jacob Markstrom,2021-22,regular,NHL,CGY,G,4on5,25,25.9864,295,0.9864
8474596,Jake Allen,2021-22,regular,NHL,MTL,G,4on5,26,20.951,228,-5.049
8474636,Michael Hutchinson,2021-22,regular,NHL,TOR,G,4on5,1,0.9258,9,-0.0742
8474651,Braden Holtby,2021-22,regular,NHL,DAL,G,4on5,13,9.5873,120,-3.4127
8474667,Harri Sateri,2021-22,regular,NHL,ARI,G,4on5,3,3.2767,35,0.2767
8474682,Dustin Tokarski,2021-22,regular,NHL,BUF,G,4on5,17,14.4676,153,-2.5324
8474889,Martin Jones,2021-22,regular,NHL,PHI,G,4on5,20,17.6877,178,-2.3123
8475156,Mikko Koskinen,2021-22,regular,NHL,EDM,G,4on5,27,26.0207,277,-0.9793
8475215,Robin Lehner,2021-22,regular,NHL,VGK,G,4on5,23,22.6753,221,-0.3247
8475234,J-F Berube,2021-22,regular,NHL,CBJ,G,4on5,1,2.7053,27,1.7053
8475311,Darcy Kuemper,2021-22,regular,NHL,COL,G,4on5,28,30.7218,338,2.7218
8475622,Carter Hutton,2021-22,regular,NHL,ARI,G,4on5,4,1.0118,11,-2.9882
8475660,Cam Talbot,2021-22,regular,NHL,MIN,G,4on5,33,25.2896,310,-7.7104
8475683,Sergei Bobrovsky,2021-22,regular,NHL,FLA,G,4on5,25,26.6094,311,1.6094
8475717,Calvin Pickard,2021-22,regular,NHL,DET,G,4on5,4,2.4023,21,-1.5977
8475789,Jack Campbell,2021-22,regular,NHL,TOR,G,4on5,17,16.6654,205,-0.3346
8475809,Scott Wedgewood,2021-22,regular,NHL,DAL,G,4on5,19,16.702,198,-2.298
8475831,Philipp Grubauer,2021-22,regular,NHL,SEA,G,4on5,28,25.4143,282,-2.5857
8475839,Louis Domingue,2021-22,regular,NHL,PIT,G,4on5,1,1.7677,19,0.7677
8475852,Petr Mrazek,2021-22,regular,NHL,TOR,G,4on5,9,7.707,85,-1.293
8475883,Frederik Andersen,2021-22,regular,NHL,CAR,G,4on5,17,21.9336,250,4.9336
8475920,Michael Houser,2021-22,regular,NHL,BUF,G,4on5,2,2.0904,24,0.0904
8476234,Keith Kinkaid,2021-22,regular,NHL,NYR,G,4on5,0,0.2918,3,0.2918
8476316,Laurent Brossoit,2021-22,regular,NHL,VGK,G,4on5,15,10.1891,116,-4.8109
8476341,Anton Forsberg,2021-22,regular,NHL,OTT,G,4on5,20,26.1945,297,6.1945
8476343,Garret Sparks,2021-22,regular,NHL,LAK,G,4on5,0,1.1332,14,1.1332
8476412,Jordan Binnington,2021-22,regular,NHL,STL,G,4on5,17,15.209,162,-1.791
8476434,John Gibson,2021-22,regular,NHL,ANA,G,4on5,25,33.2068,345,8.2068
8476509,Maxime Lagace,2021-22,regular,NHL,TBL,G,4on5,1,0.8212,7,-0.1788
8476876,Malcolm Subban,2021-22,regular,NHL,BUF,G,4on5,3,1.9265,18,-1.0735
8476883,Andrei Vasilevskiy,2021-22,regular,NHL,TBL,G,4on5,34,30.728,347,-3.272
8476899,Matt Murray,2021-22,regular,NHL,OTT,G,4on5,13,11.676,129,-1.324
8476903,Jon Gillies,2021-22,regular,NHL,NJD,G,4on5,6,7.5959,71,1.5959
8476904,Chris Driedger,2021-22,regular,NHL,SEA,G,4on5,20,13.1934,138,-6.8066
8476914,Joonas Korpisalo,2021-22,regular,NHL,CBJ,G,4on5,13,12.2223,114,-0.7777
8476932,Anthony Stolarz,2021-22,regular,NHL,ANA,G,4on5,9,14.581,156,5.581
8476945,Connor Hellebuyck,2021-22,regular,NHL,WPG,G,4on5,38,37.8771,400,-0.1229
8476999,Linus Ullmark,2021-22,regular,NHL,BOS,G,4on5,21,22.6267,244,1.6267
8477180,Aaron Dell,2021-22,regular,NHL,BUF,G,4on5,12,6.5051,61,-5.4949
8477202,Andrew Hammond,2021-22,regular,NHL,NJD,G,4on5,4,6.4615,60,2.4615
8477293,Antti Raanta,2021-22,regular,NHL,CAR,G,4on5,8,9.6366,109,1.6366
8477361,Cal Petersen,2021-22,regular,NHL,LAK,G,4on5,23,20.2906,194,-2.7094
8477424,Juuse Saros,2021-22,regular,NHL,NSH,G,4on5,41,43.456,477,2.456
8477457,Zach Fucale,2021-22,regular,NHL,WSH,G,4on5,1,1.1443,13,0.1443
8477465,Tristan Jarry,2021-22,regular,NHL,PIT,G,4on5,15,21.2385,256,6.2385
8477480,Eric Comrie,2021-22,regular,NHL,WPG,G,4on5,12,8.8519,99,-3.1481
8477484,Spencer Martin,2021-22,regular,NHL,VAN,G,4on5,2,4.8586,48,2.8586
8477831,Pheonix Copley,2021-22,regular,NHL,WSH,G,4on5,2,0.3051,5,-1.6949
8477967,Thatcher Demko,2021-22,regular,NHL,VAN,G,4on5,37,33.0999,341,-3.9001
8477968,Alex Nedeljkovic,2021-22,regular,NHL,DET,G,4on5,28,26.2399,267,-1.7601
8477970,Vitek Vanecek,2021-22,regular,NHL,WSH,G,4on5,18,17.6823,195,-0.3177
8477992,Jonas Johansson,2021-22,regular,NHL,FLA,G,4on5,4,2.3914,33,-1.6086
8478007,Elvis Merzlikins,2021-22,regular,NHL,CBJ,G,4on5,30,27.9526,303,-2.0474
8478009,Ilya Sorokin,2021-22,regular,NHL,NYI,G,4on5,21,21.3074,255,0.3074
8478024,Ville Husso,2021-22,regular,NHL,STL,G,4on5,15,16.1899,187,1.1899
8478039,Kaapo Kahkonen,2021-22,regular,NHL,SJS,G,4on5,22,21.7876,242,-0.2124
8478048,Igor Shesterkin,2021-22,regular,NHL,NYR,G,4on5,16,27.3178,317,11.3178
8478406,Mackenzie Blackwood,2021-22,regular,NHL,NJD,G,4on5,8,9.2139,98,1.2139
8478433,Felix Sandstrom,2021-22,regular,NHL,PHI,G,4on5,3,4.2765,45,1.2765
8478435,Dan Vladar,2021-22,regular,NHL,CGY,G,4on5,12,9.1812,112,-2.8188
8478470,Samuel Montembeault,2021-22,regular,NHL,MTL,G,4on5,27,21.2544,232,-5.7456
8478492,Ilya Samsonov,2021-22,regular,NHL,WSH,G,4on5,16,16.4514,174,0.4514
8478499,Adin Hill,2021-22,regular,NHL,SJS,G,4on5,10,8.8492,111,-1.1508
8478872,Karel Vejmelka,2021-22,regular,NHL,ARI,G,4on5,38,32.2081,365,-5.7919
8478902,Erik Kallgren,2021-22,regular,NHL,TOR,G,4on5,11,6.4152,69,-4.5848
8478903,Adam Huska,2021-22,regular,NHL,NYR,G,4on5,1,0.9712,13,-0.0288
8478916,Joey Daccord,2021-22,regular,NHL,SEA,G,4on5,3,2.9695,32,-0.0305
8478933,Michael McNiven,2021-22,regular,NHL,MTL,G,4on5,1,0.1847,2,-0.8153
8478971,Connor Ingram,2021-22,regular,NHL,NSH,G,4on5,1,3.2637,25,2.2637
8479193,Casey DeSmith,2021-22,regular,NHL,PIT,G,4on5,13,11.3464,134,-1.6536
8479292,Charlie Lindgren,2021-22,regular,NHL,STL,G,4on5,0,1.3271,14,1.3271
8479312,Alex Lyon,2021-22,regular,NHL,CAR,G,4on5,1,2.1405,15,1.1405
8479313,Zach Sawchenko,2021-22,regular,NHL,SJS,G,4on5,3,2.1184,22,-0.8816
8479361,Joseph Woll,2021-22,regular,NHL,TOR,G,4on5,3,2.1434,19,-0.8566
8479394,Carter Hart,2021-22,regular,NHL,PHI,G,4on5,28,23.357,249,-4.643
8479406,Filip Gustavsson,2021-22,regular,NHL,OTT,G,4on5,13,9.8063,103,-3.1937
8479496,David Rittich,2021-22,regular,NHL,NSH,G,4on5,11,7.6649,75,-3.3351
8479581,Jack LaFontaine,2021-22,regular,NHL,CAR,G,4on5,1,0.0586,1,-0.9414
8479973,Stuart Skinner,2021-22,regular,NHL,EDM,G,4on5,6,5.9629,62,-0.0371
8479979,Jake Oettinger,2021-22,regular,NHL,DAL,G,4on5,19,17.1486,194,-1.8514
8480022,Michael DiPietro,2021-22,regular,NHL,VAN,G,4on5,1,0.2228,2,-0.7772
8480045,Ukko-Pekka Luukkonen,2021-22,regular,NHL,BUF,G,4on5,2,3.9415,47,1.9415
8480051,Cayden Primeau,2021-22,regular,NHL,MTL,G,4on5,7,3.1824,51,-3.8176
8480193,Daniil Tarasov,2021-22,regular,NHL,CBJ,G,4on5,0,0.5141,7,0.5141
8480280,Jeremy Swayman,2021-22,regular,NHL,BOS,G,4on5,20,18.1146,213,-1.8854
8480313,Logan Thompson,2021-22,regular,NHL,VGK,G,4on5,8,7.4004,78,-0.5996
8480373,Josef Korenar,2021-22,regular,NHL,ARI,G,4on5,0,0.648,7,0.648
8480382,Alexandar Georgiev,2021-22,regular,NHL,NYR,G,4on5,21,12.8902,137,-8.1098
8480420,Collin Delia,2021-22,regular,NHL,CHI,G,4on5,3,2.6877,31,-0.3123
8480591,Thomas Hodges,2021-22,regular,NHL,ANA,G,4on5,1,0.1242,1,-0.8758
8480843,Lukas Dostal,2021-22,regular,NHL,ANA,G,4on5,2,1.7474,18,-0.2526
8480925,Pavel Francouz,2021-22,regular,NHL,COL,G,4on5,9,8.2249,89,-0.7751
8480947,Kevin Lankinen,2021-22,regular,NHL,CHI,G,4on5,17,13.5167,164,-3.4833
8480981,Joel Hofer,2021-22,regular,NHL,STL,G,4on5,1,1.1188,12,0.1188
8481020,Justus Annunen,2021-22,regular,NHL,COL,G,4on5,2,0.6633,10,-1.3367
8481031,Ivan Prosvetov,2021-22,regular,NHL,ARI,G,4on5,2,1.7824,25,-0.2176
8481033,Akira Schmid,2021-22,regular,NHL,NJD,G,4on5,1,0.6494,8,-0.3506
8481519,Spencer Knight,2021-22,regular,NHL,FLA,G,4on5,23,18.9669,208,-4.0331
8481544,Mads Sogaard,2021-22,regular,NHL,OTT,G,4on5,2,1.4295,16,-0.5705
8481597,Hugo Alnefelt,2021-22,regular,NHL,TBL,G,4on5,0,0.1854,1,0.1854
8481611,Pyotr Kochetkov,2021-22,regular,NHL,CAR,G,4on5,2,1.4345,12,-0.5655
8482076,Nico Daws,2021-22,regular,NHL,NJD,G,4on5,14,10.5668,91,-3.4332
8482821,Arvid Soderblom,2021-22,regular,NHL,CHI,G,4on5,3,2.1425,25,-0.8575
8467950,Craig Anderson,2021-22,regular,NHL,BUF,G,5on4,2,3.1901,38,1.1901
8469608,Mike Smith,2021-22,regular,NHL,EDM,G,5on4,3,1.4132,20,-1.5868
8470594,Marc-Andre Fleury,2021-22,regular,NHL,MIN,G,5on4,4,4.2369,57,0.2369
8470860,Jaroslav Halak,2021-22,regular,NHL,VAN,G,5on4,0,0.3694,6,0.3694
8470880,Brian Elliott,2021-22,regular,NHL,TBL,G,5on4,1,1.2855,16,0.2855
8471306,Thomas Greiss,2021-22,regular,NHL,DET,G,5on4,2,2.2229,25,0.2229
8471418,Anton Khudobin,2021-22,regular,NHL,DAL,G,5on4,0,0.345,4,0.345
8471679,Carey Price,2021-22,regular,NHL,MTL,G,5on4,1,0.5993,5,-0.4007
8471695,Tuukka Rask,2021-22,regular,NHL,BOS,G,5on4,1,0.3976,4,-0.6024
8471734,Jonathan Quick,2021-22,regular,NHL,LAK,G,5on4,4,3.6555,41,-0.3445
8471774,Alex Stalock,2021-22,regular,NHL,SJS,G,5on4,0,0.1443,2,0.1443
8473503,James Reimer,2021-22,regular,NHL,SJS,G,5on4,4,3.6863,43,-0.3137
8473541,Jonathan Bernier,2021-22,regular,NHL,NJD,G,5on4,1,1.5661,13,0.5661
8473575,Semyon Varlamov,2021-22,regular,NHL,NYI,G,5on4,2,2.5856,32,0.5856
8474593,Jacob Markstrom,2021-22,regular,NHL,CGY,G,5on4,1,4.2352,71,3.2352
8474596,Jake Allen,2021-22,regular,NHL,MTL,G,5on4,3,2.4933,26,-0.5067
8474636,Michael Hutchinson,2021-22,regular,NHL,TOR,G,5on4,0,0.2219,1,0.2219
8474651,Braden Holtby,2021-22,regular,NHL,DAL,G,5on4,1,2.5164,34,1.5164
8474667,Harri Sateri,2021-22,regular,NHL,ARI,G,5on4,0,1.4892,7,1.4892
8474682,Dustin Tokarski,2021-22,regular,NHL,BUF,G,5on4,2,2.6361,29,0.6361
8474889,Martin Jones,2021-22,regular,NHL,PHI,G,5on4,3,3.0328,48,0.0328
8475156,Mikko Koskinen,2021-22,regular,NHL,EDM,G,5on4,2,3.9135,41,1.9135
8475215,Robin Lehner,2021-22,regular,NHL,VGK,G,5on4,2,3.3415,43,1.3415
8475234,J-F Berube,2021-22,regular,NHL,CBJ,G,5on4,0,0.2664,5,0.2664
8475311,Darcy Kuemper,2021-22,regular,NHL,COL,G,5on4,1,4.349,57,3.349
8475622,Carter Hutton,2021-22,regular,NHL,ARI,G,5on4,0,0.1263,4,0.1263
8475660,Cam Talbot,2021-22,regular,NHL,MIN,G,5on4,2,3.2115,54,1.2115
8475683,Sergei Bobrovsky,2021-22,regular,NHL,FLA,G,5on4,5,4.386,55,-0.614
8475789,Jack Campbell,2021-22,regular,NHL,TOR,G,5on4,1,2.9214,40,1.9214
8475809,Scott Wedgewood,2021-22,regular,NHL,DAL,G,5on4,1,2.1382,29,1.1382
8475831,Philipp Grubauer,2021-22,regular,NHL,SEA,G,5on4,2,2.6397,42,0.6397
8475839,Louis Domingue,2021-22,regular,NHL,PIT,G,5on4,0,0.0103,1,0.0103
8475852,Petr Mrazek,2021-22,regular,NHL,TOR,G,5on4,1,0.9581,15,-0.0419
8475883,Frederik Andersen,2021-22,regular,NHL,CAR,G,5on4,1,5.1645,60,4.1645
8476234,Keith Kinkaid,2021-22,regular,NHL,NYR,G,5on4,1,0.0411,1,-0.9589
8476316,Laurent Brossoit,2021-22,regular,NHL,VGK,G,5on4,2,1.6061,21,-0.3939
8476341,Anton Forsberg,2021-22,regular,NHL,OTT,G,5on4,1,2.5462,33,1.5462
8476343,Garret Sparks,2021-22,regular,NHL,LAK,G,5on4,0,0.3648,2,0.3648
8476412,Jordan Binnington,2021-22,regular,NHL,STL,G,5on4,3,3.9531,44,0.9531
8476433,Magnus Hellberg,2021-22,regular,NHL,DET,G,5on4,0,0.172,1,0.172
8476434,John Gibson,2021-22,regular,NHL,ANA,G,5on4,1,3.7891,52,2.7891
8476509,Maxime Lagace,2021-22,regular,NHL,TBL,G,5on4,0,0.2405,2,0.2405
8476876,Malcolm Subban,2021-22,regular,NHL,BUF,G,5on4,1,0.8428,6,-0.1572
8476883,Andrei Vasilevskiy,2021-22,regular,NHL,TBL,G,5on4,2,7.0155,74,5.0155
8476899,Matt Murray,2021-22,regular,NHL,OTT,G,5on4,2,1.6831,21,-0.3169
8476903,Jon Gillies,2021-22,regular,NHL,NJD,G,5on4,3,2.1249,24,-0.8751
8476904,Chris Driedger,2021-22,regular,NHL,SEA,G,5on4,2,1.6514,26,-0.3486
8476914,Joonas Korpisalo,2021-22,regular,NHL,CBJ,G,5on4,1,2.3796,27,1.3796
8476932,Anthony Stolarz,2021-22,regular,NHL,ANA,G,5on4,2,1.752,29,-0.248
8476945,Connor Hellebuyck,2021-22,regular,NHL,WPG,G,5on4,5,5.3459,76,0.3459
8476999,Linus Ullmark,2021-22,regular,NHL,BOS,G,5on4,1,4.0085,55,3.0085
8477180,Aaron Dell,2021-22,regular,NHL,BUF,G,5on4,1,0.7032,14,-0.2968
8477202,Andrew Hammond,2021-22,regular,NHL,NJD,G,5on4,3,1.5971,11,-1.4029
8477293,Antti Raanta,2021-22,regular,NHL,CAR,G,5on4,2,1.1002,18,-0.8998
8477361,Cal Petersen,2021-22,regular,NHL,LAK,G,5on4,4,2.9576,44,-1.0424
8477424,Juuse Saros,2021-22,regular,NHL,NSH,G,5on4,4,6.3261,68,2.3261
8477457,Zach Fucale,2021-22,regular,NHL,WSH,G,5on4,0,0.0435,3,0.0435
8477465,Tristan Jarry,2021-22,regular,NHL,PIT,G,5on4,5,6.9579,73,1.9579
8477480,Eric Comrie,2021-22,regular,NHL,WPG,G,5on4,2,1.0597,13,-0.9403
8477484,Spencer Martin,2021-22,regular,NHL,VAN,G,5on4,0,0.1675,3,0.1675
8477831,Pheonix Copley,2021-22,regular,NHL,WSH,G,5on4,1,0.595,4,-0.405
8477967,Thatcher Demko,2021-22,regular,NHL,VAN,G,5on4,6,5.3532,69,-0.6468
8477968,Alex Nedeljkovic,2021-22,regular,NHL,DET,G,5on4,7,4.3353,58,-2.6647
8477970,Vitek Vanecek,2021-22,regular,NHL,WSH,G,5on4,3,3.0236,47,0.0236
8477992,Jonas Johansson,2021-22,regular,NHL,FLA,G,5on4,0,0.5754,11,0.5754
8478007,Elvis Merzlikins,2021-22,regular,NHL,CBJ,G,5on4,4,5.3266,54,1.3266
8478009,Ilya Sorokin,2021-22,regular,NHL,NYI,G,5on4,4,3.379,45,-0.621
8478024,Ville Husso,2021-22,regular,NHL,STL,G,5on4,1,3.2627,40,2.2627
8478039,Kaapo Kahkonen,2021-22,regular,NHL,SJS,G,5on4,2,2.2951,36,0.2951
8478048,Igor Shesterkin,2021-22,regular,NHL,NYR,G,5on4,0,3.164,48,3.164
8478406,Mackenzie Blackwood,2021-22,regular,NHL,NJD,G,5on4,4,2.6655,25,-1.3345
8478433,Felix Sandstrom,2021-22,regular,NHL,PHI,G,5on4,1,0.4875,6,-0.5125
8478435,Dan Vladar,2021-22,regular,NHL,CGY,G,5on4,2,1.7665,18,-0.2335
8478470,Samuel Montembeault,2021-22,regular,NHL,MTL,G,5on4,7,3.2193,38,-3.7807
8478492,Ilya Samsonov,2021-22,regular,NHL,WSH,G,5on4,4,2.6908,50,-1.3092
8478499,Adin Hill,2021-22,regular,NHL,SJS,G,5on4,4,1.4842,25,-2.5158
8478872,Karel Vejmelka,2021-22,regular,NHL,ARI,G,5on4,3,2.8383,48,-0.1617
8478902,Erik Kallgren,2021-22,regular,NHL,TOR,G,5on4,1,1.1019,19,0.1019
8478903,Adam Huska,2021-22,regular,NHL,NYR,G,5on4,0,0.1918,2,0.1918
8478916,Joey Daccord,2021-22,regular,NHL,SEA,G,5on4,1,0.5725,6,-0.4275
8478971,Connor Ingram,2021-22,regular,NHL,NSH,G,5on4,0,0.5381,4,0.5381
8479193,Casey DeSmith,2021-22,regular,NHL,PIT,G,5on4,2,2.0818,30,0.0818
8479292,Charlie Lindgren,2021-22,regular,NHL,STL,G,5on4,0,0.0454,3,0.0454
8479312,Alex Lyon,2021-22,regular,NHL,CAR,G,5on4,0,0.3103,3,0.3103
8479313,Zach Sawchenko,2021-22,regular,NHL,SJS,G,5on4,1,1.0066,14,0.0066
8479361,Joseph Woll,2021-22,regular,NHL,TOR,G,5on4,0,0.1851,4,0.1851
8479394,Carter Hart,2021-22,regular,NHL,PHI,G,5on4,4,3.694,43,-0.306
8479406,Filip Gustavsson,2021-22,regular,NHL,OTT,G,5on4,1,1.5192,21,0.5192
8479496,David Rittich,2021-22,regular,NHL,NSH,G,5on4,1,0.7539,11,-0.2461
8479581,Jack LaFontaine,2021-22,regular,NHL,CAR,G,5on4,0,0.0231,1,0.0231
8479973,Stuart Skinner,2021-22,regular,NHL,EDM,G,5on4,1,1.3228,8,0.3228
8479979,Jake Oettinger,2021-22,regular,NHL,DAL,G,5on4,3,4.0743,56,1.0743
8480045,Ukko-Pekka Luukkonen,2021-22,regular,NHL,BUF,G,5on4,0,0.235,4,0.235
8480051,Cayden Primeau,2021-22,regular,NHL,MTL,G,5on4,0,1.1182,12,1.1182
8480193,Daniil Tarasov,2021-22,regular,NHL,CBJ,G,5on4,0,0.1877,6,0.1877
8480280,Jeremy Swayman,2021-22,regular,NHL,BOS,G,5on4,4,4.5198,53,0.5198
8480313,Logan Thompson,2021-22,regular,NHL,VGK,G,5on4,2,1.5998,17,-0.4002
8480382,Alexandar Georgiev,2021-22,regular,NHL,NYR,G,5on4,1,1.7284,23,0.7284
8480420,Collin Delia,2021-22,regular,NHL,CHI,G,5on4,1,0.3616,6,-0.6384
8480843,Lukas Dostal,2021-22,regular,NHL,ANA,G,5on4,0,0.1348,3,0.1348
8480925,Pavel Francouz,2021-22,regular,NHL,COL,G,5on4,2,0.854,16,-1.146
8480947,Kevin Lankinen,2021-22,regular,NHL,CHI,G,5on4,2,1.9096,34,-0.0904
8480981,Joel Hofer,2021-22,regular,NHL,STL,G,5on4,1,0.372,4,-0.628
8481020,Justus Annunen,2021-22,regular,NHL,COL,G,5on4,1,0.2564,1,-0.7436
8481031,Ivan Prosvetov,2021-22,regular,NHL,ARI,G,5on4,1,0.2733,3,-0.7267
8481033,Akira Schmid,2021-22,regular,NHL,NJD,G,5on4,2,0.7488,5,-1.2512
8481519,Spencer Knight,2021-22,regular,NHL,FLA,G,5on4,3,1.9827,24,-1.0173
8481597,Hugo Alnefelt,2021-22,regular,NHL,TBL,G,5on4,1,0.3286,2,-0.6714
8481611,Pyotr Kochetkov,2021-22,regular,NHL,CAR,G,5on4,0,0.0013,2,0.0013
8482076,Nico Daws,2021-22,regular,NHL,NJD,G,5on4,2,1.5279,19,-0.4721
8482821,Arvid Soderblom,2021-22,regular,NHL,CHI,G,5on4,1,0.3887,4,-0.6113
8469608,Mike Smith,2021-22,playoffs,NHL,EDM,G,all,49,48.5414,768,-0.4586
8470594,Marc-Andre Fleury,2021-22,playoffs,NHL,MIN,G,all,15,14.3603,210,-0.6397
8471734,Jonathan Quick,2021-22,playoffs,NHL,LAK,G,all,22,22.2966,325,0.2966
8474593,Jacob Markstrom,2021-22,playoffs,NHL,CGY,G,all,35,33.2696,492,-1.7304
8475156,Mikko Koskinen,2021-22,playoffs,NHL,EDM,G,all,6,4.9361,79,-1.0639
8475311,Darcy Kuemper,2021-22,playoffs,NHL,COL,G,all,38,29.6161,515,-8.3839
8475660,Cam Talbot,2021-22,playoffs,NHL,MIN,G,all,4,2.5234,33,-1.4766
8475683,Sergei Bobrovsky,2021-22,playoffs,NHL,FLA,G,all,27,30.1347,406,3.1347
8475789,Jack Campbell,2021-22,playoffs,NHL,TOR,G,all,21,20.147,264,-0.853
8475839,Louis Domingue,2021-22,playoffs,NHL,PIT,G,all,19,15.7706,256,-3.2294
8476412,Jordan Binnington,2021-22,playoffs,NHL,STL,G,all,9,14.1351,265,5.1351
8476883,Andrei Vasilevskiy,2021-22,playoffs,NHL,TBL,G,all,59,69.5413,1052,10.5413
8476999,Linus Ullmark,2021-22,playoffs,NHL,BOS,G,all,8,5.8969,85,-2.1031
8477293,Antti Raanta,2021-22,playoffs,NHL,CAR,G,all,25,28.8121,464,3.8121
8477361,Cal Petersen,2021-22,playoffs,NHL,LAK,G,all,4,1.9791,27,-2.0209
8477465,Tristan Jarry,2021-22,playoffs,NHL,PIT,G,all,4,2.0016,47,-1.9984
8477970,Vitek Vanecek,2021-22,playoffs,NHL,WSH,G,all,7,3.9747,71,-3.0253
8478024,Ville Husso,2021-22,playoffs,NHL,STL,G,all,25,19.9508,316,-5.0492
8478048,Igor Shesterkin,2021-22,playoffs,NHL,NYR,G,all,51,69.0158,993,18.0158
8478435,Dan Vladar,2021-22,playoffs,NHL,CGY,G,all,0,0.7986,9,0.7986
8478492,Ilya Samsonov,2021-22,playoffs,NHL,WSH,G,all,13,13.9896,214,0.9896
8478902,Erik Kallgren,2021-22,playoffs,NHL,TOR,G,all,0,1.6698,18,1.6698
8478971,Connor Ingram,2021-22,playoffs,NHL,NSH,G,all,14,13.9966,212,-0.0034
8479193,Casey DeSmith,2021-22,playoffs,NHL,PIT,G,all,3,3.3313,58,0.3313
8479496,David Rittich,2021-22,playoffs,NHL,NSH,G,all,5,1.1048,15,-3.8952
8479979,Jake Oettinger,2021-22,playoffs,NHL,DAL,G,all,12,23.944,420,11.944
8480280,Jeremy Swayman,2021-22,playoffs,NHL,BOS,G,all,13,13.477,223,0.477
8480382,Alexandar Georgiev,2021-22,playoffs,NHL,NYR,G,all,2,3.7764,45,1.7764
8480925,Pavel Francouz,2021-22,playoffs,NHL,COL,G,all,16,14.9231,238,-1.0769
8481611,Pyotr Kochetkov,2021-22,playoffs,NHL,CAR,G,all,11,8.3612,122,-2.6388
8469608,Mike Smith,2021-22,playoffs,NHL,EDM,G,5on5,38,31.1314,569,-6.8686
8470594,Marc-Andre Fleury,2021-22,playoffs,NHL,MIN,G,5on5,9,7.7724,145,-1.2276
8471734,Jonathan Quick,2021-22,playoffs,NHL,LAK,G,5on5,12,16.0835,269,4.0835
8474593,Jacob Markstrom,2021-22,playoffs,NHL,CGY,G,5on5,27,22.9027,375,-4.0973
8475156,Mikko Koskinen,2021-22,playoffs,NHL,EDM,G,5on5,5,4.5016,70,-0.4984
8475311,Darcy Kuemper,2021-22,playoffs,NHL,COL,G,5on5,31,21.6497,414,-9.3503
8475660,Cam Talbot,2021-22,playoffs,NHL,MIN,G,5on5,2,1.3577,20,-0.6423
8475683,Sergei Bobrovsky,2021-22,playoffs,NHL,FLA,G,5on5,16,20.0301,297,4.0301
8475789,Jack Campbell,2021-22,playoffs,NHL,TOR,G,5on5,12,12.042,186,0.042
8475839,Louis Domingue,2021-22,playoffs,NHL,PIT,G,5on5,14,10.7688,204,-3.2312
8476412,Jordan Binnington,2021-22,playoffs,NHL,STL,G,5on5,6,10.988,223,4.988
8476883,Andrei Vasilevskiy,2021-22,playoffs,NHL,TBL,G,5on5,36,45.6296,787,9.6296
8476999,Linus Ullmark,2021-22,playoffs,NHL,BOS,G,5on5,6,2.6187,55,-3.3813
8477293,Antti Raanta,2021-22,playoffs,NHL,CAR,G,5on5,15,20.1814,364,5.1814
8477361,Cal Petersen,2021-22,playoffs,NHL,LAK,G,5on5,4,1.7433,25,-2.2567
8477465,Tristan Jarry,2021-22,playoffs,NHL,PIT,G,5on5,3,1.3376,37,-1.6624
8477970,Vitek Vanecek,2021-22,playoffs,NHL,WSH,G,5on5,7,3.3817,59,-3.6183
8478024,Ville Husso,2021-22,playoffs,NHL,STL,G,5on5,21,13.9972,251,-7.0028
8478048,Igor Shesterkin,2021-22,playoffs,NHL,NYR,G,5on5,36,53.238,819,17.238
8478435,Dan Vladar,2021-22,playoffs,NHL,CGY,G,5on5,0,0.387,4,0.387
8478492,Ilya Samsonov,2021-22,playoffs,NHL,WSH,G,5on5,11,10.5341,172,-0.4659
8478902,Erik Kallgren,2021-22,playoffs,NHL,TOR,G,5on5,0,0.7715,10,0.7715
8478971,Connor Ingram,2021-22,playoffs,NHL,NSH,G,5on5,9,9.7374,163,0.7374
8479193,Casey DeSmith,2021-22,playoffs,NHL,PIT,G,5on5,1,3.0341,54,2.0341
8479496,David Rittich,2021-22,playoffs,NHL,NSH,G,5on5,3,0.597,12,-2.403
8479979,Jake Oettinger,2021-22,playoffs,NHL,DAL,G,5on5,10,16.6993,324,6.6993
8480280,Jeremy Swayman,2021-22,playoffs,NHL,BOS,G,5on5,10,8.509,154,-1.491
8480382,Alexandar Georgiev,2021-22,playoffs,NHL,NYR,G,5on5,2,3.2448,39,1.2448
8480925,Pavel Francouz,2021-22,playoffs,NHL,COL,G,5on5,11,10.2322,184,-0.7678
8481611,Pyotr Kochetkov,2021-22,playoffs,NHL,CAR,G,5on5,6,4.7259,80,-1.2741
8469608,Mike Smith,2021-22,playoffs,NHL,EDM,G,4on5,9,13.9468,142,4.9468
8470594,Marc-Andre Fleury,2021-22,playoffs,NHL,MIN,G,4on5,6,5.7198,51,-0.2802
8471734,Jonathan Quick,2021-22,playoffs,NHL,LAK,G,4on5,7,4.6586,40,-2.3414
8474593,Jacob Markstrom,2021-22,playoffs,NHL,CGY,G,4on5,4,6.4576,70,2.4576
8475156,Mikko Koskinen,2021-22,playoffs,NHL,EDM,G,4on5,1,0.3264,5,-0.6736
8475311,Darcy Kuemper,2021-22,playoffs,NHL,COL,G,4on5,4,5.4797,63,1.4797
8475660,Cam Talbot,2021-22,playoffs,NHL,MIN,G,4on5,2,0.9306,8,-1.0694
8475683,Sergei Bobrovsky,2021-22,playoffs,NHL,FLA,G,4on5,10,6.6915,75,-3.3085
8475789,Jack Campbell,2021-22,playoffs,NHL,TOR,G,4on5,5,4.7865,53,-0.2135
8475839,Louis Domingue,2021-22,playoffs,NHL,PIT,G,4on5,4,3.5385,34,-0.4615
8476412,Jordan Binnington,2021-22,playoffs,NHL,STL,G,4on5,3,2.452,31,-0.548
8476883,Andrei Vasilevskiy,2021-22,playoffs,NHL,TBL,G,4on5,13,16.8162,172,3.8162
8476999,Linus Ullmark,2021-22,playoffs,NHL,BOS,G,4on5,1,1.4767,16,0.4767
8477293,Antti Raanta,2021-22,playoffs,NHL,CAR,G,4on5,8,5.8897,61,-2.1103
8477465,Tristan Jarry,2021-22,playoffs,NHL,PIT,G,4on5,1,0.4822,9,-0.5178
8477970,Vitek Vanecek,2021-22,playoffs,NHL,WSH,G,4on5,0,0.3527,5,0.3527
8478024,Ville Husso,2021-22,playoffs,NHL,STL,G,4on5,4,4.617,42,0.617
8478048,Igor Shesterkin,2021-22,playoffs,NHL,NYR,G,4on5,10,10.5424,112,0.5424
8478435,Dan Vladar,2021-22,playoffs,NHL,CGY,G,4on5,0,0.2158,2,0.2158
8478492,Ilya Samsonov,2021-22,playoffs,NHL,WSH,G,4on5,0,2.3113,29,2.3113
8478902,Erik Kallgren,2021-22,playoffs,NHL,TOR,G,4on5,0,0.7185,5,0.7185
8478971,Connor Ingram,2021-22,playoffs,NHL,NSH,G,4on5,4,3.2315,34,-0.7685
8479193,Casey DeSmith,2021-22,playoffs,NHL,PIT,G,4on5,1,0.0253,1,-0.9747
8479496,David Rittich,2021-22,playoffs,NHL,NSH,G,4on5,1,0.0622,1,-0.9378
8479979,Jake Oettinger,2021-22,playoffs,NHL,DAL,G,4on5,1,4.7249,59,3.7249
8480280,Jeremy Swayman,2021-22,playoffs,NHL,BOS,G,4on5,3,3.7105,46,0.7105
8480382,Alexandar Georgiev,2021-22,playoffs,NHL,NYR,G,4on5,0,0.4601,5,0.4601
8480925,Pavel Francouz,2021-22,playoffs,NHL,COL,G,4on5,5,4.1122,41,-0.8878
8481611,Pyotr Kochetkov,2021-22,playoffs,NHL,CAR,G,4on5,3,1.1983,14,-1.8017
8469608,Mike Smith,2021-22,playoffs,NHL,EDM,G,5on4,1,0.9233,16,-0.0767
8470594,Marc-Andre Fleury,2021-22,playoffs,NHL,MIN,G,5on4,0,0.4222,6,0.4222
8471734,Jonathan Quick,2021-22,playoffs,NHL,LAK,G,5on4,2,0.5232,8,-1.4768
8474593,Jacob Markstrom,2021-22,playoffs,NHL,CGY,G,5on4,1,1.7001,21,0.7001
8475156,Mikko Koskinen,2021-22,playoffs,NHL,EDM,G,5on4,0,0.1081,4,0.1081
8475311,Darcy Kuemper,2021-22,playoffs,NHL,COL,G,5on4,0,0.2836,9,0.2836
8475660,Cam Talbot,2021-22,playoffs,NHL,MIN,G,5on4,0,0.235,5,0.235
8475683,Sergei Bobrovsky,2021-22,playoffs,NHL,FLA,G,5on4,0,0.9414,16,0.9414
8475789,Jack Campbell,2021-22,playoffs,NHL,TOR,G,5on4,1,1.149,10,0.149
8475839,Louis Domingue,2021-22,playoffs,NHL,PIT,G,5on4,1,0.9056,11,-0.0944
8476412,Jordan Binnington,2021-22,playoffs,NHL,STL,G,5on4,0,0.3008,4,0.3008
8476883,Andrei Vasilevskiy,2021-22,playoffs,NHL,TBL,G,5on4,3,2.6099,36,-0.3901
8476999,Linus Ullmark,2021-22,playoffs,NHL,BOS,G,5on4,0,0.2259,5,0.2259
8477293,Antti Raanta,2021-22,playoffs,NHL,CAR,G,5on4,0,0.4101,8,0.4101
8477361,Cal Petersen,2021-22,playoffs,NHL,LAK,G,5on4,0,0.0521,1,0.0521
8477465,Tristan Jarry,2021-22,playoffs,NHL,PIT,G,5on4,0,0.1817,1,0.1817
8477970,Vitek Vanecek,2021-22,playoffs,NHL,WSH,G,5on4,0,0.1003,1,0.1003
8478024,Ville Husso,2021-22,playoffs,NHL,STL,G,5on4,0,0.3143,8,0.3143
8478048,Igor Shesterkin,2021-22,playoffs,NHL,NYR,G,5on4,3,1.2761,22,-1.7239
8478492,Ilya Samsonov,2021-22,playoffs,NHL,WSH,G,5on4,0,0.0557,1,0.0557
8478971,Connor Ingram,2021-22,playoffs,NHL,NSH,G,5on4,0,0.2369,7,0.2369
8479193,Casey DeSmith,2021-22,playoffs,NHL,PIT,G,5on4,1,0.2718,2,-0.7282
8479496,David Rittich,2021-22,playoffs,NHL,NSH,G,5on4,1,0.4456,2,-0.5544
8479979,Jake Oettinger,2021-22,playoffs,NHL,DAL,G,5on4,0,0.6313,15,0.6313
8480280,Jeremy Swayman,2021-22,playoffs,NHL,BOS,G,5on4,0,0.2612,9,0.2612
8480925,Pavel Francouz,2021-22,playoffs,NHL,COL,G,5on4,0,0.0215,2,0.0215
8481611,Pyotr Kochetkov,2021-22,playoffs,NHL,CAR,G,5on4,1,0.4015,8,-0.5985
8467950,Craig Anderson,2022-23,regular,NHL,BUF,G,all,76,78.8613,1098,2.8613
8470594,Marc-Andre Fleury,2022-23,regular,NHL,MIN,G,all,125,125.2769,1832,0.2769
8470860,Jaroslav Halak,2022-23,regular,NHL,NYR,G,all,66,67.5283,963,1.5283
8470880,Brian Elliott,2022-23,regular,NHL,TBL,G,all,75,66.5207,947,-8.4793
8471306,Thomas Greiss,2022-23,regular,NHL,STL,G,all,66,60.4192,872,-5.5808
8471418,Anton Khudobin,2022-23,regular,NHL,CHI,G,all,6,3.7581,42,-2.2419
8471734,Jonathan Quick,2022-23,regular,NHL,VGK,G,all,126,107.5127,1522,-18.4873
8471774,Alex Stalock,2022-23,regular,NHL,CHI,G,all,74,71.8158,1100,-2.1842
8473503,James Reimer,2022-23,regular,NHL,SJS,G,all,147,135.221,1896,-11.779
8473575,Semyon Varlamov,2022-23,regular,NHL,NYI,G,all,60,63.6185,984,3.6185
8474593,Jacob Markstrom,2022-23,regular,NHL,CGY,G,all,166,163.121,2160,-2.879
8474596,Jake Allen,2022-23,regular,NHL,MTL,G,all,145,136.9212,1803,-8.0788
8474636,Michael Hutchinson,2022-23,regular,NHL,CBJ,G,all,54,47.5644,627,-6.4356
8474682,Dustin Tokarski,2022-23,regular,NHL,PIT,G,all,12,13.0236,159,1.0236
8474889,Martin Jones,2022-23,regular,NHL,SEA,G,all,131,115.4878,1695,-15.5122
8475311,Darcy Kuemper,2022-23,regular,NHL,WSH,G,all,154,166.9816,2393,12.9816
8475660,Cam Talbot,2022-23,regular,NHL,OTT,G,all,95,93.7376,1282,-1.2624
8475683,Sergei Bobrovsky,2022-23,regular,NHL,FLA,G,all,145,140.6248,2017,-4.3752
8475789,Jack Campbell,2022-23,regular,NHL,EDM,G,all,115,95.2836,1374,-19.7164
8475809,Scott Wedgewood,2022-23,regular,NHL,DAL,G,all,51,54.789,816,3.789
8475831,Philipp Grubauer,2022-23,regular,NHL,SEA,G,all,96,93.7746,1332,-2.2254
8475852,Petr Mrazek,2022-23,regular,NHL,CHI,G,all,132,127.9723,1691,-4.0277
8475883,Frederik Andersen,2022-23,regular,NHL,CAR,G,all,82,77.9428,1150,-4.0572
8476234,Keith Kinkaid,2022-23,regular,NHL,COL,G,all,2,4.0917,59,2.0917
8476316,Laurent Brossoit,2022-23,regular,NHL,VGK,G,all,23,30.7279,469,7.7279
8476341,Anton Forsberg,2022-23,regular,NHL,OTT,G,all,79,81.9495,1130,2.9495
8476412,Jordan Binnington,2022-23,regular,NHL,STL,G,all,194,188.4004,2579,-5.5996
8476433,Magnus Hellberg,2022-23,regular,NHL,DET,G,all,50,45.4461,642,-4.5539
8476434,John Gibson,2022-23,regular,NHL,ANA,G,all,200,197.0687,2627,-2.9313
8476883,Andrei Vasilevskiy,2022-23,regular,NHL,TBL,G,all,159,183.2013,2539,24.2013
8476899,Matt Murray,2022-23,regular,NHL,TOR,G,all,74,70.9464,1043,-3.0536
8476903,Jon Gillies,2022-23,regular,NHL,CBJ,G,all,9,7.7112,99,-1.2888
8476914,Joonas Korpisalo,2022-23,regular,NHL,LAK,G,all,104,122.471,1661,18.471
8476932,Anthony Stolarz,2022-23,regular,NHL,ANA,G,all,51,53.1712,685,2.1712
8476945,Connor Hellebuyck,2022-23,regular,NHL,WPG,G,all,156,183.7723,2679,27.7723
8476999,Linus Ullmark,2022-23,regular,NHL,BOS,G,all,91,125.6461,2002,34.6461
8477180,Aaron Dell,2022-23,regular,NHL,SJS,G,all,9,11.6393,131,2.6393
8477293,Antti Raanta,2022-23,regular,NHL,CAR,G,all,58,61.9418,893,3.9418
8477361,Cal Petersen,2022-23,regular,NHL,LAK,G,all,34,25.3118,359,-8.6882
8477424,Juuse Saros,2022-23,regular,NHL,NSH,G,all,171,214.6338,2930,43.6338
8477465,Tristan Jarry,2022-23,regular,NHL,PIT,G,all,128,127.1781,1910,-0.8219
8477480,Eric Comrie,2022-23,regular,NHL,BUF,G,all,68,62.2303,798,-5.7697
8477484,Spencer Martin,2022-23,regular,NHL,VAN,G,all,107,84.0908,1150,-22.9092
8477831,Pheonix Copley,2022-23,regular,NHL,LAK,G,all,92,94.1925,1385,2.1925
8477967,Thatcher Demko,2022-23,regular,NHL,VAN,G,all,99,93.4993,1388,-5.5007
8477968,Alex Nedeljkovic,2022-23,regular,NHL,DET,G,all,48,41.1928,646,-6.8072
8477970,Vitek Vanecek,2022-23,regular,NHL,NJD,G,all,118,131.7974,1933,13.7974
8477992,Jonas Johansson,2022-23,regular,NHL,COL,G,all,5,6.8674,98,1.8674
8478007,Elvis Merzlikins,2022-23,regular,NHL,CBJ,G,all,110,83.3007,1251,-26.6993
8478009,Ilya Sorokin,2022-23,regular,NHL,NYI,G,all,140,177.8136,2606,37.8136
8478024,Ville Husso,2022-23,regular,NHL,DET,G,all,166,151.9427,2253,-14.0573
8478039,Kaapo Kahkonen,2022-23,regular,NHL,SJS,G,all,135,113.5495,1598,-21.4505
8478048,Igor Shesterkin,2022-23,regular,NHL,NYR,G,all,144,174.6309,2373,30.6309
8478406,Mackenzie Blackwood,2022-23,regular,NHL,NJD,G,all,60,57.4127,803,-2.5873
8478433,Felix Sandstrom,2022-23,regular,NHL,PHI,G,all,69,59.3087,821,-9.6913
8478435,Dan Vladar,2022-23,regular,NHL,CGY,G,all,72,65.9632,953,-6.0368
8478470,Samuel Montembeault,2022-23,regular,NHL,MTL,G,all,133,142.1833,1881,9.1833
8478492,Ilya Samsonov,2022-23,regular,NHL,TOR,G,all,95,113.8924,1675,18.8924
8478499,Adin Hill,2022-23,regular,NHL,VGK,G,all,62,65.9674,1047,3.9674
8478872,Karel Vejmelka,2022-23,regular,NHL,ARI,G,all,168,171.6969,2361,3.6969
8478902,Erik Kallgren,2022-23,regular,NHL,TOR,G,all,25,24.4507,364,-0.5493
8478916,Joey Daccord,2022-23,regular,NHL,SEA,G,all,13,12.228,181,-0.772
8478971,Connor Ingram,2022-23,regular,NHL,ARI,G,all,88,97.6681,1286,9.6681
8479193,Casey DeSmith,2022-23,regular,NHL,PIT,G,all,108,112.9491,1539,4.9491
8479292,Charlie Lindgren,2022-23,regular,NHL,WSH,G,all,86,84.5316,1179,-1.4684
8479312,Alex Lyon,2022-23,regular,NHL,FLA,G,all,43,49.1359,681,6.1359
8479361,Joseph Woll,2022-23,regular,NHL,TOR,G,all,15,20.5388,300,5.5388
8479380,Dylan Wells,2022-23,regular,NHL,CHI,G,all,1,2.0044,21,1.0044
8479394,Carter Hart,2022-23,regular,NHL,PHI,G,all,155,158.4929,2337,3.4929
8479406,Filip Gustavsson,2022-23,regular,NHL,MIN,G,all,81,105.7187,1648,24.7187
8479496,David Rittich,2022-23,regular,NHL,WPG,G,all,50,46.0146,734,-3.9854
8479973,Stuart Skinner,2022-23,regular,NHL,EDM,G,all,132,155.7552,2086,23.7552
8479979,Jake Oettinger,2022-23,regular,NHL,DAL,G,all,144,168.5075,2525,24.5075
8480042,Olle Eriksson Ek,2022-23,regular,NHL,ANA,G,all,5,3.4744,52,-1.5256
8480045,Ukko-Pekka Luukkonen,2022-23,regular,NHL,BUF,G,all,115,105.505,1421,-9.495
8480051,Cayden Primeau,2022-23,regular,NHL,MTL,G,all,8,6.9204,79,-1.0796
8480193,Daniil Tarasov,2022-23,regular,NHL,CBJ,G,all,57,50.0192,740,-6.9808
8480199,Eetu Makiniemi,2022-23,regular,NHL,SJS,G,all,3,3.1706,46,0.1706
8480238,Jiri Patera,2022-23,regular,NHL,VGK,G,all,5,7.8744,90,2.8744
8480263,Dylan Ferguson,2022-23,regular,NHL,OTT,G,all,5,7.5937,113,2.5937
8480280,Jeremy Swayman,2022-23,regular,NHL,BOS,G,all,76,93.5125,1365,17.5125
8480313,Logan Thompson,2022-23,regular,NHL,VGK,G,all,96,97.9235,1530,1.9235
8480382,Alexandar Georgiev,2022-23,regular,NHL,COL,G,all,156,167.7739,2542,11.7739
8480420,Collin Delia,2022-23,regular,NHL,VAN,G,all,61,56.2188,749,-4.7812
8480843,Lukas Dostal,2022-23,regular,NHL,ANA,G,all,67,72.0909,978,5.0909
8480867,Kevin Mandolese,2022-23,regular,NHL,OTT,G,all,10,13.2999,172,3.2999
8480925,Pavel Francouz,2022-23,regular,NHL,COL,G,all,42,42.039,666,0.039
8480947,Kevin Lankinen,2022-23,regular,NHL,NSH,G,all,49,56.9982,827,7.9982
8480981,Joel Hofer,2022-23,regular,NHL,STL,G,all,17,15.3417,236,-1.6583
8481020,Justus Annunen,2022-23,regular,NHL,COL,G,all,7,4.0978,68,-2.9022
8481031,Ivan Prosvetov,2022-23,regular,NHL,ARI,G,all,28,23.2716,330,-4.7284
8481033,Akira Schmid,2022-23,regular,NHL,NJD,G,all,32,40.2409,578,8.2409
8481035,Samuel Ersson,2022-23,regular,NHL,PHI,G,all,33,36.7734,483,3.7734
8481519,Spencer Knight,2022-23,regular,NHL,FLA,G,all,61,54.3323,832,-6.6677
8481544,Mads Sogaard,2022-23,regular,NHL,OTT,G,all,58,54.6745,722,-3.3255
8481611,Pyotr Kochetkov,2022-23,regular,NHL,CAR,G,all,57,65.1448,858,8.1448
8481668,Arturs Silovs,2022-23,regular,NHL,VAN,G,all,14,12.8571,202,-1.1429
8481692,Dustin Wolf,2022-23,regular,NHL,CGY,G,all,1,2.113,36,1.113
8482137,Yaroslav Askarov,2022-23,regular,NHL,NSH,G,all,4,3.4403,51,-0.5597
8482221,Devon Levi,2022-23,regular,NHL,BUF,G,all,21,24.0557,312,3.0557
8482447,Leevi Meriläinen,2022-23,regular,NHL,OTT,G,all,6,4.4097,70,-1.5903
8482821,Arvid Soderblom,2022-23,regular,NHL,CHI,G,all,48,46.8854,624,-1.1146
8482982,Jet Greaves,2022-23,regular,NHL,CBJ,G,all,3,5.9006,68,2.9006
8483158,Matthew Berlin,2022-23,regular,NHL,EDM,G,all,0,0.011,1,0.011
8483530,Jaxson Stauber,2022-23,regular,NHL,CHI,G,all,17,18.5314,272,1.5314
8483575,Matt Murray,2022-23,regular,NHL,DAL,G,all,10,8.1949,94,-1.8051
8467950,Craig Anderson,2022-23,regular,NHL,BUF,G,5on5,55,56.1007,845,1.1007
8470594,Marc-Andre Fleury,2022-23,regular,NHL,MIN,G,5on5,83,87.5572,1429,4.5572
8470860,Jaroslav Halak,2022-23,regular,NHL,NYR,G,5on5,51,50.052,770,-0.948
8470880,Brian Elliott,2022-23,regular,NHL,TBL,G,5on5,52,47.5963,751,-4.4037
8471306,Thomas Greiss,2022-23,regular,NHL,STL,G,5on5,47,44.3224,705,-2.6776
8471418,Anton Khudobin,2022-23,regular,NHL,CHI,G,5on5,4,2.4279,30,-1.5721
8471734,Jonathan Quick,2022-23,regular,NHL,VGK,G,5on5,85,75.0139,1177,-9.9861
8471774,Alex Stalock,2022-23,regular,NHL,CHI,G,5on5,55,51.8747,876,-3.1253
8473503,James Reimer,2022-23,regular,NHL,SJS,G,5on5,112,94.5279,1471,-17.4721
8473575,Semyon Varlamov,2022-23,regular,NHL,NYI,G,5on5,42,45.7667,780,3.7667
8474593,Jacob Markstrom,2022-23,regular,NHL,CGY,G,5on5,121,113.2672,1662,-7.7328
8474596,Jake Allen,2022-23,regular,NHL,MTL,G,5on5,105,94.3929,1377,-10.6071
8474636,Michael Hutchinson,2022-23,regular,NHL,CBJ,G,5on5,41,36.7033,519,-4.2967
8474682,Dustin Tokarski,2022-23,regular,NHL,PIT,G,5on5,7,8.0799,117,1.0799
8474889,Martin Jones,2022-23,regular,NHL,SEA,G,5on5,86,80.0837,1307,-5.9163
8475311,Darcy Kuemper,2022-23,regular,NHL,WSH,G,5on5,116,123.5292,1917,7.5292
8475660,Cam Talbot,2022-23,regular,NHL,OTT,G,5on5,68,62.725,958,-5.275
8475683,Sergei Bobrovsky,2022-23,regular,NHL,FLA,G,5on5,91,98.7827,1541,7.7827
8475789,Jack Campbell,2022-23,regular,NHL,EDM,G,5on5,82,65.7074,1061,-16.2926
8475809,Scott Wedgewood,2022-23,regular,NHL,DAL,G,5on5,35,36.843,644,1.843
8475831,Philipp Grubauer,2022-23,regular,NHL,SEA,G,5on5,66,69.9072,1073,3.9072
8475852,Petr Mrazek,2022-23,regular,NHL,CHI,G,5on5,102,94.8403,1374,-7.1597
8475883,Frederik Andersen,2022-23,regular,NHL,CAR,G,5on5,62,56.4859,919,-5.5141
8476234,Keith Kinkaid,2022-23,regular,NHL,COL,G,5on5,1,3.0872,50,2.0872
8476316,Laurent Brossoit,2022-23,regular,NHL,VGK,G,5on5,15,20.821,381,5.821
8476341,Anton Forsberg,2022-23,regular,NHL,OTT,G,5on5,52,53.6411,836,1.6411
8476412,Jordan Binnington,2022-23,regular,NHL,STL,G,5on5,135,140.0055,2080,5.0055
8476433,Magnus Hellberg,2022-23,regular,NHL,DET,G,5on5,39,33.1854,510,-5.8146
8476434,John Gibson,2022-23,regular,NHL,ANA,G,5on5,142,142.3985,2109,0.3985
8476883,Andrei Vasilevskiy,2022-23,regular,NHL,TBL,G,5on5,110,127.9577,1950,17.9577
8476899,Matt Murray,2022-23,regular,NHL,TOR,G,5on5,49,47.5681,782,-1.4319
8476903,Jon Gillies,2022-23,regular,NHL,CBJ,G,5on5,8,6.8689,89,-1.1311
8476914,Joonas Korpisalo,2022-23,regular,NHL,LAK,G,5on5,66,84.3093,1273,18.3093
8476932,Anthony Stolarz,2022-23,regular,NHL,ANA,G,5on5,38,38.9278,545,0.9278
8476945,Connor Hellebuyck,2022-23,regular,NHL,WPG,G,5on5,114,130.5276,2105,16.5276
8476999,Linus Ullmark,2022-23,regular,NHL,BOS,G,5on5,64,85.8614,1520,21.8614
8477180,Aaron Dell,2022-23,regular,NHL,SJS,G,5on5,7,8.3225,107,1.3225
8477293,Antti Raanta,2022-23,regular,NHL,CAR,G,5on5,35,40.0708,660,5.0708
8477361,Cal Petersen,2022-23,regular,NHL,LAK,G,5on5,19,17.0195,273,-1.9805
8477424,Juuse Saros,2022-23,regular,NHL,NSH,G,5on5,116,143.627,2253,27.627
8477465,Tristan Jarry,2022-23,regular,NHL,PIT,G,5on5,89,87.8252,1478,-1.1748
8477480,Eric Comrie,2022-23,regular,NHL,BUF,G,5on5,49,45.6712,611,-3.3288
8477484,Spencer Martin,2022-23,regular,NHL,VAN,G,5on5,75,60.5866,922,-14.4134
8477831,Pheonix Copley,2022-23,regular,NHL,LAK,G,5on5,58,63.1671,1052,5.1671
8477967,Thatcher Demko,2022-23,regular,NHL,VAN,G,5on5,64,69.4138,1119,5.4138
8477968,Alex Nedeljkovic,2022-23,regular,NHL,DET,G,5on5,32,31.3506,518,-0.6494
8477970,Vitek Vanecek,2022-23,regular,NHL,NJD,G,5on5,86,95.9808,1552,9.9808
8477992,Jonas Johansson,2022-23,regular,NHL,COL,G,5on5,3,4.5057,74,1.5057
8478007,Elvis Merzlikins,2022-23,regular,NHL,CBJ,G,5on5,82,60.6012,999,-21.3988
8478009,Ilya Sorokin,2022-23,regular,NHL,NYI,G,5on5,103,129.9185,2115,26.9185
8478024,Ville Husso,2022-23,regular,NHL,DET,G,5on5,114,105.6785,1759,-8.3215
8478039,Kaapo Kahkonen,2022-23,regular,NHL,SJS,G,5on5,100,84.6701,1285,-15.3299
8478048,Igor Shesterkin,2022-23,regular,NHL,NYR,G,5on5,102,128.6246,1931,26.6246
8478406,Mackenzie Blackwood,2022-23,regular,NHL,NJD,G,5on5,44,41.8899,647,-2.1101
8478433,Felix Sandstrom,2022-23,regular,NHL,PHI,G,5on5,48,41.2111,663,-6.7889
8478435,Dan Vladar,2022-23,regular,NHL,CGY,G,5on5,47,45.0475,731,-1.9525
8478470,Samuel Montembeault,2022-23,regular,NHL,MTL,G,5on5,88,98.7525,1463,10.7525
8478492,Ilya Samsonov,2022-23,regular,NHL,TOR,G,5on5,68,83.472,1331,15.472
8478499,Adin Hill,2022-23,regular,NHL,VGK,G,5on5,51,52.5372,895,1.5372
8478872,Karel Vejmelka,2022-23,regular,NHL,ARI,G,5on5,106,113.584,1747,7.584
8478902,Erik Kallgren,2022-23,regular,NHL,TOR,G,5on5,14,18.5615,301,4.5615
8478916,Joey Daccord,2022-23,regular,NHL,SEA,G,5on5,9,8.4763,140,-0.5237
8478971,Connor Ingram,2022-23,regular,NHL,ARI,G,5on5,57,62.7607,952,5.7607
8479193,Casey DeSmith,2022-23,regular,NHL,PIT,G,5on5,76,80.2385,1207,4.2385
8479292,Charlie Lindgren,2022-23,regular,NHL,WSH,G,5on5,66,61.1843,944,-4.8157
8479312,Alex Lyon,2022-23,regular,NHL,FLA,G,5on5,30,34.2134,520,4.2134
8479361,Joseph Woll,2022-23,regular,NHL,TOR,G,5on5,11,13.2298,223,2.2298
8479380,Dylan Wells,2022-23,regular,NHL,CHI,G,5on5,0,1.7655,19,1.7655
8479394,Carter Hart,2022-23,regular,NHL,PHI,G,5on5,101,110.5086,1813,9.5086
8479406,Filip Gustavsson,2022-23,regular,NHL,MIN,G,5on5,56,71.3273,1295,15.3273
8479496,David Rittich,2022-23,regular,NHL,WPG,G,5on5,33,31.2292,565,-1.7708
8479973,Stuart Skinner,2022-23,regular,NHL,EDM,G,5on5,87,106.0979,1600,19.0979
8479979,Jake Oettinger,2022-23,regular,NHL,DAL,G,5on5,102,119.0233,1993,17.0233
8480042,Olle Eriksson Ek,2022-23,regular,NHL,ANA,G,5on5,2,2.0246,35,0.0246
8480045,Ukko-Pekka Luukkonen,2022-23,regular,NHL,BUF,G,5on5,84,75.5821,1112,-8.4179
8480051,Cayden Primeau,2022-23,regular,NHL,MTL,G,5on5,7,5.272,63,-1.728
8480193,Daniil Tarasov,2022-23,regular,NHL,CBJ,G,5on5,46,40.7081,640,-5.2919
8480199,Eetu Makiniemi,2022-23,regular,NHL,SJS,G,5on5,1,1.4957,28,0.4957
8480238,Jiri Patera,2022-23,regular,NHL,VGK,G,5on5,4,6.2668,75,2.2668
8480263,Dylan Ferguson,2022-23,regular,NHL,OTT,G,5on5,4,6.4417,101,2.4417
8480280,Jeremy Swayman,2022-23,regular,NHL,BOS,G,5on5,50,64.4676,1042,14.4676
8480313,Logan Thompson,2022-23,regular,NHL,VGK,G,5on5,71,72.3549,1240,1.3549
8480382,Alexandar Georgiev,2022-23,regular,NHL,COL,G,5on5,105,116.3916,2004,11.3916
8480420,Collin Delia,2022-23,regular,NHL,VAN,G,5on5,42,39.9295,570,-2.0705
8480843,Lukas Dostal,2022-23,regular,NHL,ANA,G,5on5,42,48.8857,755,6.8857
8480867,Kevin Mandolese,2022-23,regular,NHL,OTT,G,5on5,7,8.2479,121,1.2479
8480925,Pavel Francouz,2022-23,regular,NHL,COL,G,5on5,30,30.6459,535,0.6459
8480947,Kevin Lankinen,2022-23,regular,NHL,NSH,G,5on5,36,40.2875,655,4.2875
8480981,Joel Hofer,2022-23,regular,NHL,STL,G,5on5,6,10.2457,177,4.2457
8481020,Justus Annunen,2022-23,regular,NHL,COL,G,5on5,6,3.3371,58,-2.6629
8481031,Ivan Prosvetov,2022-23,regular,NHL,ARI,G,5on5,17,12.5504,200,-4.4496
8481033,Akira Schmid,2022-23,regular,NHL,NJD,G,5on5,24,29.2506,454,5.2506
8481035,Samuel Ersson,2022-23,regular,NHL,PHI,G,5on5,25,26.9361,382,1.9361
8481519,Spencer Knight,2022-23,regular,NHL,FLA,G,5on5,38,37.7171,634,-0.2829
8481544,Mads Sogaard,2022-23,regular,NHL,OTT,G,5on5,42,36.1793,526,-5.8207
8481611,Pyotr Kochetkov,2022-23,regular,NHL,CAR,G,5on5,42,43.7988,663,1.7988
8481668,Arturs Silovs,2022-23,regular,NHL,VAN,G,5on5,11,8.9374,163,-2.0626
8481692,Dustin Wolf,2022-23,regular,NHL,CGY,G,5on5,1,1.6378,28,0.6378
8482137,Yaroslav Askarov,2022-23,regular,NHL,NSH,G,5on5,1,2.9749,44,1.9749
8482221,Devon Levi,2022-23,regular,NHL,BUF,G,5on5,16,19.792,266,3.792
8482447,Leevi Meriläinen,2022-23,regular,NHL,OTT,G,5on5,2,1.9782,45,-0.0218
8482821,Arvid Soderblom,2022-23,regular,NHL,CHI,G,5on5,34,37.1055,531,3.1055
8482982,Jet Greaves,2022-23,regular,NHL,CBJ,G,5on5,3,3.8984,52,0.8984
8483158,Matthew Berlin,2022-23,regular,NHL,EDM,G,5on5,0,0.011,1,0.011
8483530,Jaxson Stauber,2022-23,regular,NHL,CHI,G,5on5,13,14.3501,232,1.3501
8483575,Matt Murray,2022-23,regular,NHL,DAL,G,5on5,8,5.108,67,-2.892
8467950,Craig Anderson,2022-23,regular,NHL,BUF,G,4on5,16,16.8404,184,0.8404
8470594,Marc-Andre Fleury,2022-23,regular,NHL,MIN,G,4on5,30,26.1038,281,-3.8962
8470860,Jaroslav Halak,2022-23,regular,NHL,NYR,G,4on5,6,10.2766,120,4.2766
8470880,Brian Elliott,2022-23,regular,NHL,TBL,G,4on5,18,12.7319,130,-5.2681
8471306,Thomas Greiss,2022-23,regular,NHL,STL,G,4on5,9,9.8691,102,0.8691
8471418,Anton Khudobin,2022-23,regular,NHL,CHI,G,4on5,2,0.8944,8,-1.1056
8471734,Jonathan Quick,2022-23,regular,NHL,VGK,G,4on5,24,18.5498,197,-5.4502
8471774,Alex Stalock,2022-23,regular,NHL,CHI,G,4on5,12,13.0058,143,1.0058
8473503,James Reimer,2022-23,regular,NHL,SJS,G,4on5,18,26.0972,262,8.0972
8473575,Semyon Varlamov,2022-23,regular,NHL,NYI,G,4on5,11,11.1799,128,0.1799
8474593,Jacob Markstrom,2022-23,regular,NHL,CGY,G,4on5,26,29.3777,307,3.3777
8474596,Jake Allen,2022-23,regular,NHL,MTL,G,4on5,31,30.4414,299,-0.5586
8474636,Michael Hutchinson,2022-23,regular,NHL,CBJ,G,4on5,9,6.6275,66,-2.3725
8474682,Dustin Tokarski,2022-23,regular,NHL,PIT,G,4on5,4,2.3838,22,-1.6162
8474889,Martin Jones,2022-23,regular,NHL,SEA,G,4on5,28,23.3387,256,-4.6613
8475311,Darcy Kuemper,2022-23,regular,NHL,WSH,G,4on5,24,30.7073,315,6.7073
8475660,Cam Talbot,2022-23,regular,NHL,OTT,G,4on5,19,21.1608,221,2.1608
8475683,Sergei Bobrovsky,2022-23,regular,NHL,FLA,G,4on5,35,26.8576,302,-8.1424
8475789,Jack Campbell,2022-23,regular,NHL,EDM,G,4on5,26,20.8438,223,-5.1562
8475809,Scott Wedgewood,2022-23,regular,NHL,DAL,G,4on5,12,12.6458,122,0.6458
8475831,Philipp Grubauer,2022-23,regular,NHL,SEA,G,4on5,20,18.2124,192,-1.7876
8475852,Petr Mrazek,2022-23,regular,NHL,CHI,G,4on5,24,21.6826,204,-2.3174
8475883,Frederik Andersen,2022-23,regular,NHL,CAR,G,4on5,12,13.4909,137,1.4909
8476234,Keith Kinkaid,2022-23,regular,NHL,COL,G,4on5,0,0.6602,7,0.6602
8476316,Laurent Brossoit,2022-23,regular,NHL,VGK,G,4on5,4,5.3441,52,1.3441
8476341,Anton Forsberg,2022-23,regular,NHL,OTT,G,4on5,20,19.7335,198,-0.2665
8476412,Jordan Binnington,2022-23,regular,NHL,STL,G,4on5,39,31.5698,319,-7.4302
8476433,Magnus Hellberg,2022-23,regular,NHL,DET,G,4on5,8,8.7881,97,0.7881
8476434,John Gibson,2022-23,regular,NHL,ANA,G,4on5,42,35.2319,347,-6.7681
8476883,Andrei Vasilevskiy,2022-23,regular,NHL,TBL,G,4on5,30,35.2366,390,5.2366
8476899,Matt Murray,2022-23,regular,NHL,TOR,G,4on5,15,14.3474,155,-0.6526
8476903,Jon Gillies,2022-23,regular,NHL,CBJ,G,4on5,0,0.6532,7,0.6532
8476914,Joonas Korpisalo,2022-23,regular,NHL,LAK,G,4on5,23,22.9991,235,-0.0009
8476932,Anthony Stolarz,2022-23,regular,NHL,ANA,G,4on5,11,11.4997,106,0.4997
8476945,Connor Hellebuyck,2022-23,regular,NHL,WPG,G,4on5,31,36.996,377,5.996
8476999,Linus Ullmark,2022-23,regular,NHL,BOS,G,4on5,19,24.2934,267,5.2934
8477180,Aaron Dell,2022-23,regular,NHL,SJS,G,4on5,2,2.8371,21,0.8371
8477293,Antti Raanta,2022-23,regular,NHL,CAR,G,4on5,17,14.4417,157,-2.5583
8477361,Cal Petersen,2022-23,regular,NHL,LAK,G,4on5,10,4.1812,46,-5.8188
8477424,Juuse Saros,2022-23,regular,NHL,NSH,G,4on5,31,48.8017,449,17.8017
8477465,Tristan Jarry,2022-23,regular,NHL,PIT,G,4on5,24,24.9447,275,0.9447
8477480,Eric Comrie,2022-23,regular,NHL,BUF,G,4on5,13,9.3465,101,-3.6535
8477484,Spencer Martin,2022-23,regular,NHL,VAN,G,4on5,23,16.5426,157,-6.4574
8477831,Pheonix Copley,2022-23,regular,NHL,LAK,G,4on5,23,21.6339,228,-1.3661
8477967,Thatcher Demko,2022-23,regular,NHL,VAN,G,4on5,24,17.113,186,-6.887
8477968,Alex Nedeljkovic,2022-23,regular,NHL,DET,G,4on5,10,6.1406,79,-3.8594
8477970,Vitek Vanecek,2022-23,regular,NHL,NJD,G,4on5,19,24.3009,264,5.3009
8477992,Jonas Johansson,2022-23,regular,NHL,COL,G,4on5,2,1.2388,14,-0.7612
8478007,Elvis Merzlikins,2022-23,regular,NHL,CBJ,G,4on5,17,15.9891,173,-1.0109
8478009,Ilya Sorokin,2022-23,regular,NHL,NYI,G,4on5,22,30.9477,312,8.9477
8478024,Ville Husso,2022-23,regular,NHL,DET,G,4on5,32,28.6446,301,-3.3554
8478039,Kaapo Kahkonen,2022-23,regular,NHL,SJS,G,4on5,20,21.2161,224,1.2161
8478048,Igor Shesterkin,2022-23,regular,NHL,NYR,G,4on5,28,29.1868,276,1.1868
8478406,Mackenzie Blackwood,2022-23,regular,NHL,NJD,G,4on5,11,10.3469,96,-0.6531
8478433,Felix Sandstrom,2022-23,regular,NHL,PHI,G,4on5,12,11.7162,112,-0.2838
8478435,Dan Vladar,2022-23,regular,NHL,CGY,G,4on5,16,14.9224,153,-1.0776
8478470,Samuel Montembeault,2022-23,regular,NHL,MTL,G,4on5,37,31.4802,296,-5.5198
8478492,Ilya Samsonov,2022-23,regular,NHL,TOR,G,4on5,17,19.3795,219,2.3795
8478499,Adin Hill,2022-23,regular,NHL,VGK,G,4on5,8,7.2142,83,-0.7858
8478872,Karel Vejmelka,2022-23,regular,NHL,ARI,G,4on5,48,42.9076,460,-5.0924
8478902,Erik Kallgren,2022-23,regular,NHL,TOR,G,4on5,5,3.4355,38,-1.5645
8478916,Joey Daccord,2022-23,regular,NHL,SEA,G,4on5,1,1.8502,19,0.8502
8478971,Connor Ingram,2022-23,regular,NHL,ARI,G,4on5,22,20.5113,216,-1.4887
8479193,Casey DeSmith,2022-23,regular,NHL,PIT,G,4on5,22,21.6712,229,-0.3288
8479292,Charlie Lindgren,2022-23,regular,NHL,WSH,G,4on5,13,15.5365,151,2.5365
8479312,Alex Lyon,2022-23,regular,NHL,FLA,G,4on5,6,10.0418,106,4.0418
8479361,Joseph Woll,2022-23,regular,NHL,TOR,G,4on5,2,4.5676,49,2.5676
8479380,Dylan Wells,2022-23,regular,NHL,CHI,G,4on5,1,0.1035,1,-0.8965
8479394,Carter Hart,2022-23,regular,NHL,PHI,G,4on5,35,30.8595,329,-4.1405
8479406,Filip Gustavsson,2022-23,regular,NHL,MIN,G,4on5,12,19.629,213,7.629
8479496,David Rittich,2022-23,regular,NHL,WPG,G,4on5,8,8.9701,105,0.9701
8479973,Stuart Skinner,2022-23,regular,NHL,EDM,G,4on5,31,35.7722,346,4.7722
8479979,Jake Oettinger,2022-23,regular,NHL,DAL,G,4on5,26,31.6636,327,5.6636
8480042,Olle Eriksson Ek,2022-23,regular,NHL,ANA,G,4on5,1,0.6845,9,-0.3155
8480045,Ukko-Pekka Luukkonen,2022-23,regular,NHL,BUF,G,4on5,21,18.7841,192,-2.2159
8480051,Cayden Primeau,2022-23,regular,NHL,MTL,G,4on5,1,1.4231,14,0.4231
8480193,Daniil Tarasov,2022-23,regular,NHL,CBJ,G,4on5,8,6.563,71,-1.437
8480199,Eetu Makiniemi,2022-23,regular,NHL,SJS,G,4on5,1,0.5613,6,-0.4387
8480238,Jiri Patera,2022-23,regular,NHL,VGK,G,4on5,1,1.0744,9,0.0744
8480263,Dylan Ferguson,2022-23,regular,NHL,OTT,G,4on5,1,0.7859,7,-0.2141
8480280,Jeremy Swayman,2022-23,regular,NHL,BOS,G,4on5,15,16.3185,185,1.3185
8480313,Logan Thompson,2022-23,regular,NHL,VGK,G,4on5,17,15.7232,178,-1.2768
8480382,Alexandar Georgiev,2022-23,regular,NHL,COL,G,4on5,40,35.8466,360,-4.1534
8480420,Collin Delia,2022-23,regular,NHL,VAN,G,4on5,9,9.2021,103,0.2021
8480843,Lukas Dostal,2022-23,regular,NHL,ANA,G,4on5,19,16.1623,158,-2.8377
8480867,Kevin Mandolese,2022-23,regular,NHL,OTT,G,4on5,2,3.3204,38,1.3204
8480925,Pavel Francouz,2022-23,regular,NHL,COL,G,4on5,6,8.094,91,2.094
8480947,Kevin Lankinen,2022-23,regular,NHL,NSH,G,4on5,11,11.2609,118,0.2609
8480981,Joel Hofer,2022-23,regular,NHL,STL,G,4on5,7,3.8447,41,-3.1553
8481020,Justus Annunen,2022-23,regular,NHL,COL,G,4on5,1,0.6167,7,-0.3833
8481031,Ivan Prosvetov,2022-23,regular,NHL,ARI,G,4on5,9,8.7739,99,-0.2261
8481033,Akira Schmid,2022-23,regular,NHL,NJD,G,4on5,8,6.1416,69,-1.8584
8481035,Samuel Ersson,2022-23,regular,NHL,PHI,G,4on5,6,7.3207,73,1.3207
8481519,Spencer Knight,2022-23,regular,NHL,FLA,G,4on5,17,11.2947,133,-5.7053
8481544,Mads Sogaard,2022-23,regular,NHL,OTT,G,4on5,9,11.0919,130,2.0919
8481611,Pyotr Kochetkov,2022-23,regular,NHL,CAR,G,4on5,7,13.6897,121,6.6897
8481668,Arturs Silovs,2022-23,regular,NHL,VAN,G,4on5,2,2.2875,28,0.2875
8481692,Dustin Wolf,2022-23,regular,NHL,CGY,G,4on5,0,0.3294,5,0.3294
8482137,Yaroslav Askarov,2022-23,regular,NHL,NSH,G,4on5,2,0.2066,2,-1.7934
8482221,Devon Levi,2022-23,regular,NHL,BUF,G,4on5,4,3.0341,32,-0.9659
8482447,Leevi Meriläinen,2022-23,regular,NHL,OTT,G,4on5,2,0.9935,10,-1.0065
8482821,Arvid Soderblom,2022-23,regular,NHL,CHI,G,4on5,10,5.9982,63,-4.0018
8482982,Jet Greaves,2022-23,regular,NHL,CBJ,G,4on5,0,2.0022,16,2.0022
8483530,Jaxson Stauber,2022-23,regular,NHL,CHI,G,4on5,4,2.0469,20,-1.9531
8483575,Matt Murray,2022-23,regular,NHL,DAL,G,4on5,1,1.2217,15,0.2217
8467950,Craig Anderson,2022-23,regular,NHL,BUF,G,5on4,1,1.5852,21,0.5852
8470594,Marc-Andre Fleury,2022-23,regular,NHL,MIN,G,5on4,1,2.5922,31,1.5922
8470860,Jaroslav Halak,2022-23,regular,NHL,NYR,G,5on4,1,2.0102,26,1.0102
8470880,Brian Elliott,2022-23,regular,NHL,TBL,G,5on4,2,2.0639,22,0.0639
8471306,Thomas Greiss,2022-23,regular,NHL,STL,G,5on4,5,2.4355,29,-2.5645
8471418,Anton Khudobin,2022-23,regular,NHL,CHI,G,5on4,0,0.3109,3,0.3109
8471734,Jonathan Quick,2022-23,regular,NHL,VGK,G,5on4,5,2.7336,39,-2.2664
8471774,Alex Stalock,2022-23,regular,NHL,CHI,G,5on4,3,3.2141,33,0.2141
8473503,James Reimer,2022-23,regular,NHL,SJS,G,5on4,6,3.6984,49,-2.3016
8473575,Semyon Varlamov,2022-23,regular,NHL,NYI,G,5on4,1,1.3978,25,0.3978
8474593,Jacob Markstrom,2022-23,regular,NHL,CGY,G,5on4,4,5.1517,63,1.1517
8474596,Jake Allen,2022-23,regular,NHL,MTL,G,5on4,1,2.4304,40,1.4304
8474636,Michael Hutchinson,2022-23,regular,NHL,CBJ,G,5on4,1,1.3627,20,0.3627
8474682,Dustin Tokarski,2022-23,regular,NHL,PIT,G,5on4,1,1.4926,11,0.4926
8474889,Martin Jones,2022-23,regular,NHL,SEA,G,5on4,4,3.6149,46,-0.3851
8475311,Darcy Kuemper,2022-23,regular,NHL,WSH,G,5on4,6,3.0927,53,-2.9073
8475660,Cam Talbot,2022-23,regular,NHL,OTT,G,5on4,2,3.9637,50,1.9637
8475683,Sergei Bobrovsky,2022-23,regular,NHL,FLA,G,5on4,5,4.2022,61,-0.7978
8475789,Jack Campbell,2022-23,regular,NHL,EDM,G,5on4,2,1.5351,26,-0.4649
8475809,Scott Wedgewood,2022-23,regular,NHL,DAL,G,5on4,0,1.9903,24,1.9903
8475831,Philipp Grubauer,2022-23,regular,NHL,SEA,G,5on4,3,0.8144,21,-2.1856
8475852,Petr Mrazek,2022-23,regular,NHL,CHI,G,5on4,1,3.3175,41,2.3175
8475883,Frederik Andersen,2022-23,regular,NHL,CAR,G,5on4,2,1.5147,25,-0.4853
8476234,Keith Kinkaid,2022-23,regular,NHL,COL,G,5on4,1,0.3443,2,-0.6557
8476316,Laurent Brossoit,2022-23,regular,NHL,VGK,G,5on4,1,0.8319,6,-0.1681
8476341,Anton Forsberg,2022-23,regular,NHL,OTT,G,5on4,3,2.3661,33,-0.6339
8476412,Jordan Binnington,2022-23,regular,NHL,STL,G,5on4,7,5.6881,64,-1.3119
8476433,Magnus Hellberg,2022-23,regular,NHL,DET,G,5on4,1,0.7782,11,-0.2218
8476434,John Gibson,2022-23,regular,NHL,ANA,G,5on4,3,4.1778,40,1.1778
8476883,Andrei Vasilevskiy,2022-23,regular,NHL,TBL,G,5on4,6,6.054,74,0.054
8476899,Matt Murray,2022-23,regular,NHL,TOR,G,5on4,4,3.3401,39,-0.6599
8476903,Jon Gillies,2022-23,regular,NHL,CBJ,G,5on4,1,0.1891,3,-0.8109
8476914,Joonas Korpisalo,2022-23,regular,NHL,LAK,G,5on4,5,4.1203,45,-0.8797
8476932,Anthony Stolarz,2022-23,regular,NHL,ANA,G,5on4,1,0.9869,15,-0.0131
8476945,Connor Hellebuyck,2022-23,regular,NHL,WPG,G,5on4,4,4.7257,73,0.7257
8476999,Linus Ullmark,2022-23,regular,NHL,BOS,G,5on4,3,2.7246,54,-0.2754
8477180,Aaron Dell,2022-23,regular,NHL,SJS,G,5on4,0,0.4797,3,0.4797
8477293,Antti Raanta,2022-23,regular,NHL,CAR,G,5on4,3,2.6346,37,-0.3654
8477361,Cal Petersen,2022-23,regular,NHL,LAK,G,5on4,0,0.4935,7,0.4935
8477424,Juuse Saros,2022-23,regular,NHL,NSH,G,5on4,6,6.8233,83,0.8233
8477465,Tristan Jarry,2022-23,regular,NHL,PIT,G,5on4,3,5.1832,58,2.1832
8477480,Eric Comrie,2022-23,regular,NHL,BUF,G,5on4,2,1.9719,30,-0.0281
8477484,Spencer Martin,2022-23,regular,NHL,VAN,G,5on4,4,2.728,30,-1.272
8477831,Pheonix Copley,2022-23,regular,NHL,LAK,G,5on4,1,1.4447,26,0.4447
8477967,Thatcher Demko,2022-23,regular,NHL,VAN,G,5on4,5,2.2391,38,-2.7609
8477968,Alex Nedeljkovic,2022-23,regular,NHL,DET,G,5on4,3,1.3377,21,-1.6623
8477970,Vitek Vanecek,2022-23,regular,NHL,NJD,G,5on4,5,3.7626,50,-1.2374
8477992,Jonas Johansson,2022-23,regular,NHL,COL,G,5on4,0,0.1959,2,0.1959
8478007,Elvis Merzlikins,2022-23,regular,NHL,CBJ,G,5on4,2,2.534,33,0.534
8478009,Ilya Sorokin,2022-23,regular,NHL,NYI,G,5on4,6,4.5591,63,-1.4409
8478024,Ville Husso,2022-23,regular,NHL,DET,G,5on4,6,3.9602,60,-2.0398
8478039,Kaapo Kahkonen,2022-23,regular,NHL,SJS,G,5on4,5,2.5135,32,-2.4865
8478048,Igor Shesterkin,2022-23,regular,NHL,NYR,G,5on4,3,3.3317,46,0.3317
8478406,Mackenzie Blackwood,2022-23,regular,NHL,NJD,G,5on4,2,1.7798,23,-0.2202
8478433,Felix Sandstrom,2022-23,regular,NHL,PHI,G,5on4,3,2.6059,22,-0.3941
8478435,Dan Vladar,2022-23,regular,NHL,CGY,G,5on4,2,1.5903,24,-0.4097
8478470,Samuel Montembeault,2022-23,regular,NHL,MTL,G,5on4,1,3.6154,42,2.6154
8478492,Ilya Samsonov,2022-23,regular,NHL,TOR,G,5on4,2,2.5156,46,0.5156
8478499,Adin Hill,2022-23,regular,NHL,VGK,G,5on4,0,0.6072,14,0.6072
8478872,Karel Vejmelka,2022-23,regular,NHL,ARI,G,5on4,3,3.1242,45,0.1242
8478902,Erik Kallgren,2022-23,regular,NHL,TOR,G,5on4,1,0.2908,6,-0.7092
8478916,Joey Daccord,2022-23,regular,NHL,SEA,G,5on4,0,0.2306,7,0.2306
8478971,Connor Ingram,2022-23,regular,NHL,ARI,G,5on4,1,2.9518,28,1.9518
8479193,Casey DeSmith,2022-23,regular,NHL,PIT,G,5on4,1,4.0833,50,3.0833
8479292,Charlie Lindgren,2022-23,regular,NHL,WSH,G,5on4,1,3.0081,30,2.0081
8479312,Alex Lyon,2022-23,regular,NHL,FLA,G,5on4,2,1.1505,19,-0.8495
8479361,Joseph Woll,2022-23,regular,NHL,TOR,G,5on4,1,0.8668,4,-0.1332
8479394,Carter Hart,2022-23,regular,NHL,PHI,G,5on4,2,3.3075,55,1.3075
8479406,Filip Gustavsson,2022-23,regular,NHL,MIN,G,5on4,1,2.0494,33,1.0494
8479496,David Rittich,2022-23,regular,NHL,WPG,G,5on4,1,2.6626,28,1.6626
8479973,Stuart Skinner,2022-23,regular,NHL,EDM,G,5on4,4,2.5081,41,-1.4919
8479979,Jake Oettinger,2022-23,regular,NHL,DAL,G,5on4,4,4.1992,63,0.1992
8480042,Olle Eriksson Ek,2022-23,regular,NHL,ANA,G,5on4,0,0.0424,2,0.0424
8480045,Ukko-Pekka Luukkonen,2022-23,regular,NHL,BUF,G,5on4,2,2.3247,28,0.3247
8480193,Daniil Tarasov,2022-23,regular,NHL,CBJ,G,5on4,1,0.7328,10,-0.2672
8480199,Eetu Makiniemi,2022-23,regular,NHL,SJS,G,5on4,0,0.1475,1,0.1475
8480238,Jiri Patera,2022-23,regular,NHL,VGK,G,5on4,0,0.5016,5,0.5016
8480280,Jeremy Swayman,2022-23,regular,NHL,BOS,G,5on4,3,3.0489,38,0.0489
8480313,Logan Thompson,2022-23,regular,NHL,VGK,G,5on4,2,3.2206,39,1.2206
8480382,Alexandar Georgiev,2022-23,regular,NHL,COL,G,5on4,2,2.4147,48,0.4147
8480420,Collin Delia,2022-23,regular,NHL,VAN,G,5on4,2,1.2086,19,-0.7914
8480843,Lukas Dostal,2022-23,regular,NHL,ANA,G,5on4,2,2.5179,23,0.5179
8480867,Kevin Mandolese,2022-23,regular,NHL,OTT,G,5on4,1,0.9604,6,-0.0396
8480925,Pavel Francouz,2022-23,regular,NHL,COL,G,5on4,2,1.3455,19,-0.6545
8480947,Kevin Lankinen,2022-23,regular,NHL,NSH,G,5on4,0,1.7164,20,1.7164
8480981,Joel Hofer,2022-23,regular,NHL,STL,G,5on4,1,0.0557,3,-0.9443
8481020,Justus Annunen,2022-23,regular,NHL,COL,G,5on4,0,0.144,3,0.144
8481031,Ivan Prosvetov,2022-23,regular,NHL,ARI,G,5on4,1,0.3552,8,-0.6448
8481033,Akira Schmid,2022-23,regular,NHL,NJD,G,5on4,0,0.5282,13,0.5282
8481035,Samuel Ersson,2022-23,regular,NHL,PHI,G,5on4,0,1.025,15,1.025
8481519,Spencer Knight,2022-23,regular,NHL,FLA,G,5on4,0,0.9683,21,0.9683
8481544,Mads Sogaard,2022-23,regular,NHL,OTT,G,5on4,3,2.564,22,-0.436
8481611,Pyotr Kochetkov,2022-23,regular,NHL,CAR,G,5on4,0,1.6787,23,1.6787
8481668,Arturs Silovs,2022-23,regular,NHL,VAN,G,5on4,1,0.3631,5,-0.6369
8481692,Dustin Wolf,2022-23,regular,NHL,CGY,G,5on4,0,0.0031,1,0.0031
8482137,Yaroslav Askarov,2022-23,regular,NHL,NSH,G,5on4,0,0.0013,2,0.0013
8482221,Devon Levi,2022-23,regular,NHL,BUF,G,5on4,0,0.2946,6,0.2946
8482447,Leevi Meriläinen,2022-23,regular,NHL,OTT,G,5on4,1,0.1494,4,-0.8506
8482821,Arvid Soderblom,2022-23,regular,NHL,CHI,G,5on4,3,2.8039,21,-0.1961
8483530,Jaxson Stauber,2022-23,regular,NHL,CHI,G,5on4,0,0.1535,3,0.1535
8483575,Matt Murray,2022-23,regular,NHL,DAL,G,5on4,1,0.93,7,-0.07
8470594,Marc-Andre Fleury,2022-23,playoffs,NHL,MIN,G,all,7,4.3429,51,-2.6571
8474889,Martin Jones,2022-23,playoffs,NHL,SEA,G,all,0,0.1007,4,0.1007
8475683,Sergei Bobrovsky,2022-23,playoffs,NHL,FLA,G,all,54,67.6944,939,13.6944
8475789,Jack Campbell,2022-23,playoffs,NHL,EDM,G,all,2,5.4722,67,3.4722
8475809,Scott Wedgewood,2022-23,playoffs,NHL,DAL,G,all,4,2.3944,45,-1.6056
8475831,Philipp Grubauer,2022-23,playoffs,NHL,SEA,G,all,41,41.1034,625,0.1034
8475883,Frederik Andersen,2022-23,playoffs,NHL,CAR,G,all,18,23.308,369,5.308
8476316,Laurent Brossoit,2022-23,playoffs,NHL,VGK,G,all,23,21.0956,315,-1.9044
8476883,Andrei Vasilevskiy,2022-23,playoffs,NHL,TBL,G,all,23,19.061,256,-3.939
8476914,Joonas Korpisalo,2022-23,playoffs,NHL,LAK,G,all,22,23.1182,288,1.1182
8476945,Connor Hellebuyck,2022-23,playoffs,NHL,WPG,G,all,18,14.4075,209,-3.5925
8476999,Linus Ullmark,2022-23,playoffs,NHL,BOS,G,all,20,17.073,260,-2.927
8477293,Antti Raanta,2022-23,playoffs,NHL,CAR,G,all,15,14.6584,241,-0.3416
8477831,Pheonix Copley,2022-23,playoffs,NHL,LAK,G,all,2,0.5977,10,-1.4023
8477970,Vitek Vanecek,2022-23,playoffs,NHL,NJD,G,all,20,13.2133,185,-6.7867
8478009,Ilya Sorokin,2022-23,playoffs,NHL,NYI,G,all,16,16.5874,297,0.5874
8478048,Igor Shesterkin,2022-23,playoffs,NHL,NYR,G,all,13,24.491,298,11.491
8478492,Ilya Samsonov,2022-23,playoffs,NHL,TOR,G,all,26,24.5056,379,-1.4944
8478499,Adin Hill,2022-23,playoffs,NHL,VGK,G,all,33,40.5443,686,7.5443
8479312,Alex Lyon,2022-23,playoffs,NHL,FLA,G,all,12,10.5026,155,-1.4974
8479361,Joseph Woll,2022-23,playoffs,NHL,TOR,G,all,8,9.6987,127,1.6987
8479406,Filip Gustavsson,2022-23,playoffs,NHL,MIN,G,all,12,13.5984,229,1.5984
8479973,Stuart Skinner,2022-23,playoffs,NHL,EDM,G,all,38,30.6811,417,-7.3189
8479979,Jake Oettinger,2022-23,playoffs,NHL,DAL,G,all,55,48.8037,770,-6.1963
8480280,Jeremy Swayman,2022-23,playoffs,NHL,BOS,G,all,4,2.3556,42,-1.6444
8480382,Alexandar Georgiev,2022-23,playoffs,NHL,COL,G,all,18,16.3164,294,-1.6836
8481033,Akira Schmid,2022-23,playoffs,NHL,NJD,G,all,18,21.1294,341,3.1294
8481611,Pyotr Kochetkov,2022-23,playoffs,NHL,CAR,G,all,4,2.0044,28,-1.9956
8470594,Marc-Andre Fleury,2022-23,playoffs,NHL,MIN,G,5on5,3,2.8047,33,-0.1953
8474889,Martin Jones,2022-23,playoffs,NHL,SEA,G,5on5,0,0.1007,4,0.1007
8475683,Sergei Bobrovsky,2022-23,playoffs,NHL,FLA,G,5on5,35,48.8595,748,13.8595
8475789,Jack Campbell,2022-23,playoffs,NHL,EDM,G,5on5,1,3.5979,52,2.5979
8475809,Scott Wedgewood,2022-23,playoffs,NHL,DAL,G,5on5,2,1.1021,29,-0.8979
8475831,Philipp Grubauer,2022-23,playoffs,NHL,SEA,G,5on5,32,30.8182,504,-1.1818
8475883,Frederik Andersen,2022-23,playoffs,NHL,CAR,G,5on5,13,18.2844,319,5.2844
8476316,Laurent Brossoit,2022-23,playoffs,NHL,VGK,G,5on5,10,13.5265,238,3.5265
8476883,Andrei Vasilevskiy,2022-23,playoffs,NHL,TBL,G,5on5,14,12.6765,192,-1.3235
8476914,Joonas Korpisalo,2022-23,playoffs,NHL,LAK,G,5on5,14,18.3861,246,4.3861
8476945,Connor Hellebuyck,2022-23,playoffs,NHL,WPG,G,5on5,15,10.0682,167,-4.9318
8476999,Linus Ullmark,2022-23,playoffs,NHL,BOS,G,5on5,13,12.4972,194,-0.5028
8477293,Antti Raanta,2022-23,playoffs,NHL,CAR,G,5on5,11,11.0258,197,0.0258
8477831,Pheonix Copley,2022-23,playoffs,NHL,LAK,G,5on5,1,0.1252,5,-0.8748
8477970,Vitek Vanecek,2022-23,playoffs,NHL,NJD,G,5on5,14,9.3534,138,-4.6466
8478009,Ilya Sorokin,2022-23,playoffs,NHL,NYI,G,5on5,10,12.3271,244,2.3271
8478048,Igor Shesterkin,2022-23,playoffs,NHL,NYR,G,5on5,7,17.5,230,10.5
8478492,Ilya Samsonov,2022-23,playoffs,NHL,TOR,G,5on5,20,18.1811,313,-1.8189
8478499,Adin Hill,2022-23,playoffs,NHL,VGK,G,5on5,23,28.902,552,5.902
8479312,Alex Lyon,2022-23,playoffs,NHL,FLA,G,5on5,8,6.8287,119,-1.1713
8479361,Joseph Woll,2022-23,playoffs,NHL,TOR,G,5on5,5,6.3467,101,1.3467
8479406,Filip Gustavsson,2022-23,playoffs,NHL,MIN,G,5on5,6,8.7536,164,2.7536
8479973,Stuart Skinner,2022-23,playoffs,NHL,EDM,G,5on5,25,20.1085,313,-4.8915
8479979,Jake Oettinger,2022-23,playoffs,NHL,DAL,G,5on5,44,36.6755,624,-7.3245
8480280,Jeremy Swayman,2022-23,playoffs,NHL,BOS,G,5on5,2,1.8264,31,-0.1736
8480382,Alexandar Georgiev,2022-23,playoffs,NHL,COL,G,5on5,14,13.0848,248,-0.9152
8481033,Akira Schmid,2022-23,playoffs,NHL,NJD,G,5on5,14,15.1438,270,1.1438
8481611,Pyotr Kochetkov,2022-23,playoffs,NHL,CAR,G,5on5,3,1.5176,25,-1.4824
8470594,Marc-Andre Fleury,2022-23,playoffs,NHL,MIN,G,4on5,3,1.3286,17,-1.6714
8475683,Sergei Bobrovsky,2022-23,playoffs,NHL,FLA,G,4on5,16,14.6495,139,-1.3505
8475789,Jack Campbell,2022-23,playoffs,NHL,EDM,G,4on5,0,1.209,11,1.209
8475809,Scott Wedgewood,2022-23,playoffs,NHL,DAL,G,4on5,1,1.0528,14,0.0528
8475831,Philipp Grubauer,2022-23,playoffs,NHL,SEA,G,4on5,6,8.3769,90,2.3769
8475883,Frederik Andersen,2022-23,playoffs,NHL,CAR,G,4on5,4,4.1434,40,0.1434
8476316,Laurent Brossoit,2022-23,playoffs,NHL,VGK,G,4on5,10,5.0803,42,-4.9197
8476883,Andrei Vasilevskiy,2022-23,playoffs,NHL,TBL,G,4on5,6,3.797,36,-2.203
8476914,Joonas Korpisalo,2022-23,playoffs,NHL,LAK,G,4on5,7,3.6568,30,-3.3432
8476945,Connor Hellebuyck,2022-23,playoffs,NHL,WPG,G,4on5,3,3.5103,31,0.5103
8476999,Linus Ullmark,2022-23,playoffs,NHL,BOS,G,4on5,3,2.4962,35,-0.5038
8477293,Antti Raanta,2022-23,playoffs,NHL,CAR,G,4on5,2,2.4884,26,0.4884
8477831,Pheonix Copley,2022-23,playoffs,NHL,LAK,G,4on5,1,0.4726,5,-0.5274
8477970,Vitek Vanecek,2022-23,playoffs,NHL,NJD,G,4on5,4,2.8479,37,-1.1521
8478009,Ilya Sorokin,2022-23,playoffs,NHL,NYI,G,4on5,4,2.802,35,-1.198
8478048,Igor Shesterkin,2022-23,playoffs,NHL,NYR,G,4on5,3,3.9514,40,0.9514
8478492,Ilya Samsonov,2022-23,playoffs,NHL,TOR,G,4on5,5,4.1045,44,-0.8955
8478499,Adin Hill,2022-23,playoffs,NHL,VGK,G,4on5,7,9.6131,95,2.6131
8479312,Alex Lyon,2022-23,playoffs,NHL,FLA,G,4on5,3,2.6047,27,-0.3953
8479361,Joseph Woll,2022-23,playoffs,NHL,TOR,G,4on5,3,3.3292,23,0.3292
8479406,Filip Gustavsson,2022-23,playoffs,NHL,MIN,G,4on5,6,3.5557,38,-2.4443
8479973,Stuart Skinner,2022-23,playoffs,NHL,EDM,G,4on5,8,7.1929,71,-0.8071
8479979,Jake Oettinger,2022-23,playoffs,NHL,DAL,G,4on5,6,8.2708,88,2.2708
8480280,Jeremy Swayman,2022-23,playoffs,NHL,BOS,G,4on5,1,0.2612,5,-0.7388
8480382,Alexandar Georgiev,2022-23,playoffs,NHL,COL,G,4on5,3,2.4357,30,-0.5643
8481033,Akira Schmid,2022-23,playoffs,NHL,NJD,G,4on5,3,4.8,58,1.8
8481611,Pyotr Kochetkov,2022-23,playoffs,NHL,CAR,G,4on5,1,0.2089,1,-0.7911
8470594,Marc-Andre Fleury,2022-23,playoffs,NHL,MIN,G,5on4,1,0.2095,1,-0.7905
8475683,Sergei Bobrovsky,2022-23,playoffs,NHL,FLA,G,5on4,2,1.7607,25,-0.2393
8475809,Scott Wedgewood,2022-23,playoffs,NHL,DAL,G,5on4,1,0.2395,2,-0.7605
8475831,Philipp Grubauer,2022-23,playoffs,NHL,SEA,G,5on4,1,0.658,12,-0.342
8475883,Frederik Andersen,2022-23,playoffs,NHL,CAR,G,5on4,1,0.3978,6,-0.6022
8476316,Laurent Brossoit,2022-23,playoffs,NHL,VGK,G,5on4,1,0.7726,11,-0.2274
8476883,Andrei Vasilevskiy,2022-23,playoffs,NHL,TBL,G,5on4,0,0.1513,6,0.1513
8476914,Joonas Korpisalo,2022-23,playoffs,NHL,LAK,G,5on4,0,0.505,7,0.505
8476945,Connor Hellebuyck,2022-23,playoffs,NHL,WPG,G,5on4,0,0.2174,2,0.2174
8476999,Linus Ullmark,2022-23,playoffs,NHL,BOS,G,5on4,1,0.5016,10,-0.4984
8477293,Antti Raanta,2022-23,playoffs,NHL,CAR,G,5on4,1,0.4656,10,-0.5344
8477970,Vitek Vanecek,2022-23,playoffs,NHL,NJD,G,5on4,2,0.8401,8,-1.1599
8478009,Ilya Sorokin,2022-23,playoffs,NHL,NYI,G,5on4,1,0.5681,7,-0.4319
8478048,Igor Shesterkin,2022-23,playoffs,NHL,NYR,G,5on4,2,1.3404,11,-0.6596
8478492,Ilya Samsonov,2022-23,playoffs,NHL,TOR,G,5on4,0,0.8666,11,0.8666
8478499,Adin Hill,2022-23,playoffs,NHL,VGK,G,5on4,1,0.6217,18,-0.3783
8479312,Alex Lyon,2022-23,playoffs,NHL,FLA,G,5on4,1,0.4443,5,-0.5557
8479361,Joseph Woll,2022-23,playoffs,NHL,TOR,G,5on4,0,0.0142,1,0.0142
8479406,Filip Gustavsson,2022-23,playoffs,NHL,MIN,G,5on4,0,0.1112,5,0.1112
8479973,Stuart Skinner,2022-23,playoffs,NHL,EDM,G,5on4,1,0.842,8,-0.158
8479979,Jake Oettinger,2022-23,playoffs,NHL,DAL,G,5on4,0,0.6815,14,0.6815
8480280,Jeremy Swayman,2022-23,playoffs,NHL,BOS,G,5on4,0,0.0671,2,0.0671
8480382,Alexandar Georgiev,2022-23,playoffs,NHL,COL,G,5on4,1,0.2613,4,-0.7387
8481033,Akira Schmid,2022-23,playoffs,NHL,NJD,G,5on4,0,0.6895,8,0.6895
8470594,Marc-Andre Fleury,2023-24,regular,NHL,MIN,G,all,111,94.6773,1543,-16.3227
8471734,Jonathan Quick,2023-24,regular,NHL,NYR,G,all,69,75.6743,1149,6.6743
8473503,James Reimer,2023-24,regular,NHL,DET,G,all,70,69.6851,1043,-0.3149
8473575,Semyon Varlamov,2023-24,regular,NHL,NYI,G,all,69,76.458,1223,7.458
8474593,Jacob Markstrom,2023-24,regular,NHL,CGY,G,all,130,141.7102,2007,11.7102
8474596,Jake Allen,2023-24,regular,NHL,NJD,G,all,112,105.2413,1545,-6.7587
8474636,Michael Hutchinson,2023-24,regular,NHL,DET,G,all,3,3.1636,52,0.1636
8474889,Martin Jones,2023-24,regular,NHL,TOR,G,all,56,55.292,857,-0.708
8475311,Darcy Kuemper,2023-24,regular,NHL,WSH,G,all,103,90.1316,1385,-12.8684
8475660,Cam Talbot,2023-24,regular,NHL,LAK,G,all,130,131.1002,2138,1.1002
8475683,Sergei Bobrovsky,2023-24,regular,NHL,FLA,G,all,134,137.8041,2232,3.8041
8475717,Calvin Pickard,2023-24,regular,NHL,EDM,G,all,53,53.4685,829,0.4685
8475789,Jack Campbell,2023-24,regular,NHL,EDM,G,all,20,16.9074,203,-3.0926
8475809,Scott Wedgewood,2023-24,regular,NHL,DAL,G,all,85,73.6255,1217,-11.3745
8475831,Philipp Grubauer,2023-24,regular,NHL,SEA,G,all,95,87.128,1367,-7.872
8475839,Louis Domingue,2023-24,regular,NHL,NYR,G,all,1,2.5769,48,1.5769
8475852,Petr Mrazek,2023-24,regular,NHL,CHI,G,all,160,163.2874,2439,3.2874
8475883,Frederik Andersen,2023-24,regular,NHL,CAR,G,all,28,39.9695,594,11.9695
8476316,Laurent Brossoit,2023-24,regular,NHL,WPG,G,all,45,53.7497,922,8.7497
8476341,Anton Forsberg,2023-24,regular,NHL,OTT,G,all,84,74.0116,1067,-9.9884
8476412,Jordan Binnington,2023-24,regular,NHL,STL,G,all,156,168.0368,2572,12.0368
8476433,Magnus Hellberg,2023-24,regular,NHL,PIT,G,all,5,6.203,85,1.203
8476434,John Gibson,2023-24,regular,NHL,ANA,G,all,151,138.2323,1968,-12.7677
8476876,Malcolm Subban,2023-24,regular,NHL,CBJ,G,all,3,4.3015,53,1.3015
8476883,Andrei Vasilevskiy,2023-24,regular,NHL,TBL,G,all,148,132.519,2080,-15.481
8476904,Chris Driedger,2023-24,regular,NHL,SEA,G,all,5,6.1684,92,1.1684
8476914,Joonas Korpisalo,2023-24,regular,NHL,OTT,G,all,168,137.9673,2170,-30.0327
8476932,Anthony Stolarz,2023-24,regular,NHL,FLA,G,all,51,64.1575,1022,13.1575
8476945,Connor Hellebuyck,2023-24,regular,NHL,WPG,G,all,142,158.4421,2570,16.4421
8476999,Linus Ullmark,2023-24,regular,NHL,BOS,G,all,103,112.498,1766,9.498
8477035,Matt Tomkins,2023-24,regular,NHL,TBL,G,all,20,17.1764,265,-2.8236
8477293,Antti Raanta,2023-24,regular,NHL,CAR,G,all,63,50.5421,708,-12.4579
8477361,Cal Petersen,2023-24,regular,NHL,PHI,G,all,18,11.0039,193,-6.9961
8477424,Juuse Saros,2023-24,regular,NHL,NSH,G,all,170,164.9225,2556,-5.0775
8477465,Tristan Jarry,2023-24,regular,NHL,PIT,G,all,133,133.8444,2052,0.8444
8477480,Eric Comrie,2023-24,regular,NHL,BUF,G,all,32,28.378,380,-3.622
8477484,Spencer Martin,2023-24,regular,NHL,CAR,G,all,59,52.8911,778,-6.1089
8477831,Pheonix Copley,2023-24,regular,NHL,LAK,G,all,23,19.6098,266,-3.3902
8477967,Thatcher Demko,2023-24,regular,NHL,VAN,G,all,122,131.3531,2090,9.3531
8477968,Alex Nedeljkovic,2023-24,regular,NHL,PIT,G,all,102,99.0461,1538,-2.9539
8477970,Vitek Vanecek,2023-24,regular,NHL,NJD,G,all,95,81.5258,1211,-13.4742
8477992,Jonas Johansson,2023-24,regular,NHL,TBL,G,all,83,68.8588,1021,-14.1412
8478007,Elvis Merzlikins,2023-24,regular,NHL,CBJ,G,all,130,123.4564,1794,-6.5436
8478009,Ilya Sorokin,2023-24,regular,NHL,NYI,G,all,167,159.0297,2580,-7.9703
8478024,Ville Husso,2023-24,regular,NHL,DET,G,all,59,52.9527,832,-6.0473
8478039,Kaapo Kahkonen,2023-24,regular,NHL,NJD,G,all,116,114.5656,1675,-1.4344
8478048,Igor Shesterkin,2023-24,regular,NHL,NYR,G,all,141,143.3525,2307,2.3525
8478406,Mackenzie Blackwood,2023-24,regular,NHL,SJS,G,all,140,138.0136,1988,-1.9864
8478433,Felix Sandstrom,2023-24,regular,NHL,PHI,G,all,17,11.1542,150,-5.8458
8478435,Dan Vladar,2023-24,regular,NHL,CGY,G,all,68,54.6667,837,-13.3333
8478470,Samuel Montembeault,2023-24,regular,NHL,MTL,G,all,127,131.6375,1895,4.6375
8478492,Ilya Samsonov,2023-24,regular,NHL,TOR,G,all,118,100.2521,1657,-17.7479
8478499,Adin Hill,2023-24,regular,NHL,VGK,G,all,89,87.2742,1462,-1.7258
8478872,Karel Vejmelka,2023-24,regular,NHL,ARI,G,all,113,104.4016,1556,-8.5984
8478905,Ivan Fedotov,2023-24,regular,NHL,PHI,G,all,10,4.8888,79,-5.1112
8478916,Joey Daccord,2023-24,regular,NHL,SEA,G,all,116,116.0068,2061,0.0068
8478965,Kenneth Appleby,2023-24,regular,NHL,NYI,G,all,2,0.8092,12,-1.1908
8478971,Connor Ingram,2023-24,regular,NHL,ARI,G,all,136,138.0689,2149,2.0689
8479193,Casey DeSmith,2023-24,regular,NHL,VAN,G,all,79,71.1709,1111,-7.8291
8479292,Charlie Lindgren,2023-24,regular,NHL,WSH,G,all,127,131.4096,2109,4.4096
8479312,Alex Lyon,2023-24,regular,NHL,DET,G,all,127,119.9677,1910,-7.0323
8479361,Joseph Woll,2023-24,regular,NHL,TOR,G,all,72,73.673,1092,1.673
8479394,Carter Hart,2023-24,regular,NHL,PHI,G,all,68,63.6496,1029,-4.3504
8479406,Filip Gustavsson,2023-24,regular,NHL,MIN,G,all,129,121.0058,1836,-7.9942
8479496,David Rittich,2023-24,regular,NHL,LAK,G,all,49,62.645,912,13.645
8479973,Stuart Skinner,2023-24,regular,NHL,EDM,G,all,147,148.1507,2212,1.1507
8479979,Jake Oettinger,2023-24,regular,NHL,DAL,G,all,139,136.6432,2146,-2.3568
8480045,Ukko-Pekka Luukkonen,2023-24,regular,NHL,BUF,G,all,132,138.8071,2175,6.8071
8480051,Cayden Primeau,2023-24,regular,NHL,MTL,G,all,66,67.7053,1051,1.7053
8480191,Matt Villalta,2023-24,regular,NHL,ARI,G,all,5,2.9571,48,-2.0429
8480193,Daniil Tarasov,2023-24,regular,NHL,CBJ,G,all,73,68.1979,1097,-4.8021
8480238,Jiri Patera,2023-24,regular,NHL,VGK,G,all,21,17.8462,267,-3.1538
8480280,Jeremy Swayman,2023-24,regular,NHL,BOS,G,all,108,118.4851,1897,10.4851
8480313,Logan Thompson,2023-24,regular,NHL,VGK,G,all,119,111.172,1866,-7.828
8480382,Alexandar Georgiev,2023-24,regular,NHL,COL,G,all,183,162.9199,2526,-20.0801
8480843,Lukas Dostal,2023-24,regular,NHL,ANA,G,all,129,122.7755,1862,-6.2245
8480947,Kevin Lankinen,2023-24,regular,NHL,NSH,G,all,56,56.1266,829,0.1266
8480981,Joel Hofer,2023-24,regular,NHL,STL,G,all,72,81.3145,1203,9.3145
8480992,Magnus Chrona,2023-24,regular,NHL,SJS,G,all,37,27.3522,380,-9.6478
8481020,Justus Annunen,2023-24,regular,NHL,COL,G,all,30,37.4249,591,7.4249
8481031,Ivan Prosvetov,2023-24,regular,NHL,COL,G,all,25,24.1225,359,-0.8775
8481033,Akira Schmid,2023-24,regular,NHL,NJD,G,all,48,42.1984,635,-5.8016
8481035,Samuel Ersson,2023-24,regular,NHL,PHI,G,all,132,119.0298,1806,-12.9702
8481544,Mads Sogaard,2023-24,regular,NHL,OTT,G,all,18,9.6453,173,-8.3547
8481611,Pyotr Kochetkov,2023-24,regular,NHL,CAR,G,all,92,91.1863,1420,-0.8137
8481668,Arturs Silovs,2023-24,regular,NHL,VAN,G,all,10,8.126,140,-1.874
8481692,Dustin Wolf,2023-24,regular,NHL,CGY,G,all,50,36.6168,655,-13.3832
8482076,Nico Daws,2023-24,regular,NHL,NJD,G,all,60,55.1645,837,-4.8355
8482137,Yaroslav Askarov,2023-24,regular,NHL,NSH,G,all,2,3.8867,55,1.8867
8482221,Devon Levi,2023-24,regular,NHL,BUF,G,all,67,68.9714,965,1.9714
8482411,Hunter Shepard,2023-24,regular,NHL,WSH,G,all,13,12.4739,197,-0.5261
8482445,Devin Cooley,2023-24,regular,NHL,SJS,G,all,25,18.3715,276,-6.6285
8482661,Jesper Wallstedt,2023-24,regular,NHL,MIN,G,all,9,6.1809,119,-2.8191
8482821,Arvid Soderblom,2023-24,regular,NHL,CHI,G,all,114,91.9291,1345,-22.0709
8482982,Jet Greaves,2023-24,regular,NHL,CBJ,G,all,30,31.4845,464,1.4845
8483575,Matt Murray,2023-24,regular,NHL,DAL,G,all,0,1.5587,35,1.5587
8484293,Yaniv Perets,2023-24,regular,NHL,CAR,G,all,0,0.0919,1,0.0919
8484312,Georgi Romanov,2023-24,regular,NHL,SJS,G,all,1,3.0458,52,2.0458
8470594,Marc-Andre Fleury,2023-24,regular,NHL,MIN,G,5on5,64,61.3277,1185,-2.6723
8471734,Jonathan Quick,2023-24,regular,NHL,NYR,G,5on5,58,55.1345,912,-2.8655
8473503,James Reimer,2023-24,regular,NHL,DET,G,5on5,55,46.0457,806,-8.9543
8473575,Semyon Varlamov,2023-24,regular,NHL,NYI,G,5on5,47,53.1212,966,6.1212
8474593,Jacob Markstrom,2023-24,regular,NHL,CGY,G,5on5,90,96.9738,1541,6.9738
8474596,Jake Allen,2023-24,regular,NHL,NJD,G,5on5,76,72.8791,1223,-3.1209
8474636,Michael Hutchinson,2023-24,regular,NHL,DET,G,5on5,3,1.7991,36,-1.2009
8474889,Martin Jones,2023-24,regular,NHL,TOR,G,5on5,37,40.696,683,3.696
8475311,Darcy Kuemper,2023-24,regular,NHL,WSH,G,5on5,72,62.0624,1078,-9.9376
8475660,Cam Talbot,2023-24,regular,NHL,LAK,G,5on5,97,90.1024,1657,-6.8976
8475683,Sergei Bobrovsky,2023-24,regular,NHL,FLA,G,5on5,91,93.9014,1720,2.9014
8475717,Calvin Pickard,2023-24,regular,NHL,EDM,G,5on5,36,40.8164,691,4.8164
8475789,Jack Campbell,2023-24,regular,NHL,EDM,G,5on5,15,11.4034,158,-3.5966
8475809,Scott Wedgewood,2023-24,regular,NHL,DAL,G,5on5,56,49.8616,980,-6.1384
8475831,Philipp Grubauer,2023-24,regular,NHL,SEA,G,5on5,69,59.9165,1077,-9.0835
8475839,Louis Domingue,2023-24,regular,NHL,NYR,G,5on5,1,1.9233,38,0.9233
8475852,Petr Mrazek,2023-24,regular,NHL,CHI,G,5on5,115,120.9755,2023,5.9755
8475883,Frederik Andersen,2023-24,regular,NHL,CAR,G,5on5,22,26.2115,464,4.2115
8476316,Laurent Brossoit,2023-24,regular,NHL,WPG,G,5on5,29,37.648,732,8.648
8476341,Anton Forsberg,2023-24,regular,NHL,OTT,G,5on5,62,51.3963,841,-10.6037
8476412,Jordan Binnington,2023-24,regular,NHL,STL,G,5on5,117,119.5054,2067,2.5054
8476433,Magnus Hellberg,2023-24,regular,NHL,PIT,G,5on5,4,4.7383,70,0.7383
8476434,John Gibson,2023-24,regular,NHL,ANA,G,5on5,94,89.569,1469,-4.431
8476876,Malcolm Subban,2023-24,regular,NHL,CBJ,G,5on5,2,3.0632,42,1.0632
8476883,Andrei Vasilevskiy,2023-24,regular,NHL,TBL,G,5on5,111,92.4865,1653,-18.5135
8476904,Chris Driedger,2023-24,regular,NHL,SEA,G,5on5,3,3.7306,73,0.7306
8476914,Joonas Korpisalo,2023-24,regular,NHL,OTT,G,5on5,115,97.9834,1733,-17.0166
8476932,Anthony Stolarz,2023-24,regular,NHL,FLA,G,5on5,28,40.7496,773,12.7496
8476945,Connor Hellebuyck,2023-24,regular,NHL,WPG,G,5on5,92,109.6741,2033,17.6741
8476999,Linus Ullmark,2023-24,regular,NHL,BOS,G,5on5,66,75.2299,1387,9.2299
8477035,Matt Tomkins,2023-24,regular,NHL,TBL,G,5on5,17,10.3929,188,-6.6071
8477293,Antti Raanta,2023-24,regular,NHL,CAR,G,5on5,42,39.683,593,-2.317
8477361,Cal Petersen,2023-24,regular,NHL,PHI,G,5on5,15,7.949,154,-7.051
8477424,Juuse Saros,2023-24,regular,NHL,NSH,G,5on5,119,112.9091,2019,-6.0909
8477465,Tristan Jarry,2023-24,regular,NHL,PIT,G,5on5,94,96.8222,1648,2.8222
8477480,Eric Comrie,2023-24,regular,NHL,BUF,G,5on5,21,19.5364,298,-1.4636
8477484,Spencer Martin,2023-24,regular,NHL,CAR,G,5on5,41,38.1943,625,-2.8057
8477831,Pheonix Copley,2023-24,regular,NHL,LAK,G,5on5,15,11.4064,183,-3.5936
8477967,Thatcher Demko,2023-24,regular,NHL,VAN,G,5on5,85,87.0853,1577,2.0853
8477968,Alex Nedeljkovic,2023-24,regular,NHL,PIT,G,5on5,74,68.4005,1202,-5.5995
8477970,Vitek Vanecek,2023-24,regular,NHL,NJD,G,5on5,67,56.0397,958,-10.9603
8477992,Jonas Johansson,2023-24,regular,NHL,TBL,G,5on5,62,50.0469,815,-11.9531
8478007,Elvis Merzlikins,2023-24,regular,NHL,CBJ,G,5on5,95,88.3762,1410,-6.6238
8478009,Ilya Sorokin,2023-24,regular,NHL,NYI,G,5on5,110,111.2911,2076,1.2911
8478024,Ville Husso,2023-24,regular,NHL,DET,G,5on5,39,34.6251,630,-4.3749
8478039,Kaapo Kahkonen,2023-24,regular,NHL,NJD,G,5on5,81,82.1113,1350,1.1113
8478048,Igor Shesterkin,2023-24,regular,NHL,NYR,G,5on5,106,104.6517,1866,-1.3483
8478406,Mackenzie Blackwood,2023-24,regular,NHL,SJS,G,5on5,101,93.4944,1524,-7.5056
8478433,Felix Sandstrom,2023-24,regular,NHL,PHI,G,5on5,12,7.4846,109,-4.5154
8478435,Dan Vladar,2023-24,regular,NHL,CGY,G,5on5,54,39.6249,666,-14.3751
8478470,Samuel Montembeault,2023-24,regular,NHL,MTL,G,5on5,81,84.89,1429,3.89
8478492,Ilya Samsonov,2023-24,regular,NHL,TOR,G,5on5,75,66.0826,1264,-8.9174
8478499,Adin Hill,2023-24,regular,NHL,VGK,G,5on5,68,61.0027,1174,-6.9973
8478872,Karel Vejmelka,2023-24,regular,NHL,ARI,G,5on5,79,70.4995,1198,-8.5005
8478905,Ivan Fedotov,2023-24,regular,NHL,PHI,G,5on5,8,4.3473,71,-3.6527
8478916,Joey Daccord,2023-24,regular,NHL,SEA,G,5on5,74,80.2251,1648,6.2251
8478965,Kenneth Appleby,2023-24,regular,NHL,NYI,G,5on5,1,0.489,9,-0.511
8478971,Connor Ingram,2023-24,regular,NHL,ARI,G,5on5,90,95.4726,1649,5.4726
8479193,Casey DeSmith,2023-24,regular,NHL,VAN,G,5on5,46,47.2173,865,1.2173
8479292,Charlie Lindgren,2023-24,regular,NHL,WSH,G,5on5,92,91.5121,1668,-0.4879
8479312,Alex Lyon,2023-24,regular,NHL,DET,G,5on5,92,84.9222,1517,-7.0778
8479361,Joseph Woll,2023-24,regular,NHL,TOR,G,5on5,56,50.3553,839,-5.6447
8479394,Carter Hart,2023-24,regular,NHL,PHI,G,5on5,53,44.9245,820,-8.0755
8479406,Filip Gustavsson,2023-24,regular,NHL,MIN,G,5on5,91,75.7297,1353,-15.2703
8479496,David Rittich,2023-24,regular,NHL,LAK,G,5on5,31,39.2014,662,8.2014
8479973,Stuart Skinner,2023-24,regular,NHL,EDM,G,5on5,102,100.6559,1708,-1.3441
8479979,Jake Oettinger,2023-24,regular,NHL,DAL,G,5on5,105,93.8161,1669,-11.1839
8480045,Ukko-Pekka Luukkonen,2023-24,regular,NHL,BUF,G,5on5,98,101.4247,1746,3.4247
8480051,Cayden Primeau,2023-24,regular,NHL,MTL,G,5on5,41,45.218,808,4.218
8480191,Matt Villalta,2023-24,regular,NHL,ARI,G,5on5,3,1.9499,36,-1.0501
8480193,Daniil Tarasov,2023-24,regular,NHL,CBJ,G,5on5,48,47.5845,869,-0.4155
8480238,Jiri Patera,2023-24,regular,NHL,VGK,G,5on5,11,11.6309,207,0.6309
8480280,Jeremy Swayman,2023-24,regular,NHL,BOS,G,5on5,69,79.8598,1463,10.8598
8480313,Logan Thompson,2023-24,regular,NHL,VGK,G,5on5,84,77.9646,1491,-6.0354
8480382,Alexandar Georgiev,2023-24,regular,NHL,COL,G,5on5,123,105.4884,1953,-17.5116
8480843,Lukas Dostal,2023-24,regular,NHL,ANA,G,5on5,80,71.1443,1325,-8.8557
8480947,Kevin Lankinen,2023-24,regular,NHL,NSH,G,5on5,32,39.3739,660,7.3739
8480981,Joel Hofer,2023-24,regular,NHL,STL,G,5on5,51,59.5785,993,8.5785
8480992,Magnus Chrona,2023-24,regular,NHL,SJS,G,5on5,31,20.5594,295,-10.4406
8481020,Justus Annunen,2023-24,regular,NHL,COL,G,5on5,25,26.7483,464,1.7483
8481031,Ivan Prosvetov,2023-24,regular,NHL,COL,G,5on5,20,17.5515,289,-2.4485
8481033,Akira Schmid,2023-24,regular,NHL,NJD,G,5on5,34,29.8925,492,-4.1075
8481035,Samuel Ersson,2023-24,regular,NHL,PHI,G,5on5,92,77.354,1376,-14.646
8481544,Mads Sogaard,2023-24,regular,NHL,OTT,G,5on5,15,6.9358,137,-8.0642
8481611,Pyotr Kochetkov,2023-24,regular,NHL,CAR,G,5on5,70,63.465,1129,-6.535
8481668,Arturs Silovs,2023-24,regular,NHL,VAN,G,5on5,6,5.3715,102,-0.6285
8481692,Dustin Wolf,2023-24,regular,NHL,CGY,G,5on5,37,25.784,530,-11.216
8482076,Nico Daws,2023-24,regular,NHL,NJD,G,5on5,43,39.6451,668,-3.3549
8482137,Yaroslav Askarov,2023-24,regular,NHL,NSH,G,5on5,2,3.2635,46,1.2635
8482221,Devon Levi,2023-24,regular,NHL,BUF,G,5on5,40,45.0029,718,5.0029
8482411,Hunter Shepard,2023-24,regular,NHL,WSH,G,5on5,11,11.2176,177,0.2176
8482445,Devin Cooley,2023-24,regular,NHL,SJS,G,5on5,20,11.8217,205,-8.1783
8482661,Jesper Wallstedt,2023-24,regular,NHL,MIN,G,5on5,8,4.8802,104,-3.1198
8482821,Arvid Soderblom,2023-24,regular,NHL,CHI,G,5on5,87,68.6142,1107,-18.3858
8482982,Jet Greaves,2023-24,regular,NHL,CBJ,G,5on5,22,21.7401,367,-0.2599
8483575,Matt Murray,2023-24,regular,NHL,DAL,G,5on5,0,0.8053,24,0.8053
8484293,Yaniv Perets,2023-24,regular,NHL,CAR,G,5on5,0,0.0919,1,0.0919
8484312,Georgi Romanov,2023-24,regular,NHL,SJS,G,5on5,1,3.0458,52,2.0458
8470594,Marc-Andre Fleury,2023-24,regular,NHL,MIN,G,4on5,33,22.2853,242,-10.7147
8471734,Jonathan Quick,2023-24,regular,NHL,NYR,G,4on5,10,14.2088,163,4.2088
8473503,James Reimer,2023-24,regular,NHL,DET,G,4on5,12,16.0919,157,4.0919
8473575,Semyon Varlamov,2023-24,regular,NHL,NYI,G,4on5,16,16.5637,165,0.5637
8474593,Jacob Markstrom,2023-24,regular,NHL,CGY,G,4on5,22,27.5838,284,5.5838
8474596,Jake Allen,2023-24,regular,NHL,NJD,G,4on5,23,22.0254,222,-0.9746
8474636,Michael Hutchinson,2023-24,regular,NHL,DET,G,4on5,0,1.3338,13,1.3338
8474889,Martin Jones,2023-24,regular,NHL,TOR,G,4on5,14,10.7978,116,-3.2022
8475311,Darcy Kuemper,2023-24,regular,NHL,WSH,G,4on5,24,19.2717,203,-4.7283
8475660,Cam Talbot,2023-24,regular,NHL,LAK,G,4on5,19,29.9265,346,10.9265
8475683,Sergei Bobrovsky,2023-24,regular,NHL,FLA,G,4on5,29,28.8426,328,-0.1574
8475717,Calvin Pickard,2023-24,regular,NHL,EDM,G,4on5,14,9.3977,99,-4.6023
8475789,Jack Campbell,2023-24,regular,NHL,EDM,G,4on5,3,4.3218,36,1.3218
8475809,Scott Wedgewood,2023-24,regular,NHL,DAL,G,4on5,15,13.4482,146,-1.5518
8475831,Philipp Grubauer,2023-24,regular,NHL,SEA,G,4on5,18,17.9911,198,-0.0089
8475839,Louis Domingue,2023-24,regular,NHL,NYR,G,4on5,0,0.121,3,0.121
8475852,Petr Mrazek,2023-24,regular,NHL,CHI,G,4on5,32,29.5283,268,-2.4717
8475883,Frederik Andersen,2023-24,regular,NHL,CAR,G,4on5,4,9.8255,84,5.8255
8476316,Laurent Brossoit,2023-24,regular,NHL,WPG,G,4on5,13,10.5653,120,-2.4347
8476341,Anton Forsberg,2023-24,regular,NHL,OTT,G,4on5,17,13.6479,144,-3.3521
8476412,Jordan Binnington,2023-24,regular,NHL,STL,G,4on5,28,33.4699,344,5.4699
8476433,Magnus Hellberg,2023-24,regular,NHL,PIT,G,4on5,0,0.8504,8,0.8504
8476434,John Gibson,2023-24,regular,NHL,ANA,G,4on5,43,35.1169,362,-7.8831
8476876,Malcolm Subban,2023-24,regular,NHL,CBJ,G,4on5,1,1.1396,10,0.1396
8476883,Andrei Vasilevskiy,2023-24,regular,NHL,TBL,G,4on5,22,25.222,273,3.222
8476904,Chris Driedger,2023-24,regular,NHL,SEA,G,4on5,2,1.7784,11,-0.2216
8476914,Joonas Korpisalo,2023-24,regular,NHL,OTT,G,4on5,37,27.0854,287,-9.9146
8476932,Anthony Stolarz,2023-24,regular,NHL,FLA,G,4on5,14,14.9191,148,0.9191
8476945,Connor Hellebuyck,2023-24,regular,NHL,WPG,G,4on5,35,34.3069,369,-0.6931
8476999,Linus Ullmark,2023-24,regular,NHL,BOS,G,4on5,20,21.1593,218,1.1593
8477035,Matt Tomkins,2023-24,regular,NHL,TBL,G,4on5,1,4.8611,49,3.8611
8477293,Antti Raanta,2023-24,regular,NHL,CAR,G,4on5,13,6.7194,70,-6.2806
8477361,Cal Petersen,2023-24,regular,NHL,PHI,G,4on5,3,2.4466,29,-0.5534
8477424,Juuse Saros,2023-24,regular,NHL,NSH,G,4on5,31,35.1379,351,4.1379
8477465,Tristan Jarry,2023-24,regular,NHL,PIT,G,4on5,23,24.7898,262,1.7898
8477480,Eric Comrie,2023-24,regular,NHL,BUF,G,4on5,7,6.6943,61,-0.3057
8477484,Spencer Martin,2023-24,regular,NHL,CAR,G,4on5,13,10.7989,105,-2.2011
8477831,Pheonix Copley,2023-24,regular,NHL,LAK,G,4on5,4,6.2262,63,2.2262
8477967,Thatcher Demko,2023-24,regular,NHL,VAN,G,4on5,24,28.9336,323,4.9336
8477968,Alex Nedeljkovic,2023-24,regular,NHL,PIT,G,4on5,19,18.801,196,-0.199
8477970,Vitek Vanecek,2023-24,regular,NHL,NJD,G,4on5,15,17.4115,171,2.4115
8477992,Jonas Johansson,2023-24,regular,NHL,TBL,G,4on5,12,12.2958,124,0.2958
8478007,Elvis Merzlikins,2023-24,regular,NHL,CBJ,G,4on5,20,21.941,237,1.941
8478009,Ilya Sorokin,2023-24,regular,NHL,NYI,G,4on5,38,28.5628,308,-9.4372
8478024,Ville Husso,2023-24,regular,NHL,DET,G,4on5,11,13.1349,134,2.1349
8478039,Kaapo Kahkonen,2023-24,regular,NHL,NJD,G,4on5,24,20.6877,206,-3.3123
8478048,Igor Shesterkin,2023-24,regular,NHL,NYR,G,4on5,26,26.2744,280,0.2744
8478406,Mackenzie Blackwood,2023-24,regular,NHL,SJS,G,4on5,28,31.9548,321,3.9548
8478433,Felix Sandstrom,2023-24,regular,NHL,PHI,G,4on5,3,2.603,28,-0.397
8478435,Dan Vladar,2023-24,regular,NHL,CGY,G,4on5,10,10.2794,106,0.2794
8478470,Samuel Montembeault,2023-24,regular,NHL,MTL,G,4on5,22,28.7018,280,6.7018
8478492,Ilya Samsonov,2023-24,regular,NHL,TOR,G,4on5,25,20.6234,230,-4.3766
8478499,Adin Hill,2023-24,regular,NHL,VGK,G,4on5,9,17.6453,193,8.6453
8478872,Karel Vejmelka,2023-24,regular,NHL,ARI,G,4on5,20,22.6946,240,2.6946
8478905,Ivan Fedotov,2023-24,regular,NHL,PHI,G,4on5,0,0.0759,1,0.0759
8478916,Joey Daccord,2023-24,regular,NHL,SEA,G,4on5,20,22.7618,264,2.7618
8478965,Kenneth Appleby,2023-24,regular,NHL,NYI,G,4on5,0,0.0215,1,0.0215
8478971,Connor Ingram,2023-24,regular,NHL,ARI,G,4on5,33,29.6253,345,-3.3747
8479193,Casey DeSmith,2023-24,regular,NHL,VAN,G,4on5,16,14.2232,144,-1.7768
8479292,Charlie Lindgren,2023-24,regular,NHL,WSH,G,4on5,23,28.988,301,5.988
8479312,Alex Lyon,2023-24,regular,NHL,DET,G,4on5,24,24.7378,258,0.7378
8479361,Joseph Woll,2023-24,regular,NHL,TOR,G,4on5,11,14.5475,159,3.5475
8479394,Carter Hart,2023-24,regular,NHL,PHI,G,4on5,9,11.3149,130,2.3149
8479406,Filip Gustavsson,2023-24,regular,NHL,MIN,G,4on5,29,34.434,349,5.434
8479496,David Rittich,2023-24,regular,NHL,LAK,G,4on5,13,14.2664,162,1.2664
8479973,Stuart Skinner,2023-24,regular,NHL,EDM,G,4on5,34,30.6902,317,-3.3098
8479979,Jake Oettinger,2023-24,regular,NHL,DAL,G,4on5,24,27.6483,286,3.6483
8480045,Ukko-Pekka Luukkonen,2023-24,regular,NHL,BUF,G,4on5,23,26.7466,305,3.7466
8480051,Cayden Primeau,2023-24,regular,NHL,MTL,G,4on5,19,16.1288,161,-2.8712
8480191,Matt Villalta,2023-24,regular,NHL,ARI,G,4on5,1,0.7919,8,-0.2081
8480193,Daniil Tarasov,2023-24,regular,NHL,CBJ,G,4on5,16,13.5287,155,-2.4713
8480238,Jiri Patera,2023-24,regular,NHL,VGK,G,4on5,7,3.6834,45,-3.3166
8480280,Jeremy Swayman,2023-24,regular,NHL,BOS,G,4on5,21,22.916,253,1.916
8480313,Logan Thompson,2023-24,regular,NHL,VGK,G,4on5,24,22.8722,247,-1.1278
8480382,Alexandar Georgiev,2023-24,regular,NHL,COL,G,4on5,41,38.2292,373,-2.7708
8480843,Lukas Dostal,2023-24,regular,NHL,ANA,G,4on5,41,37.1308,388,-3.8692
8480947,Kevin Lankinen,2023-24,regular,NHL,NSH,G,4on5,19,11.888,113,-7.112
8480981,Joel Hofer,2023-24,regular,NHL,STL,G,4on5,15,14.7761,141,-0.2239
8480992,Magnus Chrona,2023-24,regular,NHL,SJS,G,4on5,5,5.7271,67,0.7271
8481020,Justus Annunen,2023-24,regular,NHL,COL,G,4on5,4,7.7759,93,3.7759
8481031,Ivan Prosvetov,2023-24,regular,NHL,COL,G,4on5,4,4.1246,44,0.1246
8481033,Akira Schmid,2023-24,regular,NHL,NJD,G,4on5,9,7.5958,89,-1.4042
8481035,Samuel Ersson,2023-24,regular,NHL,PHI,G,4on5,20,24.0645,238,4.0645
8481544,Mads Sogaard,2023-24,regular,NHL,OTT,G,4on5,3,2.2319,27,-0.7681
8481611,Pyotr Kochetkov,2023-24,regular,NHL,CAR,G,4on5,14,18.2071,185,4.2071
8481668,Arturs Silovs,2023-24,regular,NHL,VAN,G,4on5,3,1.3396,19,-1.6604
8481692,Dustin Wolf,2023-24,regular,NHL,CGY,G,4on5,12,8.3824,95,-3.6176
8482076,Nico Daws,2023-24,regular,NHL,NJD,G,4on5,13,9.8664,102,-3.1336
8482221,Devon Levi,2023-24,regular,NHL,BUF,G,4on5,17,16.3161,159,-0.6839
8482411,Hunter Shepard,2023-24,regular,NHL,WSH,G,4on5,2,0.4178,5,-1.5822
8482445,Devin Cooley,2023-24,regular,NHL,SJS,G,4on5,1,3.9799,43,2.9799
8482661,Jesper Wallstedt,2023-24,regular,NHL,MIN,G,4on5,0,0.5559,8,0.5559
8482821,Arvid Soderblom,2023-24,regular,NHL,CHI,G,4on5,21,16.2779,166,-4.7221
8482982,Jet Greaves,2023-24,regular,NHL,CBJ,G,4on5,7,7.8665,74,0.8665
8483575,Matt Murray,2023-24,regular,NHL,DAL,G,4on5,0,0.6107,10,0.6107
8470594,Marc-Andre Fleury,2023-24,regular,NHL,MIN,G,5on4,7,4.336,35,-2.664
8471734,Jonathan Quick,2023-24,regular,NHL,NYR,G,5on4,0,1.718,22,1.718
8473503,James Reimer,2023-24,regular,NHL,DET,G,5on4,0,1.4456,20,1.4456
8473575,Semyon Varlamov,2023-24,regular,NHL,NYI,G,5on4,0,1.2946,32,1.2946
8474593,Jacob Markstrom,2023-24,regular,NHL,CGY,G,5on4,10,6.638,66,-3.362
8474596,Jake Allen,2023-24,regular,NHL,NJD,G,5on4,3,3.636,34,0.636
8474636,Michael Hutchinson,2023-24,regular,NHL,DET,G,5on4,0,0.0307,3,0.0307
8474889,Martin Jones,2023-24,regular,NHL,TOR,G,5on4,3,0.9832,19,-2.0168
8475311,Darcy Kuemper,2023-24,regular,NHL,WSH,G,5on4,0,2.2643,34,2.2643
8475660,Cam Talbot,2023-24,regular,NHL,LAK,G,5on4,3,2.6384,50,-0.3616
8475683,Sergei Bobrovsky,2023-24,regular,NHL,FLA,G,5on4,4,3.3452,66,-0.6548
8475717,Calvin Pickard,2023-24,regular,NHL,EDM,G,5on4,0,0.8739,17,0.8739
8475789,Jack Campbell,2023-24,regular,NHL,EDM,G,5on4,1,0.4612,3,-0.5388
8475809,Scott Wedgewood,2023-24,regular,NHL,DAL,G,5on4,3,2.4743,31,-0.5257
8475831,Philipp Grubauer,2023-24,regular,NHL,SEA,G,5on4,4,2.1981,31,-1.8019
8475839,Louis Domingue,2023-24,regular,NHL,NYR,G,5on4,0,0.0251,1,0.0251
8475852,Petr Mrazek,2023-24,regular,NHL,CHI,G,5on4,7,3.6606,52,-3.3394
8475883,Frederik Andersen,2023-24,regular,NHL,CAR,G,5on4,1,0.6636,17,-0.3364
8476316,Laurent Brossoit,2023-24,regular,NHL,WPG,G,5on4,1,0.8316,15,-0.1684
8476341,Anton Forsberg,2023-24,regular,NHL,OTT,G,5on4,1,1.5146,23,0.5146
8476412,Jordan Binnington,2023-24,regular,NHL,STL,G,5on4,3,4.3308,56,1.3308
8476433,Magnus Hellberg,2023-24,regular,NHL,PIT,G,5on4,1,0.2165,2,-0.7835
8476434,John Gibson,2023-24,regular,NHL,ANA,G,5on4,3,3.1631,35,0.1631
8476883,Andrei Vasilevskiy,2023-24,regular,NHL,TBL,G,5on4,4,3.2355,46,-0.7645
8476914,Joonas Korpisalo,2023-24,regular,NHL,OTT,G,5on4,4,3.2528,56,-0.7472
8476932,Anthony Stolarz,2023-24,regular,NHL,FLA,G,5on4,3,1.56,26,-1.44
8476945,Connor Hellebuyck,2023-24,regular,NHL,WPG,G,5on4,4,3.6021,56,-0.3979
8476999,Linus Ullmark,2023-24,regular,NHL,BOS,G,5on4,3,3.7344,46,0.7344
8477035,Matt Tomkins,2023-24,regular,NHL,TBL,G,5on4,0,0.3721,9,0.3721
8477293,Antti Raanta,2023-24,regular,NHL,CAR,G,5on4,2,1.7762,18,-0.2238
8477361,Cal Petersen,2023-24,regular,NHL,PHI,G,5on4,0,0.492,7,0.492
8477424,Juuse Saros,2023-24,regular,NHL,NSH,G,5on4,4,4.6187,64,0.6187
8477465,Tristan Jarry,2023-24,regular,NHL,PIT,G,5on4,9,5.2977,65,-3.7023
8477480,Eric Comrie,2023-24,regular,NHL,BUF,G,5on4,1,0.914,9,-0.086
8477484,Spencer Martin,2023-24,regular,NHL,CAR,G,5on4,2,1.2403,18,-0.7597
8477831,Pheonix Copley,2023-24,regular,NHL,LAK,G,5on4,3,1.0593,12,-1.9407
8477967,Thatcher Demko,2023-24,regular,NHL,VAN,G,5on4,5,3.7167,56,-1.2833
8477968,Alex Nedeljkovic,2023-24,regular,NHL,PIT,G,5on4,2,3.9833,52,1.9833
8477970,Vitek Vanecek,2023-24,regular,NHL,NJD,G,5on4,4,2.6417,30,-1.3583
8477992,Jonas Johansson,2023-24,regular,NHL,TBL,G,5on4,1,1.3821,24,0.3821
8478007,Elvis Merzlikins,2023-24,regular,NHL,CBJ,G,5on4,2,2.6756,44,0.6756
8478009,Ilya Sorokin,2023-24,regular,NHL,NYI,G,5on4,1,3.7925,56,2.7925
8478024,Ville Husso,2023-24,regular,NHL,DET,G,5on4,5,2.078,31,-2.922
8478039,Kaapo Kahkonen,2023-24,regular,NHL,NJD,G,5on4,4,3.2549,44,-0.7451
8478048,Igor Shesterkin,2023-24,regular,NHL,NYR,G,5on4,3,2.3833,52,-0.6167
8478406,Mackenzie Blackwood,2023-24,regular,NHL,SJS,G,5on4,3,3.1854,50,0.1854
8478433,Felix Sandstrom,2023-24,regular,NHL,PHI,G,5on4,0,0.2908,4,0.2908
8478435,Dan Vladar,2023-24,regular,NHL,CGY,G,5on4,1,0.9615,19,-0.0385
8478470,Samuel Montembeault,2023-24,regular,NHL,MTL,G,5on4,7,3.4925,52,-3.5075
8478492,Ilya Samsonov,2023-24,regular,NHL,TOR,G,5on4,2,4.2628,53,2.2628
8478499,Adin Hill,2023-24,regular,NHL,VGK,G,5on4,5,2.7548,37,-2.2452
8478872,Karel Vejmelka,2023-24,regular,NHL,ARI,G,5on4,4,2.434,43,-1.566
8478916,Joey Daccord,2023-24,regular,NHL,SEA,G,5on4,5,2.9026,42,-2.0974
8478965,Kenneth Appleby,2023-24,regular,NHL,NYI,G,5on4,1,0.2987,2,-0.7013
8478971,Connor Ingram,2023-24,regular,NHL,ARI,G,5on4,3,2.7248,43,-0.2752
8479193,Casey DeSmith,2023-24,regular,NHL,VAN,G,5on4,2,1.6334,28,-0.3666
8479292,Charlie Lindgren,2023-24,regular,NHL,WSH,G,5on4,4,2.6281,44,-1.3719
8479312,Alex Lyon,2023-24,regular,NHL,DET,G,5on4,5,3.3145,56,-1.6855
8479361,Joseph Woll,2023-24,regular,NHL,TOR,G,5on4,2,1.963,32,-0.037
8479394,Carter Hart,2023-24,regular,NHL,PHI,G,5on4,0,2.0401,32,2.0401
8479406,Filip Gustavsson,2023-24,regular,NHL,MIN,G,5on4,2,1.7091,34,-0.2909
8479496,David Rittich,2023-24,regular,NHL,LAK,G,5on4,1,1.9876,21,0.9876
8479973,Stuart Skinner,2023-24,regular,NHL,EDM,G,5on4,3,2.9048,46,-0.0952
8479979,Jake Oettinger,2023-24,regular,NHL,DAL,G,5on4,1,2.9787,54,1.9787
8480045,Ukko-Pekka Luukkonen,2023-24,regular,NHL,BUF,G,5on4,4,3.2619,44,-0.7381
8480051,Cayden Primeau,2023-24,regular,NHL,MTL,G,5on4,2,1.4063,24,-0.5937
8480191,Matt Villalta,2023-24,regular,NHL,ARI,G,5on4,0,0.0296,1,0.0296
8480193,Daniil Tarasov,2023-24,regular,NHL,CBJ,G,5on4,2,1.656,21,-0.344
8480238,Jiri Patera,2023-24,regular,NHL,VGK,G,5on4,0,0.2013,4,0.2013
8480280,Jeremy Swayman,2023-24,regular,NHL,BOS,G,5on4,2,3.42,49,1.42
8480313,Logan Thompson,2023-24,regular,NHL,VGK,G,5on4,2,3.0318,47,1.0318
8480382,Alexandar Georgiev,2023-24,regular,NHL,COL,G,5on4,5,5.1442,66,0.1442
8480843,Lukas Dostal,2023-24,regular,NHL,ANA,G,5on4,1,2.3876,31,1.3876
8480947,Kevin Lankinen,2023-24,regular,NHL,NSH,G,5on4,0,1.7915,24,1.7915
8480981,Joel Hofer,2023-24,regular,NHL,STL,G,5on4,2,2.4365,28,0.4365
8480992,Magnus Chrona,2023-24,regular,NHL,SJS,G,5on4,0,0.1765,7,0.1765
8481020,Justus Annunen,2023-24,regular,NHL,COL,G,5on4,0,1.2781,16,1.2781
8481031,Ivan Prosvetov,2023-24,regular,NHL,COL,G,5on4,1,0.9182,13,-0.0818
8481033,Akira Schmid,2023-24,regular,NHL,NJD,G,5on4,0,0.4553,11,0.4553
8481035,Samuel Ersson,2023-24,regular,NHL,PHI,G,5on4,4,3.0363,50,-0.9637
8481544,Mads Sogaard,2023-24,regular,NHL,OTT,G,5on4,0,0.3533,6,0.3533
8481611,Pyotr Kochetkov,2023-24,regular,NHL,CAR,G,5on4,4,2.7815,41,-1.2185
8481668,Arturs Silovs,2023-24,regular,NHL,VAN,G,5on4,0,0.2045,2,0.2045
8481692,Dustin Wolf,2023-24,regular,NHL,CGY,G,5on4,0,1.0868,14,1.0868
8482076,Nico Daws,2023-24,regular,NHL,NJD,G,5on4,2,2.2468,26,0.2468
8482137,Yaroslav Askarov,2023-24,regular,NHL,NSH,G,5on4,0,0.0665,2,0.0665
8482221,Devon Levi,2023-24,regular,NHL,BUF,G,5on4,4,2.4224,31,-1.5776
8482411,Hunter Shepard,2023-24,regular,NHL,WSH,G,5on4,0,0.0428,2,0.0428
8482445,Devin Cooley,2023-24,regular,NHL,SJS,G,5on4,0,0.1903,7,0.1903
8482661,Jesper Wallstedt,2023-24,regular,NHL,MIN,G,5on4,0,0.2111,1,0.2111
8482821,Arvid Soderblom,2023-24,regular,NHL,CHI,G,5on4,0,1.7775,20,1.7775
8482982,Jet Greaves,2023-24,regular,NHL,CBJ,G,5on4,0,0.156,6,0.156
8473575,Semyon Varlamov,2023-24,playoffs,NHL,NYI,G,all,12,13.8912,257,1.8912
8475660,Cam Talbot,2023-24,playoffs,NHL,LAK,G,all,16,11.8931,149,-4.1069
8475683,Sergei Bobrovsky,2023-24,playoffs,NHL,FLA,G,all,55,55.2188,914,0.2188
8475717,Calvin Pickard,2023-24,playoffs,NHL,EDM,G,all,5,5.4397,96,0.4397
8475883,Frederik Andersen,2023-24,playoffs,NHL,CAR,G,all,28,27.8958,425,-0.1042
8476316,Laurent Brossoit,2023-24,playoffs,NHL,WPG,G,all,0,0.273,6,0.273
8476883,Andrei Vasilevskiy,2023-24,playoffs,NHL,TBL,G,all,16,15.2695,222,-0.7305
8476932,Anthony Stolarz,2023-24,playoffs,NHL,FLA,G,all,3,3.4386,30,0.4386
8476945,Connor Hellebuyck,2023-24,playoffs,NHL,WPG,G,all,24,16.1257,240,-7.8743
8476999,Linus Ullmark,2023-24,playoffs,NHL,BOS,G,all,5,3.7031,57,-1.2969
8477424,Juuse Saros,2023-24,playoffs,NHL,NSH,G,all,12,12.9224,221,0.9224
8477967,Thatcher Demko,2023-24,playoffs,NHL,VAN,G,all,2,1.7797,38,-0.2203
8478009,Ilya Sorokin,2023-24,playoffs,NHL,NYI,G,all,3,0.9963,24,-2.0037
8478048,Igor Shesterkin,2023-24,playoffs,NHL,NYR,G,all,39,48.7921,802,9.7921
8478492,Ilya Samsonov,2023-24,playoffs,NHL,TOR,G,all,14,10.8123,203,-3.1877
8478499,Adin Hill,2023-24,playoffs,NHL,VGK,G,all,5,7.4265,118,2.4265
8479193,Casey DeSmith,2023-24,playoffs,NHL,VAN,G,all,4,3.871,67,-0.129
8479292,Charlie Lindgren,2023-24,playoffs,NHL,WSH,G,all,14,9.1301,157,-4.8699
8479361,Joseph Woll,2023-24,playoffs,NHL,TOR,G,all,2,5.2924,92,3.2924
8479496,David Rittich,2023-24,playoffs,NHL,LAK,G,all,5,4.4568,56,-0.5432
8479973,Stuart Skinner,2023-24,playoffs,NHL,EDM,G,all,56,54.105,904,-1.895
8479979,Jake Oettinger,2023-24,playoffs,NHL,DAL,G,all,45,45.8656,806,0.8656
8480280,Jeremy Swayman,2023-24,playoffs,NHL,BOS,G,all,25,31.9007,553,6.9007
8480313,Logan Thompson,2023-24,playoffs,NHL,VGK,G,all,10,12.8945,216,2.8945
8480382,Alexandar Georgiev,2023-24,playoffs,NHL,COL,G,all,33,30.0136,486,-2.9864
8481611,Pyotr Kochetkov,2023-24,playoffs,NHL,CAR,G,all,3,3.0991,46,0.0991
8481668,Arturs Silovs,2023-24,playoffs,NHL,VAN,G,all,29,26.2332,441,-2.7668
8473575,Semyon Varlamov,2023-24,playoffs,NHL,NYI,G,5on5,6,10.5513,222,4.5513
8475660,Cam Talbot,2023-24,playoffs,NHL,LAK,G,5on5,9,6.8796,103,-2.1204
8475683,Sergei Bobrovsky,2023-24,playoffs,NHL,FLA,G,5on5,36,37.385,712,1.385
8475717,Calvin Pickard,2023-24,playoffs,NHL,EDM,G,5on5,4,3.1056,67,-0.8944
8475883,Frederik Andersen,2023-24,playoffs,NHL,CAR,G,5on5,18,20.8212,350,2.8212
8476316,Laurent Brossoit,2023-24,playoffs,NHL,WPG,G,5on5,0,0.273,6,0.273
8476883,Andrei Vasilevskiy,2023-24,playoffs,NHL,TBL,G,5on5,11,9.2512,160,-1.7488
8476932,Anthony Stolarz,2023-24,playoffs,NHL,FLA,G,5on5,2,1.2266,14,-0.7734
8476945,Connor Hellebuyck,2023-24,playoffs,NHL,WPG,G,5on5,17,11.7267,198,-5.2733
8476999,Linus Ullmark,2023-24,playoffs,NHL,BOS,G,5on5,2,2.214,42,0.214
8477424,Juuse Saros,2023-24,playoffs,NHL,NSH,G,5on5,8,10.7262,187,2.7262
8477967,Thatcher Demko,2023-24,playoffs,NHL,VAN,G,5on5,1,1.2363,29,0.2363
8478009,Ilya Sorokin,2023-24,playoffs,NHL,NYI,G,5on5,3,0.7962,22,-2.2038
8478048,Igor Shesterkin,2023-24,playoffs,NHL,NYR,G,5on5,27,34.4318,636,7.4318
8478492,Ilya Samsonov,2023-24,playoffs,NHL,TOR,G,5on5,9,7.171,156,-1.829
8478499,Adin Hill,2023-24,playoffs,NHL,VGK,G,5on5,3,5.6764,99,2.6764
8479193,Casey DeSmith,2023-24,playoffs,NHL,VAN,G,5on5,4,2.3412,46,-1.6588
8479292,Charlie Lindgren,2023-24,playoffs,NHL,WSH,G,5on5,7,5.238,112,-1.762
8479361,Joseph Woll,2023-24,playoffs,NHL,TOR,G,5on5,1,4.5362,81,3.5362
8479496,David Rittich,2023-24,playoffs,NHL,LAK,G,5on5,3,2.6401,43,-0.3599
8479973,Stuart Skinner,2023-24,playoffs,NHL,EDM,G,5on5,48,41.6383,742,-6.3617
8479979,Jake Oettinger,2023-24,playoffs,NHL,DAL,G,5on5,29,36.1978,688,7.1978
8480280,Jeremy Swayman,2023-24,playoffs,NHL,BOS,G,5on5,20,19.633,411,-0.367
8480313,Logan Thompson,2023-24,playoffs,NHL,VGK,G,5on5,8,9.7594,178,1.7594
8480382,Alexandar Georgiev,2023-24,playoffs,NHL,COL,G,5on5,23,20.4345,388,-2.5655
8481611,Pyotr Kochetkov,2023-24,playoffs,NHL,CAR,G,5on5,2,1.3364,28,-0.6636
8481668,Arturs Silovs,2023-24,playoffs,NHL,VAN,G,5on5,18,16.2621,343,-1.7379
8473575,Semyon Varlamov,2023-24,playoffs,NHL,NYI,G,4on5,5,2.8917,26,-2.1083
8475660,Cam Talbot,2023-24,playoffs,NHL,LAK,G,4on5,5,4.058,39,-0.942
8475683,Sergei Bobrovsky,2023-24,playoffs,NHL,FLA,G,4on5,6,11.2753,119,5.2753
8475717,Calvin Pickard,2023-24,playoffs,NHL,EDM,G,4on5,0,1.6702,15,1.6702
8475883,Frederik Andersen,2023-24,playoffs,NHL,CAR,G,4on5,8,4.36,48,-3.64
8476883,Andrei Vasilevskiy,2023-24,playoffs,NHL,TBL,G,4on5,3,4.4875,41,1.4875
8476932,Anthony Stolarz,2023-24,playoffs,NHL,FLA,G,4on5,0,1.0618,10,1.0618
8476945,Connor Hellebuyck,2023-24,playoffs,NHL,WPG,G,4on5,6,3.8269,34,-2.1731
8476999,Linus Ullmark,2023-24,playoffs,NHL,BOS,G,4on5,2,1.1588,13,-0.8412
8477424,Juuse Saros,2023-24,playoffs,NHL,NSH,G,4on5,2,1.3164,16,-0.6836
8477967,Thatcher Demko,2023-24,playoffs,NHL,VAN,G,4on5,1,0.5154,8,-0.4846
8478009,Ilya Sorokin,2023-24,playoffs,NHL,NYI,G,4on5,0,0.2001,2,0.2001
8478048,Igor Shesterkin,2023-24,playoffs,NHL,NYR,G,4on5,9,10.1302,113,1.1302
8478492,Ilya Samsonov,2023-24,playoffs,NHL,TOR,G,4on5,5,2.8444,31,-2.1556
8478499,Adin Hill,2023-24,playoffs,NHL,VGK,G,4on5,2,1.6154,16,-0.3846
8479193,Casey DeSmith,2023-24,playoffs,NHL,VAN,G,4on5,0,1.2555,17,1.2555
8479292,Charlie Lindgren,2023-24,playoffs,NHL,WSH,G,4on5,5,3.0328,38,-1.9672
8479361,Joseph Woll,2023-24,playoffs,NHL,TOR,G,4on5,0,0.4927,4,0.4927
8479496,David Rittich,2023-24,playoffs,NHL,LAK,G,4on5,2,1.8167,13,-0.1833
8479973,Stuart Skinner,2023-24,playoffs,NHL,EDM,G,4on5,4,10.0129,118,6.0129
8479979,Jake Oettinger,2023-24,playoffs,NHL,DAL,G,4on5,12,6.2785,62,-5.7215
8480280,Jeremy Swayman,2023-24,playoffs,NHL,BOS,G,4on5,5,9.5161,103,4.5161
8480313,Logan Thompson,2023-24,playoffs,NHL,VGK,G,4on5,2,2.2304,25,0.2304
8480382,Alexandar Georgiev,2023-24,playoffs,NHL,COL,G,4on5,7,6.529,64,-0.471
8481611,Pyotr Kochetkov,2023-24,playoffs,NHL,CAR,G,4on5,0,1.2409,13,1.2409
8481668,Arturs Silovs,2023-24,playoffs,NHL,VAN,G,4on5,7,6.4537,58,-0.5463
8473575,Semyon Varlamov,2023-24,playoffs,NHL,NYI,G,5on4,0,0.0213,3,0.0213
8475660,Cam Talbot,2023-24,playoffs,NHL,LAK,G,5on4,0,0.2113,3,0.2113
8475683,Sergei Bobrovsky,2023-24,playoffs,NHL,FLA,G,5on4,5,2.3639,28,-2.6361
8475717,Calvin Pickard,2023-24,playoffs,NHL,EDM,G,5on4,0,0.1526,4,0.1526
8475883,Frederik Andersen,2023-24,playoffs,NHL,CAR,G,5on4,1,0.6492,9,-0.3508
8476883,Andrei Vasilevskiy,2023-24,playoffs,NHL,TBL,G,5on4,1,0.6874,8,-0.3126
8476932,Anthony Stolarz,2023-24,playoffs,NHL,FLA,G,5on4,0,0.1131,2,0.1131
8476945,Connor Hellebuyck,2023-24,playoffs,NHL,WPG,G,5on4,0,0.0085,2,0.0085
8476999,Linus Ullmark,2023-24,playoffs,NHL,BOS,G,5on4,1,0.3303,2,-0.6697
8477424,Juuse Saros,2023-24,playoffs,NHL,NSH,G,5on4,0,0.0739,3,0.0739
8478048,Igor Shesterkin,2023-24,playoffs,NHL,NYR,G,5on4,0,1.4896,21,1.4896
8478492,Ilya Samsonov,2023-24,playoffs,NHL,TOR,G,5on4,0,0.6191,7,0.6191
8478499,Adin Hill,2023-24,playoffs,NHL,VGK,G,5on4,0,0.0261,2,0.0261
8479193,Casey DeSmith,2023-24,playoffs,NHL,VAN,G,5on4,0,0.2091,1,0.2091
8479292,Charlie Lindgren,2023-24,playoffs,NHL,WSH,G,5on4,2,0.8148,6,-1.1852
8479361,Joseph Woll,2023-24,playoffs,NHL,TOR,G,5on4,0,0.0168,1,0.0168
8479973,Stuart Skinner,2023-24,playoffs,NHL,EDM,G,5on4,0,0.4915,11,0.4915
8479979,Jake Oettinger,2023-24,playoffs,NHL,DAL,G,5on4,2,0.6009,16,-1.3991
8480280,Jeremy Swayman,2023-24,playoffs,NHL,BOS,G,5on4,0,0.5385,12,0.5385
8480313,Logan Thompson,2023-24,playoffs,NHL,VGK,G,5on4,0,0.3375,5,0.3375
8480382,Alexandar Georgiev,2023-24,playoffs,NHL,COL,G,5on4,2,1.1602,12,-0.8398
8481611,Pyotr Kochetkov,2023-24,playoffs,NHL,CAR,G,5on4,1,0.4269,4,-0.5731
8481668,Arturs Silovs,2023-24,playoffs,NHL,VAN,G,5on4,0,0.7317,10,0.7317
8470594,Marc-Andre Fleury,2024-25,regular,NHL,MIN,G,all,68,57.6293,965,-10.3707
8471734,Jonathan Quick,2024-25,regular,NHL,NYR,G,all,70,60.669,977,-9.331
8473503,James Reimer,2024-25,regular,NHL,BUF,G,all,69,71.8076,1042,2.8076
8473575,Semyon Varlamov,2024-25,regular,NHL,NYI,G,all,29,25.4148,398,-3.5852
8474593,Jacob Markstrom,2024-25,regular,NHL,NJD,G,all,121,117.0671,1932,-3.9329
8474596,Jake Allen,2024-25,regular,NHL,NJD,G,all,77,84.3418,1246,7.3418
8474682,Dustin Tokarski,2024-25,regular,NHL,CAR,G,all,13,11.8277,207,-1.1723
8475311,Darcy Kuemper,2024-25,regular,NHL,LAK,G,all,100,120.1318,1952,20.1318
8475660,Cam Talbot,2024-25,regular,NHL,DET,G,all,129,130.2796,1946,1.2796
8475683,Sergei Bobrovsky,2024-25,regular,NHL,FLA,G,all,130,125.4256,2061,-4.5744
8475717,Calvin Pickard,2024-25,regular,NHL,EDM,G,all,85,76.6768,1201,-8.3232
8475809,Scott Wedgewood,2024-25,regular,NHL,COL,G,all,53,54.3376,867,1.3376
8475831,Philipp Grubauer,2024-25,regular,NHL,SEA,G,all,84,67.3503,1079,-16.6497
8475839,Louis Domingue,2024-25,regular,NHL,NYR,G,all,2,1.9366,34,-0.0634
8475852,Petr Mrazek,2024-25,regular,NHL,DET,G,all,116,100.5672,1550,-15.4328
8475883,Frederik Andersen,2024-25,regular,NHL,CAR,G,all,55,60.9133,810,5.9133
8476341,Anton Forsberg,2024-25,regular,NHL,OTT,G,all,76,73.1241,1144,-2.8759
8476412,Jordan Binnington,2024-25,regular,NHL,STL,G,all,145,138.5793,2188,-6.4207
8476434,John Gibson,2024-25,regular,NHL,ANA,G,all,72,81.0842,1209,9.0842
8476883,Andrei Vasilevskiy,2024-25,regular,NHL,TBL,G,all,136,152.2471,2496,16.2471
8476899,Matt Murray,2024-25,regular,NHL,TOR,G,all,7,4.5737,88,-2.4263
8476914,Joonas Korpisalo,2024-25,regular,NHL,BOS,G,all,74,66.0513,1076,-7.9487
8476932,Anthony Stolarz,2024-25,regular,NHL,TOR,G,all,71,92.4176,1501,21.4176
8476945,Connor Hellebuyck,2024-25,regular,NHL,WPG,G,all,125,153.4805,2599,28.4805
8476999,Linus Ullmark,2024-25,regular,NHL,OTT,G,all,112,114.4595,1766,2.4595
8477405,Marcus Hogberg,2024-25,regular,NHL,NYI,G,all,41,34.051,518,-6.949
8477424,Juuse Saros,2024-25,regular,NHL,NSH,G,all,167,154.2522,2319,-12.7478
8477465,Tristan Jarry,2024-25,regular,NHL,PIT,G,all,105,92.8928,1468,-12.1072
8477480,Eric Comrie,2024-25,regular,NHL,WPG,G,all,47,49.1737,833,2.1737
8477484,Spencer Martin,2024-25,regular,NHL,CAR,G,all,27,20.392,276,-6.608
8477831,Pheonix Copley,2024-25,regular,NHL,LAK,G,all,2,1.0435,12,-0.9565
8477967,Thatcher Demko,2024-25,regular,NHL,VAN,G,all,63,62.1089,888,-0.8911
8477968,Alex Nedeljkovic,2024-25,regular,NHL,PIT,G,all,112,99.9914,1564,-12.0086
8477970,Vitek Vanecek,2024-25,regular,NHL,FLA,G,all,83,72.767,1084,-10.233
8477990,Brandon Halverson,2024-25,regular,NHL,TBL,G,all,5,2.8017,33,-2.1983
8477992,Jonas Johansson,2024-25,regular,NHL,TBL,G,all,58,53.2657,834,-4.7343
8478007,Elvis Merzlikins,2024-25,regular,NHL,CBJ,G,all,168,152.0779,2331,-15.9221
8478009,Ilya Sorokin,2024-25,regular,NHL,NYI,G,all,158,162.3851,2583,4.3851
8478024,Ville Husso,2024-25,regular,NHL,ANA,G,all,37,28.5863,500,-8.4137
8478039,Kaapo Kahkonen,2024-25,regular,NHL,WPG,G,all,4,2.1038,33,-1.8962
8478048,Igor Shesterkin,2024-25,regular,NHL,NYR,G,all,167,179.0973,2610,12.0973
8478406,Mackenzie Blackwood,2024-25,regular,NHL,COL,G,all,137,148.0296,2307,11.0296
8478435,Dan Vladar,2024-25,regular,NHL,CGY,G,all,83,77.9578,1223,-5.0422
8478470,Samuel Montembeault,2024-25,regular,NHL,MTL,G,all,166,188.0216,2584,22.0216
8478492,Ilya Samsonov,2024-25,regular,NHL,VGK,G,all,82,73.354,1197,-8.646
8478499,Adin Hill,2024-25,regular,NHL,VGK,G,all,121,124.7998,2030,3.7998
8478848,Ales Stezka,2024-25,regular,NHL,SEA,G,all,3,3.1439,42,0.1439
8478872,Karel Vejmelka,2024-25,regular,NHL,UTA,G,all,144,158.1502,2229,14.1502
8478905,Ivan Fedotov,2024-25,regular,NHL,PHI,G,all,75,58.8719,937,-16.1281
8478916,Joey Daccord,2024-25,regular,NHL,SEA,G,all,151,150.3968,2513,-0.6032
8478971,Connor Ingram,2024-25,regular,NHL,UTA,G,all,66,57.5601,839,-8.4399
8479193,Casey DeSmith,2024-25,regular,NHL,DAL,G,all,65,77.693,1133,12.693
8479292,Charlie Lindgren,2024-25,regular,NHL,WSH,G,all,103,105.4477,1531,2.4477
8479312,Alex Lyon,2024-25,regular,NHL,DET,G,all,73,71.2291,1092,-1.7709
8479361,Joseph Woll,2024-25,regular,NHL,TOR,G,all,111,116.5566,1832,5.5566
8479406,Filip Gustavsson,2024-25,regular,NHL,MIN,G,all,146,152.2829,2578,6.2829
8479496,David Rittich,2024-25,regular,NHL,LAK,G,all,88,69.6552,1164,-18.3448
8479973,Stuart Skinner,2024-25,regular,NHL,EDM,G,all,138,132.3768,1955,-5.6232
8479979,Jake Oettinger,2024-25,regular,NHL,DAL,G,all,146,160.7762,2431,14.7762
8480045,Ukko-Pekka Luukkonen,2024-25,regular,NHL,BUF,G,all,169,150.7148,2272,-18.2852
8480051,Cayden Primeau,2024-25,regular,NHL,MTL,G,all,41,30.5695,392,-10.4305
8480191,Matt Villalta,2024-25,regular,NHL,UTA,G,all,3,3.3181,45,0.3181
8480193,Daniil Tarasov,2024-25,regular,NHL,CBJ,G,all,65,56.9367,822,-8.0633
8480280,Jeremy Swayman,2024-25,regular,NHL,BOS,G,all,175,158.0654,2447,-16.9346
8480313,Logan Thompson,2024-25,regular,NHL,WSH,G,all,105,123.4537,1814,18.4537
8480382,Alexandar Georgiev,2024-25,regular,NHL,SJS,G,all,165,140.2622,1934,-24.7378
8480819,Jakub Skarek,2024-25,regular,NHL,NYI,G,all,5,3.4192,51,-1.5808
8480843,Lukas Dostal,2024-25,regular,NHL,ANA,G,all,158,172.2711,2498,14.2711
8480885,Olivier Rodrigue,2024-25,regular,NHL,EDM,G,all,4,3.8498,49,-0.1502
8480947,Kevin Lankinen,2024-25,regular,NHL,VAN,G,all,132,130.5655,2093,-1.4345
8480981,Joel Hofer,2024-25,regular,NHL,STL,G,all,74,67.5597,1140,-6.4403
8481020,Justus Annunen,2024-25,regular,NHL,NSH,G,all,95,79.8238,1217,-15.1762
8481033,Akira Schmid,2024-25,regular,NHL,VGK,G,all,5,9.3804,151,4.3804
8481035,Samuel Ersson,2024-25,regular,NHL,PHI,G,all,136,112.7298,1759,-23.2702
8481519,Spencer Knight,2024-25,regular,NHL,CHI,G,all,100,101.7495,1558,1.7495
8481529,Trent Miner,2024-25,regular,NHL,COL,G,all,4,2.4871,49,-1.5129
8481544,Mads Sogaard,2024-25,regular,NHL,OTT,G,all,8,4.6266,62,-3.3734
8481611,Pyotr Kochetkov,2024-25,regular,NHL,CAR,G,all,121,119.1499,1717,-1.8501
8481668,Arturs Silovs,2024-25,regular,NHL,VAN,G,all,33,23.3239,360,-9.6761
8481692,Dustin Wolf,2024-25,regular,NHL,CGY,G,all,140,151.4126,2261,11.4126
8481707,Erik Portillo,2024-25,regular,NHL,LAK,G,all,1,2.7333,49,1.7333
8482076,Nico Daws,2024-25,regular,NHL,NJD,G,all,7,10.96,194,3.96
8482123,Drew Commesso,2024-25,regular,NHL,CHI,G,all,4,3.3883,47,-0.6117
8482137,Yaroslav Askarov,2024-25,regular,NHL,SJS,G,all,37,38.2415,545,1.2415
8482221,Devon Levi,2024-25,regular,NHL,BUF,G,all,33,24.259,352,-8.741
8482411,Hunter Shepard,2024-25,regular,NHL,WSH,G,all,7,3.7443,38,-3.2557
8482446,Joel Blomqvist,2024-25,regular,NHL,PIT,G,all,49,41.1503,592,-7.8497
8482447,Leevi Meriläinen,2024-25,regular,NHL,OTT,G,all,22,23.6721,426,1.6721
8482487,Jakub Dobes,2024-25,regular,NHL,MTL,G,all,39,44.8611,672,5.8611
8482657,Sebastian Cossa,2024-25,regular,NHL,DET,G,all,2,1.7781,23,-0.2219
8482661,Jesper Wallstedt,2024-25,regular,NHL,MIN,G,all,8,4.7541,79,-3.2459
8482668,Tristan Lennox,2024-25,regular,NHL,NYI,G,all,1,0.0936,2,-0.9064
8482783,Aleksei Kolosov,2024-25,regular,NHL,PHI,G,all,54,43.0161,630,-10.9839
8482821,Arvid Soderblom,2024-25,regular,NHL,CHI,G,all,111,110.0698,1636,-0.9302
8482982,Jet Greaves,2024-25,regular,NHL,CBJ,G,all,21,33.5189,515,12.5189
8483530,Jaxson Stauber,2024-25,regular,NHL,UTA,G,all,17,17.0354,232,0.0354
8483532,Clay Stevenson,2024-25,regular,NHL,WSH,G,all,5,3.7568,51,-1.2432
8483668,Nikke Kokko,2024-25,regular,NHL,SEA,G,all,2,0.6942,10,-1.3058
8483710,Dennis Hildeby,2024-25,regular,NHL,TOR,G,all,20,15.4087,249,-4.5913
8484268,Nikita Tolopilo,2024-25,regular,NHL,VAN,G,all,3,2.7742,48,-0.2258
8484293,Yaniv Perets,2024-25,regular,NHL,CAR,G,all,1,0.7666,9,-0.2334
8484312,Georgi Romanov,2024-25,regular,NHL,SJS,G,all,27,21.3629,332,-5.6371
8484910,Victor Ostman,2024-25,regular,NHL,SEA,G,all,0,1.2609,15,1.2609
8470594,Marc-Andre Fleury,2024-25,regular,NHL,MIN,G,5on5,48,42.2061,792,-5.7939
8471734,Jonathan Quick,2024-25,regular,NHL,NYR,G,5on5,52,45.9461,830,-6.0539
8473503,James Reimer,2024-25,regular,NHL,BUF,G,5on5,49,53.2296,837,4.2296
8473575,Semyon Varlamov,2024-25,regular,NHL,NYI,G,5on5,19,19.3298,330,0.3298
8474593,Jacob Markstrom,2024-25,regular,NHL,NJD,G,5on5,92,81.9153,1547,-10.0847
8474596,Jake Allen,2024-25,regular,NHL,NJD,G,5on5,55,60.1485,1016,5.1485
8474682,Dustin Tokarski,2024-25,regular,NHL,CAR,G,5on5,12,8.9096,162,-3.0904
8475311,Darcy Kuemper,2024-25,regular,NHL,LAK,G,5on5,64,79.3524,1532,15.3524
8475660,Cam Talbot,2024-25,regular,NHL,DET,G,5on5,78,96.2187,1591,18.2187
8475683,Sergei Bobrovsky,2024-25,regular,NHL,FLA,G,5on5,86,85.3702,1588,-0.6298
8475717,Calvin Pickard,2024-25,regular,NHL,EDM,G,5on5,64,58.0179,984,-5.9821
8475809,Scott Wedgewood,2024-25,regular,NHL,COL,G,5on5,37,39.6188,705,2.6188
8475831,Philipp Grubauer,2024-25,regular,NHL,SEA,G,5on5,73,52.2892,905,-20.7108
8475839,Louis Domingue,2024-25,regular,NHL,NYR,G,5on5,2,1.8658,33,-0.1342
8475852,Petr Mrazek,2024-25,regular,NHL,DET,G,5on5,86,75.4296,1264,-10.5704
8475883,Frederik Andersen,2024-25,regular,NHL,CAR,G,5on5,41,42.4908,623,1.4908
8476341,Anton Forsberg,2024-25,regular,NHL,OTT,G,5on5,52,53.2046,926,1.2046
8476412,Jordan Binnington,2024-25,regular,NHL,STL,G,5on5,101,97.613,1759,-3.387
8476434,John Gibson,2024-25,regular,NHL,ANA,G,5on5,48,59.2654,982,11.2654
8476883,Andrei Vasilevskiy,2024-25,regular,NHL,TBL,G,5on5,96,111.7822,2044,15.7822
8476899,Matt Murray,2024-25,regular,NHL,TOR,G,5on5,5,3.5714,74,-1.4286
8476914,Joonas Korpisalo,2024-25,regular,NHL,BOS,G,5on5,50,46.4804,860,-3.5196
8476932,Anthony Stolarz,2024-25,regular,NHL,TOR,G,5on5,41,61.2077,1156,20.2077
8476945,Connor Hellebuyck,2024-25,regular,NHL,WPG,G,5on5,85,110.8442,2117,25.8442
8476999,Linus Ullmark,2024-25,regular,NHL,OTT,G,5on5,82,77.8809,1364,-4.1191
8477405,Marcus Hogberg,2024-25,regular,NHL,NYI,G,5on5,30,26.7887,435,-3.2113
8477424,Juuse Saros,2024-25,regular,NHL,NSH,G,5on5,130,111.2645,1901,-18.7355
8477465,Tristan Jarry,2024-25,regular,NHL,PIT,G,5on5,77,69.4653,1178,-7.5347
8477480,Eric Comrie,2024-25,regular,NHL,WPG,G,5on5,34,37.2689,690,3.2689
8477484,Spencer Martin,2024-25,regular,NHL,CAR,G,5on5,20,14.5905,215,-5.4095
8477831,Pheonix Copley,2024-25,regular,NHL,LAK,G,5on5,0,0.2907,6,0.2907
8477967,Thatcher Demko,2024-25,regular,NHL,VAN,G,5on5,38,41.4032,703,3.4032
8477968,Alex Nedeljkovic,2024-25,regular,NHL,PIT,G,5on5,80,73.4393,1233,-6.5607
8477970,Vitek Vanecek,2024-25,regular,NHL,FLA,G,5on5,54,50.287,850,-3.713
8477990,Brandon Halverson,2024-25,regular,NHL,TBL,G,5on5,5,2.6214,29,-2.3786
8477992,Jonas Johansson,2024-25,regular,NHL,TBL,G,5on5,43,40.8041,690,-2.1959
8478007,Elvis Merzlikins,2024-25,regular,NHL,CBJ,G,5on5,114,108.1008,1871,-5.8992
8478009,Ilya Sorokin,2024-25,regular,NHL,NYI,G,5on5,107,115.1826,2042,8.1826
8478024,Ville Husso,2024-25,regular,NHL,ANA,G,5on5,24,22.9122,432,-1.0878
8478039,Kaapo Kahkonen,2024-25,regular,NHL,WPG,G,5on5,4,1.796,27,-2.204
8478048,Igor Shesterkin,2024-25,regular,NHL,NYR,G,5on5,118,129.164,2083,11.164
8478406,Mackenzie Blackwood,2024-25,regular,NHL,COL,G,5on5,105,106.854,1839,1.854
8478435,Dan Vladar,2024-25,regular,NHL,CGY,G,5on5,52,55.0357,968,3.0357
8478470,Samuel Montembeault,2024-25,regular,NHL,MTL,G,5on5,120,128.947,2021,8.947
8478492,Ilya Samsonov,2024-25,regular,NHL,VGK,G,5on5,59,57.8188,1021,-1.1812
8478499,Adin Hill,2024-25,regular,NHL,VGK,G,5on5,92,94.3112,1683,2.3112
8478848,Ales Stezka,2024-25,regular,NHL,SEA,G,5on5,2,3.0822,40,1.0822
8478872,Karel Vejmelka,2024-25,regular,NHL,UTA,G,5on5,90,104.2361,1713,14.2361
8478905,Ivan Fedotov,2024-25,regular,NHL,PHI,G,5on5,59,44.1215,795,-14.8785
8478916,Joey Daccord,2024-25,regular,NHL,SEA,G,5on5,106,108.3385,2004,2.3385
8478971,Connor Ingram,2024-25,regular,NHL,UTA,G,5on5,43,39.686,661,-3.314
8479193,Casey DeSmith,2024-25,regular,NHL,DAL,G,5on5,44,58.4098,914,14.4098
8479292,Charlie Lindgren,2024-25,regular,NHL,WSH,G,5on5,76,69.7176,1146,-6.2824
8479312,Alex Lyon,2024-25,regular,NHL,DET,G,5on5,55,51.7454,874,-3.2546
8479361,Joseph Woll,2024-25,regular,NHL,TOR,G,5on5,74,81.0733,1442,7.0733
8479406,Filip Gustavsson,2024-25,regular,NHL,MIN,G,5on5,95,107.8288,2041,12.8288
8479496,David Rittich,2024-25,regular,NHL,LAK,G,5on5,60,53.836,961,-6.164
8479973,Stuart Skinner,2024-25,regular,NHL,EDM,G,5on5,104,96.0038,1569,-7.9962
8479979,Jake Oettinger,2024-25,regular,NHL,DAL,G,5on5,111,115.5118,1966,4.5118
8480045,Ukko-Pekka Luukkonen,2024-25,regular,NHL,BUF,G,5on5,116,106.6364,1785,-9.3636
8480051,Cayden Primeau,2024-25,regular,NHL,MTL,G,5on5,33,21.0765,297,-11.9235
8480191,Matt Villalta,2024-25,regular,NHL,UTA,G,5on5,2,2.0155,34,0.0155
8480193,Daniil Tarasov,2024-25,regular,NHL,CBJ,G,5on5,49,40.7398,656,-8.2602
8480280,Jeremy Swayman,2024-25,regular,NHL,BOS,G,5on5,114,109.3435,1942,-4.6565
8480313,Logan Thompson,2024-25,regular,NHL,WSH,G,5on5,73,90.8396,1445,17.8396
8480382,Alexandar Georgiev,2024-25,regular,NHL,SJS,G,5on5,112,98.0924,1505,-13.9076
8480819,Jakub Skarek,2024-25,regular,NHL,NYI,G,5on5,4,2.794,43,-1.206
8480843,Lukas Dostal,2024-25,regular,NHL,ANA,G,5on5,105,119.5137,1963,14.5137
8480885,Olivier Rodrigue,2024-25,regular,NHL,EDM,G,5on5,4,2.6753,37,-1.3247
8480947,Kevin Lankinen,2024-25,regular,NHL,VAN,G,5on5,98,89.5653,1647,-8.4347
8480981,Joel Hofer,2024-25,regular,NHL,STL,G,5on5,47,51.0062,941,4.0062
8481020,Justus Annunen,2024-25,regular,NHL,NSH,G,5on5,67,58.2704,981,-8.7296
8481033,Akira Schmid,2024-25,regular,NHL,VGK,G,5on5,4,5.8777,125,1.8777
8481035,Samuel Ersson,2024-25,regular,NHL,PHI,G,5on5,98,77.4012,1385,-20.5988
8481519,Spencer Knight,2024-25,regular,NHL,CHI,G,5on5,74,76.1888,1296,2.1888
8481529,Trent Miner,2024-25,regular,NHL,COL,G,5on5,4,2.2867,46,-1.7133
8481544,Mads Sogaard,2024-25,regular,NHL,OTT,G,5on5,6,2.8389,49,-3.1611
8481611,Pyotr Kochetkov,2024-25,regular,NHL,CAR,G,5on5,95,88.046,1387,-6.954
8481668,Arturs Silovs,2024-25,regular,NHL,VAN,G,5on5,24,17.0029,303,-6.9971
8481692,Dustin Wolf,2024-25,regular,NHL,CGY,G,5on5,90,104.2186,1777,14.2186
8481707,Erik Portillo,2024-25,regular,NHL,LAK,G,5on5,1,1.8787,38,0.8787
8482076,Nico Daws,2024-25,regular,NHL,NJD,G,5on5,5,7.4254,144,2.4254
8482123,Drew Commesso,2024-25,regular,NHL,CHI,G,5on5,4,2.8057,39,-1.1943
8482137,Yaroslav Askarov,2024-25,regular,NHL,SJS,G,5on5,27,27.5756,445,0.5756
8482221,Devon Levi,2024-25,regular,NHL,BUF,G,5on5,24,16.1359,269,-7.8641
8482411,Hunter Shepard,2024-25,regular,NHL,WSH,G,5on5,7,3.5664,34,-3.4336
8482446,Joel Blomqvist,2024-25,regular,NHL,PIT,G,5on5,38,29.8938,474,-8.1062
8482447,Leevi Meriläinen,2024-25,regular,NHL,OTT,G,5on5,17,15.0572,328,-1.9428
8482487,Jakub Dobes,2024-25,regular,NHL,MTL,G,5on5,28,32.0842,533,4.0842
8482657,Sebastian Cossa,2024-25,regular,NHL,DET,G,5on5,2,1.3424,18,-0.6576
8482661,Jesper Wallstedt,2024-25,regular,NHL,MIN,G,5on5,5,3.9453,69,-1.0547
8482668,Tristan Lennox,2024-25,regular,NHL,NYI,G,5on5,1,0.0936,2,-0.9064
8482783,Aleksei Kolosov,2024-25,regular,NHL,PHI,G,5on5,38,31.7619,513,-6.2381
8482821,Arvid Soderblom,2024-25,regular,NHL,CHI,G,5on5,92,83.0383,1345,-8.9617
8482982,Jet Greaves,2024-25,regular,NHL,CBJ,G,5on5,16,28.6781,457,12.6781
8483530,Jaxson Stauber,2024-25,regular,NHL,UTA,G,5on5,15,12.0911,183,-2.9089
8483532,Clay Stevenson,2024-25,regular,NHL,WSH,G,5on5,3,3.032,45,0.032
8483668,Nikke Kokko,2024-25,regular,NHL,SEA,G,5on5,2,0.5293,9,-1.4707
8483710,Dennis Hildeby,2024-25,regular,NHL,TOR,G,5on5,16,12.1047,205,-3.8953
8484268,Nikita Tolopilo,2024-25,regular,NHL,VAN,G,5on5,2,1.7602,35,-0.2398
8484293,Yaniv Perets,2024-25,regular,NHL,CAR,G,5on5,0,0.3022,6,0.3022
8484312,Georgi Romanov,2024-25,regular,NHL,SJS,G,5on5,21,15.1116,266,-5.8884
8484910,Victor Ostman,2024-25,regular,NHL,SEA,G,5on5,0,1.2609,15,1.2609
8470594,Marc-Andre Fleury,2024-25,regular,NHL,MIN,G,4on5,15,9.7043,95,-5.2957
8471734,Jonathan Quick,2024-25,regular,NHL,NYR,G,4on5,11,10.3102,95,-0.6898
8473503,James Reimer,2024-25,regular,NHL,BUF,G,4on5,14,11.9459,113,-2.0541
8473575,Semyon Varlamov,2024-25,regular,NHL,NYI,G,4on5,8,3.0707,35,-4.9293
8474593,Jacob Markstrom,2024-25,regular,NHL,NJD,G,4on5,19,22.1305,244,3.1305
8474596,Jake Allen,2024-25,regular,NHL,NJD,G,4on5,17,17.4869,149,0.4869
8474682,Dustin Tokarski,2024-25,regular,NHL,CAR,G,4on5,1,1.9431,26,0.9431
8475311,Darcy Kuemper,2024-25,regular,NHL,LAK,G,4on5,17,25.2225,262,8.2225
8475660,Cam Talbot,2024-25,regular,NHL,DET,G,4on5,34,23.0251,229,-10.9749
8475683,Sergei Bobrovsky,2024-25,regular,NHL,FLA,G,4on5,33,28.7217,315,-4.2783
8475717,Calvin Pickard,2024-25,regular,NHL,EDM,G,4on5,17,11.2202,124,-5.7798
8475809,Scott Wedgewood,2024-25,regular,NHL,COL,G,4on5,12,8.9848,101,-3.0152
8475831,Philipp Grubauer,2024-25,regular,NHL,SEA,G,4on5,11,11.5989,125,0.5989
8475839,Louis Domingue,2024-25,regular,NHL,NYR,G,4on5,0,0.0708,1,0.0708
8475852,Petr Mrazek,2024-25,regular,NHL,DET,G,4on5,20,18.3254,198,-1.6746
8475883,Frederik Andersen,2024-25,regular,NHL,CAR,G,4on5,9,12.1741,124,3.1741
8476341,Anton Forsberg,2024-25,regular,NHL,OTT,G,4on5,16,13.9514,146,-2.0486
8476412,Jordan Binnington,2024-25,regular,NHL,STL,G,4on5,29,29.0609,279,0.0609
8476434,John Gibson,2024-25,regular,NHL,ANA,G,4on5,15,12.1986,127,-2.8014
8476883,Andrei Vasilevskiy,2024-25,regular,NHL,TBL,G,4on5,25,26.9886,290,1.9886
8476899,Matt Murray,2024-25,regular,NHL,TOR,G,4on5,1,0.7151,9,-0.2849
8476914,Joonas Korpisalo,2024-25,regular,NHL,BOS,G,4on5,14,13.2097,132,-0.7903
8476932,Anthony Stolarz,2024-25,regular,NHL,TOR,G,4on5,21,20.0353,230,-0.9647
8476945,Connor Hellebuyck,2024-25,regular,NHL,WPG,G,4on5,28,28.3871,307,0.3871
8476999,Linus Ullmark,2024-25,regular,NHL,OTT,G,4on5,22,25.3538,254,3.3538
8477405,Marcus Hogberg,2024-25,regular,NHL,NYI,G,4on5,6,5.306,55,-0.694
8477424,Juuse Saros,2024-25,regular,NHL,NSH,G,4on5,22,30.8621,282,8.8621
8477465,Tristan Jarry,2024-25,regular,NHL,PIT,G,4on5,18,15.8111,174,-2.1889
8477480,Eric Comrie,2024-25,regular,NHL,WPG,G,4on5,10,8.2681,98,-1.7319
8477484,Spencer Martin,2024-25,regular,NHL,CAR,G,4on5,4,3.1144,38,-0.8856
8477831,Pheonix Copley,2024-25,regular,NHL,LAK,G,4on5,2,0.4462,4,-1.5538
8477967,Thatcher Demko,2024-25,regular,NHL,VAN,G,4on5,12,12.0563,101,0.0563
8477968,Alex Nedeljkovic,2024-25,regular,NHL,PIT,G,4on5,19,16.6738,206,-2.3262
8477970,Vitek Vanecek,2024-25,regular,NHL,FLA,G,4on5,16,13.8773,154,-2.1227
8477990,Brandon Halverson,2024-25,regular,NHL,TBL,G,4on5,0,0.1741,2,0.1741
8477992,Jonas Johansson,2024-25,regular,NHL,TBL,G,4on5,10,7.9912,90,-2.0088
8478007,Elvis Merzlikins,2024-25,regular,NHL,CBJ,G,4on5,36,29.0144,306,-6.9856
8478009,Ilya Sorokin,2024-25,regular,NHL,NYI,G,4on5,31,28.3761,320,-2.6239
8478024,Ville Husso,2024-25,regular,NHL,ANA,G,4on5,8,3.9187,48,-4.0813
8478039,Kaapo Kahkonen,2024-25,regular,NHL,WPG,G,4on5,0,0.1639,4,0.1639
8478048,Igor Shesterkin,2024-25,regular,NHL,NYR,G,4on5,31,35.2716,364,4.2716
8478406,Mackenzie Blackwood,2024-25,regular,NHL,COL,G,4on5,21,27.8639,301,6.8639
8478435,Dan Vladar,2024-25,regular,NHL,CGY,G,4on5,21,14.7839,157,-6.2161
8478470,Samuel Montembeault,2024-25,regular,NHL,MTL,G,4on5,31,37.649,349,6.649
8478492,Ilya Samsonov,2024-25,regular,NHL,VGK,G,4on5,17,9.3508,109,-7.6492
8478499,Adin Hill,2024-25,regular,NHL,VGK,G,4on5,20,18.0737,211,-1.9263
8478872,Karel Vejmelka,2024-25,regular,NHL,UTA,G,4on5,35,35.7212,341,0.7212
8478905,Ivan Fedotov,2024-25,regular,NHL,PHI,G,4on5,8,8.229,76,0.229
8478916,Joey Daccord,2024-25,regular,NHL,SEA,G,4on5,29,26.6246,326,-2.3754
8478971,Connor Ingram,2024-25,regular,NHL,UTA,G,4on5,11,11.164,115,0.164
8479193,Casey DeSmith,2024-25,regular,NHL,DAL,G,4on5,16,12.224,130,-3.776
8479292,Charlie Lindgren,2024-25,regular,NHL,WSH,G,4on5,18,22.4376,244,4.4376
8479312,Alex Lyon,2024-25,regular,NHL,DET,G,4on5,15,12.129,134,-2.871
8479361,Joseph Woll,2024-25,regular,NHL,TOR,G,4on5,25,22.0165,229,-2.9835
8479406,Filip Gustavsson,2024-25,regular,NHL,MIN,G,4on5,34,29.2899,351,-4.7101
8479496,David Rittich,2024-25,regular,NHL,LAK,G,4on5,17,10.8623,123,-6.1377
8479973,Stuart Skinner,2024-25,regular,NHL,EDM,G,4on5,25,24.9914,242,-0.0086
8479979,Jake Oettinger,2024-25,regular,NHL,DAL,G,4on5,20,29.7949,296,9.7949
8480045,Ukko-Pekka Luukkonen,2024-25,regular,NHL,BUF,G,4on5,31,25.1904,288,-5.8096
8480051,Cayden Primeau,2024-25,regular,NHL,MTL,G,4on5,4,5.606,64,1.606
8480191,Matt Villalta,2024-25,regular,NHL,UTA,G,4on5,1,0.5528,4,-0.4472
8480193,Daniil Tarasov,2024-25,regular,NHL,CBJ,G,4on5,8,10.3786,108,2.3786
8480280,Jeremy Swayman,2024-25,regular,NHL,BOS,G,4on5,39,26.8485,290,-12.1515
8480313,Logan Thompson,2024-25,regular,NHL,WSH,G,4on5,19,19.7189,216,0.7189
8480382,Alexandar Georgiev,2024-25,regular,NHL,SJS,G,4on5,35,25.9006,266,-9.0994
8480819,Jakub Skarek,2024-25,regular,NHL,NYI,G,4on5,1,0.2594,5,-0.7406
8480843,Lukas Dostal,2024-25,regular,NHL,ANA,G,4on5,34,31.8941,320,-2.1059
8480885,Olivier Rodrigue,2024-25,regular,NHL,EDM,G,4on5,0,0.7764,8,0.7764
8480947,Kevin Lankinen,2024-25,regular,NHL,VAN,G,4on5,18,28.9607,291,10.9607
8480981,Joel Hofer,2024-25,regular,NHL,STL,G,4on5,17,10.8902,121,-6.1098
8481020,Justus Annunen,2024-25,regular,NHL,NSH,G,4on5,19,13.5289,134,-5.4711
8481033,Akira Schmid,2024-25,regular,NHL,VGK,G,4on5,1,2.7042,19,1.7042
8481035,Samuel Ersson,2024-25,regular,NHL,PHI,G,4on5,20,20.8752,210,0.8752
8481519,Spencer Knight,2024-25,regular,NHL,CHI,G,4on5,18,17.1751,165,-0.8249
8481529,Trent Miner,2024-25,regular,NHL,COL,G,4on5,0,0.0352,1,0.0352
8481544,Mads Sogaard,2024-25,regular,NHL,OTT,G,4on5,2,1.2896,10,-0.7104
8481611,Pyotr Kochetkov,2024-25,regular,NHL,CAR,G,4on5,16,20.6964,210,4.6964
8481668,Arturs Silovs,2024-25,regular,NHL,VAN,G,4on5,4,4.4572,43,0.4572
8481692,Dustin Wolf,2024-25,regular,NHL,CGY,G,4on5,25,28.0941,305,3.0941
8481707,Erik Portillo,2024-25,regular,NHL,LAK,G,4on5,0,0.6705,8,0.6705
8482076,Nico Daws,2024-25,regular,NHL,NJD,G,4on5,0,2.2099,33,2.2099
8482123,Drew Commesso,2024-25,regular,NHL,CHI,G,4on5,0,0.5826,8,0.5826
8482137,Yaroslav Askarov,2024-25,regular,NHL,SJS,G,4on5,7,8.1673,75,1.1673
8482221,Devon Levi,2024-25,regular,NHL,BUF,G,4on5,8,6.9844,70,-1.0156
8482411,Hunter Shepard,2024-25,regular,NHL,WSH,G,4on5,0,0.1779,4,0.1779
8482446,Joel Blomqvist,2024-25,regular,NHL,PIT,G,4on5,7,7.208,80,0.208
8482447,Leevi Meriläinen,2024-25,regular,NHL,OTT,G,4on5,3,5.886,56,2.886
8482487,Jakub Dobes,2024-25,regular,NHL,MTL,G,4on5,7,9.0001,93,2.0001
8482657,Sebastian Cossa,2024-25,regular,NHL,DET,G,4on5,0,0.2953,3,0.2953
8482661,Jesper Wallstedt,2024-25,regular,NHL,MIN,G,4on5,3,0.6106,7,-2.3894
8482783,Aleksei Kolosov,2024-25,regular,NHL,PHI,G,4on5,8,6.4116,66,-1.5884
8482821,Arvid Soderblom,2024-25,regular,NHL,CHI,G,4on5,9,18.0358,197,9.0358
8482982,Jet Greaves,2024-25,regular,NHL,CBJ,G,4on5,1,2.6785,29,1.6785
8483530,Jaxson Stauber,2024-25,regular,NHL,UTA,G,4on5,2,3.4005,30,1.4005
8483532,Clay Stevenson,2024-25,regular,NHL,WSH,G,4on5,1,0.5144,5,-0.4856
8483668,Nikke Kokko,2024-25,regular,NHL,SEA,G,4on5,0,0.165,1,0.165
8483710,Dennis Hildeby,2024-25,regular,NHL,TOR,G,4on5,2,1.742,23,-0.258
8484268,Nikita Tolopilo,2024-25,regular,NHL,VAN,G,4on5,1,0.8628,9,-0.1372
8484293,Yaniv Perets,2024-25,regular,NHL,CAR,G,4on5,1,0.4644,3,-0.5356
8484312,Georgi Romanov,2024-25,regular,NHL,SJS,G,4on5,6,5.688,58,-0.312
8470594,Marc-Andre Fleury,2024-25,regular,NHL,MIN,G,5on4,1,0.4535,18,-0.5465
8471734,Jonathan Quick,2024-25,regular,NHL,NYR,G,5on4,2,1.1398,17,-0.8602
8473503,James Reimer,2024-25,regular,NHL,BUF,G,5on4,2,2.0959,32,0.0959
8473575,Semyon Varlamov,2024-25,regular,NHL,NYI,G,5on4,0,0.6355,9,0.6355
8474593,Jacob Markstrom,2024-25,regular,NHL,NJD,G,5on4,1,3.1319,37,2.1319
8474596,Jake Allen,2024-25,regular,NHL,NJD,G,5on4,2,2.0141,31,0.0141
8474682,Dustin Tokarski,2024-25,regular,NHL,CAR,G,5on4,0,0.5564,9,0.5564
8475311,Darcy Kuemper,2024-25,regular,NHL,LAK,G,5on4,3,3.2514,40,0.2514
8475660,Cam Talbot,2024-25,regular,NHL,DET,G,5on4,6,2.4739,33,-3.5261
8475683,Sergei Bobrovsky,2024-25,regular,NHL,FLA,G,5on4,3,1.559,37,-1.441
8475717,Calvin Pickard,2024-25,regular,NHL,EDM,G,5on4,2,2.0325,34,0.0325
8475809,Scott Wedgewood,2024-25,regular,NHL,COL,G,5on4,2,1.409,17,-0.591
8475831,Philipp Grubauer,2024-25,regular,NHL,SEA,G,5on4,0,1.2125,16,1.2125
8475852,Petr Mrazek,2024-25,regular,NHL,DET,G,5on4,4,2.6729,34,-1.3271
8475883,Frederik Andersen,2024-25,regular,NHL,CAR,G,5on4,2,2.245,25,0.245
8476341,Anton Forsberg,2024-25,regular,NHL,OTT,G,5on4,1,1.9047,22,0.9047
8476412,Jordan Binnington,2024-25,regular,NHL,STL,G,5on4,1,1.1492,39,0.1492
8476434,John Gibson,2024-25,regular,NHL,ANA,G,5on4,2,1.5879,19,-0.4121
8476883,Andrei Vasilevskiy,2024-25,regular,NHL,TBL,G,5on4,7,3.6775,50,-3.3225
8476899,Matt Murray,2024-25,regular,NHL,TOR,G,5on4,0,0.0039,1,0.0039
8476914,Joonas Korpisalo,2024-25,regular,NHL,BOS,G,5on4,6,1.5176,30,-4.4824
8476932,Anthony Stolarz,2024-25,regular,NHL,TOR,G,5on4,2,2.5083,41,0.5083
8476945,Connor Hellebuyck,2024-25,regular,NHL,WPG,G,5on4,3,3.188,58,0.188
8476999,Linus Ullmark,2024-25,regular,NHL,OTT,G,5on4,0,0.9167,23,0.9167
8477405,Marcus Hogberg,2024-25,regular,NHL,NYI,G,5on4,1,0.1006,8,-0.8994
8477424,Juuse Saros,2024-25,regular,NHL,NSH,G,5on4,2,3.2931,47,1.2931
8477465,Tristan Jarry,2024-25,regular,NHL,PIT,G,5on4,2,2.0846,39,0.0846
8477480,Eric Comrie,2024-25,regular,NHL,WPG,G,5on4,1,0.6465,15,-0.3535
8477484,Spencer Martin,2024-25,regular,NHL,CAR,G,5on4,2,0.966,10,-1.034
8477831,Pheonix Copley,2024-25,regular,NHL,LAK,G,5on4,0,0.3066,2,0.3066
8477967,Thatcher Demko,2024-25,regular,NHL,VAN,G,5on4,2,2.4975,25,0.4975
8477968,Alex Nedeljkovic,2024-25,regular,NHL,PIT,G,5on4,2,3.0539,47,1.0539
8477970,Vitek Vanecek,2024-25,regular,NHL,FLA,G,5on4,3,1.9132,24,-1.0868
8477990,Brandon Halverson,2024-25,regular,NHL,TBL,G,5on4,0,0.0063,2,0.0063
8477992,Jonas Johansson,2024-25,regular,NHL,TBL,G,5on4,3,0.9883,19,-2.0117
8478007,Elvis Merzlikins,2024-25,regular,NHL,CBJ,G,5on4,4,2.4877,32,-1.5123
8478009,Ilya Sorokin,2024-25,regular,NHL,NYI,G,5on4,5,3.3089,54,-1.6911
8478024,Ville Husso,2024-25,regular,NHL,ANA,G,5on4,1,0.4899,6,-0.5101
8478039,Kaapo Kahkonen,2024-25,regular,NHL,WPG,G,5on4,0,0.1439,2,0.1439
8478048,Igor Shesterkin,2024-25,regular,NHL,NYR,G,5on4,5,4.3137,50,-0.6863
8478406,Mackenzie Blackwood,2024-25,regular,NHL,COL,G,5on4,4,3.8114,56,-0.1886
8478435,Dan Vladar,2024-25,regular,NHL,CGY,G,5on4,1,0.8839,17,-0.1161
8478470,Samuel Montembeault,2024-25,regular,NHL,MTL,G,5on4,3,2.7745,47,-0.2255
8478492,Ilya Samsonov,2024-25,regular,NHL,VGK,G,5on4,1,0.7699,15,-0.2301
8478499,Adin Hill,2024-25,regular,NHL,VGK,G,5on4,2,2.9783,35,0.9783
8478848,Ales Stezka,2024-25,regular,NHL,SEA,G,5on4,1,0.0617,2,-0.9383
8478872,Karel Vejmelka,2024-25,regular,NHL,UTA,G,5on4,6,2.3059,45,-3.6941
8478905,Ivan Fedotov,2024-25,regular,NHL,PHI,G,5on4,0,1.9145,23,1.9145
8478916,Joey Daccord,2024-25,regular,NHL,SEA,G,5on4,2,3.9858,57,1.9858
8478971,Connor Ingram,2024-25,regular,NHL,UTA,G,5on4,2,1.7119,21,-0.2881
8479193,Casey DeSmith,2024-25,regular,NHL,DAL,G,5on4,0,2.1427,30,2.1427
8479292,Charlie Lindgren,2024-25,regular,NHL,WSH,G,5on4,3,3.8322,47,0.8322
8479312,Alex Lyon,2024-25,regular,NHL,DET,G,5on4,0,1.6213,22,1.6213
8479361,Joseph Woll,2024-25,regular,NHL,TOR,G,5on4,2,3.2317,45,1.2317
8479406,Filip Gustavsson,2024-25,regular,NHL,MIN,G,5on4,3,2.6249,52,-0.3751
8479496,David Rittich,2024-25,regular,NHL,LAK,G,5on4,2,1.1483,22,-0.8517
8479973,Stuart Skinner,2024-25,regular,NHL,EDM,G,5on4,2,3.2379,39,1.2379
8479979,Jake Oettinger,2024-25,regular,NHL,DAL,G,5on4,4,3.2858,58,-0.7142
8480045,Ukko-Pekka Luukkonen,2024-25,regular,NHL,BUF,G,5on4,3,3.4569,56,0.4569
8480051,Cayden Primeau,2024-25,regular,NHL,MTL,G,5on4,1,1.4552,10,0.4552
8480193,Daniil Tarasov,2024-25,regular,NHL,CBJ,G,5on4,2,1.034,13,-0.966
8480280,Jeremy Swayman,2024-25,regular,NHL,BOS,G,5on4,5,9.2163,94,4.2163
8480313,Logan Thompson,2024-25,regular,NHL,WSH,G,5on4,2,2.3642,35,0.3642
8480382,Alexandar Georgiev,2024-25,regular,NHL,SJS,G,5on4,7,2.8284,40,-4.1716
8480819,Jakub Skarek,2024-25,regular,NHL,NYI,G,5on4,0,0.1894,1,0.1894
8480843,Lukas Dostal,2024-25,regular,NHL,ANA,G,5on4,3,4.1648,52,1.1648
8480947,Kevin Lankinen,2024-25,regular,NHL,VAN,G,5on4,2,2.4944,44,0.4944
8480981,Joel Hofer,2024-25,regular,NHL,STL,G,5on4,4,1.5102,28,-2.4898
8481020,Justus Annunen,2024-25,regular,NHL,NSH,G,5on4,2,2.034,26,0.034
8481033,Akira Schmid,2024-25,regular,NHL,VGK,G,5on4,0,0.2403,3,0.2403
8481035,Samuel Ersson,2024-25,regular,NHL,PHI,G,5on4,7,4.0974,61,-2.9026
8481519,Spencer Knight,2024-25,regular,NHL,CHI,G,5on4,3,1.3867,25,-1.6133
8481529,Trent Miner,2024-25,regular,NHL,COL,G,5on4,0,0.1021,1,0.1021
8481544,Mads Sogaard,2024-25,regular,NHL,OTT,G,5on4,0,0.3748,2,0.3748
8481611,Pyotr Kochetkov,2024-25,regular,NHL,CAR,G,5on4,1,2.7807,34,1.7807
8481668,Arturs Silovs,2024-25,regular,NHL,VAN,G,5on4,2,1.0463,7,-0.9537
8481692,Dustin Wolf,2024-25,regular,NHL,CGY,G,5on4,5,3.4946,44,-1.5054
8481707,Erik Portillo,2024-25,regular,NHL,LAK,G,5on4,0,0.0309,1,0.0309
8482076,Nico Daws,2024-25,regular,NHL,NJD,G,5on4,0,0.2579,3,0.2579
8482137,Yaroslav Askarov,2024-25,regular,NHL,SJS,G,5on4,0,0.6952,11,0.6952
8482221,Devon Levi,2024-25,regular,NHL,BUF,G,5on4,0,0.6571,8,0.6571
8482446,Joel Blomqvist,2024-25,regular,NHL,PIT,G,5on4,0,1.4555,19,1.4555
8482447,Leevi Meriläinen,2024-25,regular,NHL,OTT,G,5on4,0,0.6102,14,0.6102
8482487,Jakub Dobes,2024-25,regular,NHL,MTL,G,5on4,0,0.7795,15,0.7795
8482657,Sebastian Cossa,2024-25,regular,NHL,DET,G,5on4,0,0.0002,1,0.0002
8482661,Jesper Wallstedt,2024-25,regular,NHL,MIN,G,5on4,0,0.0345,1,0.0345
8482783,Aleksei Kolosov,2024-25,regular,NHL,PHI,G,5on4,2,0.8257,11,-1.1743
8482821,Arvid Soderblom,2024-25,regular,NHL,CHI,G,5on4,2,1.4838,23,-0.5162
8482982,Jet Greaves,2024-25,regular,NHL,CBJ,G,5on4,0,0.7237,8,0.7237
8483530,Jaxson Stauber,2024-25,regular,NHL,UTA,G,5on4,0,0.8135,5,0.8135
8483532,Clay Stevenson,2024-25,regular,NHL,WSH,G,5on4,1,0.2104,1,-0.7896
8483710,Dennis Hildeby,2024-25,regular,NHL,TOR,G,5on4,1,0.7066,9,-0.2934
8484268,Nikita Tolopilo,2024-25,regular,NHL,VAN,G,5on4,0,0.1047,3,0.1047
8484312,Georgi Romanov,2024-25,regular,NHL,SJS,G,5on4,0,0.3196,5,0.3196
8470594,Marc-Andre Fleury,2024-25,playoffs,NHL,MIN,G,all,1,0.6466,13,-0.3534
8474593,Jacob Markstrom,2024-25,playoffs,NHL,NJD,G,all,16,19.4615,303,3.4615
8475311,Darcy Kuemper,2024-25,playoffs,NHL,LAK,G,all,23,21.1371,315,-1.8629
8475683,Sergei Bobrovsky,2024-25,playoffs,NHL,FLA,G,all,53,56.2419,979,3.2419
8475717,Calvin Pickard,2024-25,playoffs,NHL,EDM,G,all,25,21.9894,361,-3.0106
8475809,Scott Wedgewood,2024-25,playoffs,NHL,COL,G,all,0,1.2471,12,1.2471
8475883,Frederik Andersen,2024-25,playoffs,NHL,CAR,G,all,25,28.3956,452,3.3956
8476412,Jordan Binnington,2024-25,playoffs,NHL,STL,G,all,19,17.3187,327,-1.6813
8476883,Andrei Vasilevskiy,2024-25,playoffs,NHL,TBL,G,all,16,12.2282,182,-3.7718
8476899,Matt Murray,2024-25,playoffs,NHL,TOR,G,all,1,0.3561,8,-0.6439
8476932,Anthony Stolarz,2024-25,playoffs,NHL,TOR,G,all,15,14.638,257,-0.362
8476945,Connor Hellebuyck,2024-25,playoffs,NHL,WPG,G,all,39,30.7779,490,-8.2221
8476999,Linus Ullmark,2024-25,playoffs,NHL,OTT,G,all,18,15.4135,242,-2.5865
8477480,Eric Comrie,2024-25,playoffs,NHL,WPG,G,all,1,1.7775,20,0.7775
8478406,Mackenzie Blackwood,2024-25,playoffs,NHL,COL,G,all,19,18.5325,275,-0.4675
8478470,Samuel Montembeault,2024-25,playoffs,NHL,MTL,G,all,7,8.8255,114,1.8255
8478499,Adin Hill,2024-25,playoffs,NHL,VGK,G,all,33,28.1557,465,-4.8443
8479193,Casey DeSmith,2024-25,playoffs,NHL,DAL,G,all,4,3.4408,48,-0.5592
8479292,Charlie Lindgren,2024-25,playoffs,NHL,WSH,G,all,1,0.3456,7,-0.6544
8479361,Joseph Woll,2024-25,playoffs,NHL,TOR,G,all,23,19.3036,350,-3.6964
8479406,Filip Gustavsson,2024-25,playoffs,NHL,MIN,G,all,16,17.0502,293,1.0502
8479973,Stuart Skinner,2024-25,playoffs,NHL,EDM,G,all,44,43.4404,635,-0.5596
8479979,Jake Oettinger,2024-25,playoffs,NHL,DAL,G,all,48,52.2844,793,4.2844
8480313,Logan Thompson,2024-25,playoffs,NHL,WSH,G,all,24,31.1175,479,7.1175
8481033,Akira Schmid,2024-25,playoffs,NHL,VGK,G,all,0,0.7193,10,0.7193
8481611,Pyotr Kochetkov,2024-25,playoffs,NHL,CAR,G,all,12,7.5634,124,-4.4366
8482487,Jakub Dobes,2024-25,playoffs,NHL,MTL,G,all,7,6.4808,94,-0.5192
8470594,Marc-Andre Fleury,2024-25,playoffs,NHL,MIN,G,5on5,1,0.6466,13,-0.3534
8474593,Jacob Markstrom,2024-25,playoffs,NHL,NJD,G,5on5,9,13.1923,239,4.1923
8475311,Darcy Kuemper,2024-25,playoffs,NHL,LAK,G,5on5,15,15.7998,267,0.7998
8475683,Sergei Bobrovsky,2024-25,playoffs,NHL,FLA,G,5on5,38,38.4887,759,0.4887
8475717,Calvin Pickard,2024-25,playoffs,NHL,EDM,G,5on5,15,15.7266,284,0.7266
8475809,Scott Wedgewood,2024-25,playoffs,NHL,COL,G,5on5,0,0.687,7,0.687
8475883,Frederik Andersen,2024-25,playoffs,NHL,CAR,G,5on5,18,21.8591,375,3.8591
8476412,Jordan Binnington,2024-25,playoffs,NHL,STL,G,5on5,12,11.2857,249,-0.7143
8476883,Andrei Vasilevskiy,2024-25,playoffs,NHL,TBL,G,5on5,12,8.2877,143,-3.7123
8476899,Matt Murray,2024-25,playoffs,NHL,TOR,G,5on5,0,0.0635,3,0.0635
8476932,Anthony Stolarz,2024-25,playoffs,NHL,TOR,G,5on5,8,10.2936,212,2.2936
8476945,Connor Hellebuyck,2024-25,playoffs,NHL,WPG,G,5on5,29,25.1296,411,-3.8704
8476999,Linus Ullmark,2024-25,playoffs,NHL,OTT,G,5on5,12,9.6487,197,-2.3513
8477480,Eric Comrie,2024-25,playoffs,NHL,WPG,G,5on5,0,0.9168,11,0.9168
8478406,Mackenzie Blackwood,2024-25,playoffs,NHL,COL,G,5on5,12,11.8204,208,-0.1796
8478470,Samuel Montembeault,2024-25,playoffs,NHL,MTL,G,5on5,6,7.1263,97,1.1263
8478499,Adin Hill,2024-25,playoffs,NHL,VGK,G,5on5,28,22.2118,386,-5.7882
8479193,Casey DeSmith,2024-25,playoffs,NHL,DAL,G,5on5,4,3.3054,46,-0.6946
8479292,Charlie Lindgren,2024-25,playoffs,NHL,WSH,G,5on5,0,0.1585,6,0.1585
8479361,Joseph Woll,2024-25,playoffs,NHL,TOR,G,5on5,20,16.0677,288,-3.9323
8479406,Filip Gustavsson,2024-25,playoffs,NHL,MIN,G,5on5,9,12.2941,242,3.2941
8479973,Stuart Skinner,2024-25,playoffs,NHL,EDM,G,5on5,27,30.7366,508,3.7366
8479979,Jake Oettinger,2024-25,playoffs,NHL,DAL,G,5on5,31,35.5495,612,4.5495
8480313,Logan Thompson,2024-25,playoffs,NHL,WSH,G,5on5,17,22.4774,387,5.4774
8481033,Akira Schmid,2024-25,playoffs,NHL,VGK,G,5on5,0,0.1642,5,0.1642
8481611,Pyotr Kochetkov,2024-25,playoffs,NHL,CAR,G,5on5,11,5.8501,101,-5.1499
8482487,Jakub Dobes,2024-25,playoffs,NHL,MTL,G,5on5,5,4.7085,78,-0.2915
8474593,Jacob Markstrom,2024-25,playoffs,NHL,NJD,G,4on5,5,4.9868,46,-0.0132
8475311,Darcy Kuemper,2024-25,playoffs,NHL,LAK,G,4on5,5,3.9194,29,-1.0806
8475683,Sergei Bobrovsky,2024-25,playoffs,NHL,FLA,G,4on5,11,13.3937,149,2.3937
8475717,Calvin Pickard,2024-25,playoffs,NHL,EDM,G,4on5,6,4.1894,47,-1.8106
8475809,Scott Wedgewood,2024-25,playoffs,NHL,COL,G,4on5,0,0.5601,5,0.5601
8475883,Frederik Andersen,2024-25,playoffs,NHL,CAR,G,4on5,5,5.4102,62,0.4102
8476412,Jordan Binnington,2024-25,playoffs,NHL,STL,G,4on5,5,4.8561,52,-0.1439
8476883,Andrei Vasilevskiy,2024-25,playoffs,NHL,TBL,G,4on5,4,3.6345,29,-0.3655
8476899,Matt Murray,2024-25,playoffs,NHL,TOR,G,4on5,1,0.2922,4,-0.7078
8476932,Anthony Stolarz,2024-25,playoffs,NHL,TOR,G,4on5,3,2.6119,31,-0.3881
8476945,Connor Hellebuyck,2024-25,playoffs,NHL,WPG,G,4on5,9,4.5567,59,-4.4433
8476999,Linus Ullmark,2024-25,playoffs,NHL,OTT,G,4on5,5,5.1853,37,0.1853
8477480,Eric Comrie,2024-25,playoffs,NHL,WPG,G,4on5,1,0.4865,4,-0.5135
8478406,Mackenzie Blackwood,2024-25,playoffs,NHL,COL,G,4on5,7,5.943,54,-1.057
8478470,Samuel Montembeault,2024-25,playoffs,NHL,MTL,G,4on5,1,1.1048,12,0.1048
8478499,Adin Hill,2024-25,playoffs,NHL,VGK,G,4on5,4,5.4347,64,1.4347
8479193,Casey DeSmith,2024-25,playoffs,NHL,DAL,G,4on5,0,0.0596,1,0.0596
8479292,Charlie Lindgren,2024-25,playoffs,NHL,WSH,G,4on5,1,0.1871,1,-0.8129
8479361,Joseph Woll,2024-25,playoffs,NHL,TOR,G,4on5,2,2.3638,36,0.3638
8479406,Filip Gustavsson,2024-25,playoffs,NHL,MIN,G,4on5,4,3.5781,38,-0.4219
8479973,Stuart Skinner,2024-25,playoffs,NHL,EDM,G,4on5,14,9.6031,87,-4.3969
8479979,Jake Oettinger,2024-25,playoffs,NHL,DAL,G,4on5,11,12.7746,124,1.7746
8480313,Logan Thompson,2024-25,playoffs,NHL,WSH,G,4on5,7,6.1026,57,-0.8974
8481033,Akira Schmid,2024-25,playoffs,NHL,VGK,G,4on5,0,0.5552,5,0.5552
8481611,Pyotr Kochetkov,2024-25,playoffs,NHL,CAR,G,4on5,1,1.3717,19,0.3717
8482487,Jakub Dobes,2024-25,playoffs,NHL,MTL,G,4on5,2,1.5344,14,-0.4656
8474593,Jacob Markstrom,2024-25,playoffs,NHL,NJD,G,5on4,1,0.7135,13,-0.2865
8475311,Darcy Kuemper,2024-25,playoffs,NHL,LAK,G,5on4,0,0.9279,12,0.9279
8475683,Sergei Bobrovsky,2024-25,playoffs,NHL,FLA,G,5on4,0,1.1018,22,1.1018
8475717,Calvin Pickard,2024-25,playoffs,NHL,EDM,G,5on4,0,0.0782,4,0.0782
8475883,Frederik Andersen,2024-25,playoffs,NHL,CAR,G,5on4,0,0.1561,5,0.1561
8476412,Jordan Binnington,2024-25,playoffs,NHL,STL,G,5on4,0,0.0549,4,0.0549
8476883,Andrei Vasilevskiy,2024-25,playoffs,NHL,TBL,G,5on4,0,0.19,8,0.19
8476899,Matt Murray,2024-25,playoffs,NHL,TOR,G,5on4,0,0.0005,1,0.0005
8476932,Anthony Stolarz,2024-25,playoffs,NHL,TOR,G,5on4,2,0.4633,2,-1.5367
8476945,Connor Hellebuyck,2024-25,playoffs,NHL,WPG,G,5on4,0,0.2475,7,0.2475
8476999,Linus Ullmark,2024-25,playoffs,NHL,OTT,G,5on4,0,0.0701,3,0.0701
8477480,Eric Comrie,2024-25,playoffs,NHL,WPG,G,5on4,0,0.1266,2,0.1266
8478406,Mackenzie Blackwood,2024-25,playoffs,NHL,COL,G,5on4,0,0.3112,8,0.3112
8478470,Samuel Montembeault,2024-25,playoffs,NHL,MTL,G,5on4,0,0.5165,4,0.5165
8478499,Adin Hill,2024-25,playoffs,NHL,VGK,G,5on4,0,0.1443,9,0.1443
8479361,Joseph Woll,2024-25,playoffs,NHL,TOR,G,5on4,0,0.279,7,0.279
8479406,Filip Gustavsson,2024-25,playoffs,NHL,MIN,G,5on4,2,0.446,7,-1.554
8479973,Stuart Skinner,2024-25,playoffs,NHL,EDM,G,5on4,1,0.742,9,-0.258
8479979,Jake Oettinger,2024-25,playoffs,NHL,DAL,G,5on4,2,1.281,19,-0.719
8480313,Logan Thompson,2024-25,playoffs,NHL,WSH,G,5on4,0,1.0584,16,1.0584
8481611,Pyotr Kochetkov,2024-25,playoffs,NHL,CAR,G,5on4,0,0.2609,3,0.2609
8482487,Jakub Dobes,2024-25,playoffs,NHL,MTL,G,5on4,0,0.0016,1,0.0016
8471734,Jonathan Quick,2025-26,regular,NHL,NYR,G,all,73,73.592,1051,0.592
8473503,James Reimer,2025-26,regular,NHL,OTT,G,all,33,33.7841,508,0.7841
8474593,Jacob Markstrom,2025-26,regular,NHL,NJD,G,all,130,121.1372,1689,-8.8628
8474596,Jake Allen,2025-26,regular,NHL,NJD,G,all,100,114.0842,1572,14.0842
8475311,Darcy Kuemper,2025-26,regular,NHL,LAK,G,all,134,131.1059,1879,-2.8941
8475660,Cam Talbot,2025-26,regular,NHL,DET,G,all,93,88.6368,1223,-4.3632
8475683,Sergei Bobrovsky,2025-26,regular,NHL,FLA,G,all,154,141.0553,1948,-12.9447
8475717,Calvin Pickard,2025-26,regular,NHL,EDM,G,all,53,51.4204,612,-1.5796
8475809,Scott Wedgewood,2025-26,regular,NHL,COL,G,all,86,110.4274,1689,24.4274
8475831,Philipp Grubauer,2025-26,regular,NHL,SEA,G,all,79,90.9309,1328,11.9309
8475852,Petr Mrazek,2025-26,regular,NHL,ANA,G,all,35,28.0571,365,-6.9429
8475883,Frederik Andersen,2025-26,regular,NHL,CAR,G,all,107,108.7242,1302,1.7242
8476316,Laurent Brossoit,2025-26,regular,NHL,SJS,G,all,6,3.3955,47,-2.6045
8476341,Anton Forsberg,2025-26,regular,NHL,LAK,G,all,87,98.3332,1463,11.3332
8476412,Jordan Binnington,2025-26,regular,NHL,STL,G,all,128,103.8447,1488,-24.1553
8476434,John Gibson,2025-26,regular,NHL,DET,G,all,143,160.9263,2278,17.9263
8476883,Andrei Vasilevskiy,2025-26,regular,NHL,TBL,G,all,132,160.8407,2227,28.8407
8476899,Matt Murray,2025-26,regular,NHL,SEA,G,all,8,10.7776,164,2.7776
8476914,Joonas Korpisalo,2025-26,regular,NHL,BOS,G,all,90,88.9652,1250,-1.0348
8476932,Anthony Stolarz,2025-26,regular,NHL,TOR,G,all,76,76.9596,1059,0.9596
8476945,Connor Hellebuyck,2025-26,regular,NHL,WPG,G,all,161,168.3675,2363,7.3675
8476999,Linus Ullmark,2025-26,regular,NHL,OTT,G,all,131,126.376,1804,-4.624
8477405,Marcus Hogberg,2025-26,regular,NHL,NYI,G,all,2,0.7672,8,-1.2328
8477424,Juuse Saros,2025-26,regular,NHL,NSH,G,all,180,183.658,2482,3.658
8477465,Tristan Jarry,2025-26,regular,NHL,EDM,G,all,98,97.5636,1309,-0.4364
8477480,Eric Comrie,2025-26,regular,NHL,WPG,G,all,72,69.7687,1019,-2.2313
8477484,Spencer Martin,2025-26,regular,NHL,NYR,G,all,20,15.4706,218,-4.5294
8477831,Pheonix Copley,2025-26,regular,NHL,LAK,G,all,3,1.9017,40,-1.0983
8477967,Thatcher Demko,2025-26,regular,NHL,VAN,G,all,54,61.0032,806,7.0032
8477968,Alex Nedeljkovic,2025-26,regular,NHL,SJS,G,all,109,111.1446,1562,2.1446
8477970,Vitek Vanecek,2025-26,regular,NHL,UTA,G,all,59,56.6334,755,-2.3666
8477990,Brandon Halverson,2025-26,regular,NHL,TBL,G,all,4,2.6027,34,-1.3973
8477992,Jonas Johansson,2025-26,regular,NHL,TBL,G,all,78,70.0152,999,-7.9848
8478007,Elvis Merzlikins,2025-26,regular,NHL,CBJ,G,all,95,89.6747,1246,-5.3253
8478009,Ilya Sorokin,2025-26,regular,NHL,NYI,G,all,144,175.7677,2324,31.7677
8478024,Ville Husso,2025-26,regular,NHL,ANA,G,all,62,60.3245,814,-1.6755
8478048,Igor Shesterkin,2025-26,regular,NHL,NYR,G,all,126,149.4818,2148,23.4818
8478406,Mackenzie Blackwood,2025-26,regular,NHL,COL,G,all,90,99.9956,1441,9.9956
8478435,Dan Vladar,2025-26,regular,NHL,PHI,G,all,121,135.4972,2013,14.4972
8478470,Samuel Montembeault,2025-26,regular,NHL,MTL,G,all,81,81.3562,967,0.3562
8478499,Adin Hill,2025-26,regular,NHL,VGK,G,all,76,62.044,931,-13.956
8478872,Karel Vejmelka,2025-26,regular,NHL,UTA,G,all,169,185.3821,2515,16.3821
8478916,Joey Daccord,2025-26,regular,NHL,SEA,G,all,136,137.4719,2055,1.4719
8478971,Connor Ingram,2025-26,regular,NHL,EDM,G,all,77,81.7837,1173,4.7837
8479193,Casey DeSmith,2025-26,regular,NHL,DAL,G,all,71,81.3785,1166,10.3785
8479292,Charlie Lindgren,2025-26,regular,NHL,WSH,G,all,73,72.2803,919,-0.7197
8479312,Alex Lyon,2025-26,regular,NHL,BUF,G,all,92,103.5161,1506,11.5161
8479361,Joseph Woll,2025-26,regular,NHL,TOR,G,all,123,124.9644,1840,1.9644
8479394,Carter Hart,2025-26,regular,NHL,VGK,G,all,46,44.3697,644,-1.6303
8479406,Filip Gustavsson,2025-26,regular,NHL,MIN,G,all,133,139.3508,2130,6.3508
8479496,David Rittich,2025-26,regular,NHL,NYI,G,all,76,86.7011,1166,10.7011
8479973,Stuart Skinner,2025-26,regular,NHL,PIT,G,all,142,156.5318,2055,14.5318
8479979,Jake Oettinger,2025-26,regular,NHL,DAL,G,all,138,150.0175,2079,12.0175
8480022,Michael DiPietro,2025-26,regular,NHL,BOS,G,all,0,0.1586,3,0.1586
8480045,Ukko-Pekka Luukkonen,2025-26,regular,NHL,BUF,G,all,85,96.3865,1419,11.3865
8480051,Cayden Primeau,2025-26,regular,NHL,TOR,G,all,13,6.9368,115,-6.0632
8480193,Daniil Tarasov,2025-26,regular,NHL,FLA,G,all,97,97.2311,1388,0.2311
8480238,Jiri Patera,2025-26,regular,NHL,VAN,G,all,7,3.8459,50,-3.1541
8480280,Jeremy Swayman,2025-26,regular,NHL,BOS,G,all,146,180.0985,2428,34.0985
8480313,Logan Thompson,2025-26,regular,NHL,WSH,G,all,140,181.8814,2461,41.8814
8480843,Lukas Dostal,2025-26,regular,NHL,ANA,G,all,169,174.0058,2360,5.0058
8480947,Kevin Lankinen,2025-26,regular,NHL,VAN,G,all,160,147.0431,1936,-12.9569
8480981,Joel Hofer,2025-26,regular,NHL,STL,G,all,114,133.0034,1950,19.0034
8481020,Justus Annunen,2025-26,regular,NHL,NSH,G,all,67,82.2497,1112,15.2497
8481033,Akira Schmid,2025-26,regular,NHL,VGK,G,all,85,81.7258,1284,-3.2742
8481035,Samuel Ersson,2025-26,regular,NHL,PHI,G,all,97,87.1767,1219,-9.8233
8481519,Spencer Knight,2025-26,regular,NHL,CHI,G,all,155,173.6828,2423,18.6828
8481529,Trent Miner,2025-26,regular,NHL,COL,G,all,8,9.6562,164,1.6562
8481544,Mads Sogaard,2025-26,regular,NHL,OTT,G,all,6,3.6691,48,-2.3309
8481551,Colten Ellis,2025-26,regular,NHL,BUF,G,all,44,45.3283,665,1.3283
8481611,Pyotr Kochetkov,2025-26,regular,NHL,CAR,G,all,19,18.9945,278,-0.0055
8481668,Arturs Silovs,2025-26,regular,NHL,PIT,G,all,114,110.7747,1571,-3.2253
8481692,Dustin Wolf,2025-26,regular,NHL,CGY,G,all,158,161.7696,2316,3.7696
8482076,Nico Daws,2025-26,regular,NHL,NJD,G,all,8,9.31,124,1.31
8482123,Drew Commesso,2025-26,regular,NHL,CHI,G,all,7,8.6322,125,1.6322
8482137,Yaroslav Askarov,2025-26,regular,NHL,SJS,G,all,157,143.3903,1987,-13.6097
8482193,Dylan Garand,2025-26,regular,NHL,NYR,G,all,5,10.667,143,5.667
8482411,Hunter Shepard,2025-26,regular,NHL,OTT,G,all,2,1.1607,18,-0.8393
8482445,Devin Cooley,2025-26,regular,NHL,CGY,G,all,77,97.9504,1286,20.9504
8482447,Leevi Meriläinen,2025-26,regular,NHL,OTT,G,all,64,44.6696,666,-19.3304
8482487,Jakub Dobes,2025-26,regular,NHL,MTL,G,all,117,136.709,1817,19.709
8482515,Artur Akhtyamov,2025-26,regular,NHL,TOR,G,all,11,11.1798,118,0.1798
8482661,Jesper Wallstedt,2025-26,regular,NHL,MIN,G,all,87,103.8172,1527,16.8172
8482761,Carl Lindbom,2025-26,regular,NHL,VGK,G,all,24,21.3926,305,-2.6074
8482783,Aleksei Kolosov,2025-26,regular,NHL,PHI,G,all,8,5.1414,67,-2.8586
8482821,Arvid Soderblom,2025-26,regular,NHL,CHI,G,all,93,87.4883,1159,-5.5117
8482949,Arsenii Sergeev,2025-26,regular,NHL,CGY,G,all,1,3.705,44,2.705
8482982,Jet Greaves,2025-26,regular,NHL,CBJ,G,all,142,166.5049,2380,24.5049
8483114,Thomas Milic,2025-26,regular,NHL,WPG,G,all,8,6.6814,95,-1.3186
8483532,Clay Stevenson,2025-26,regular,NHL,WSH,G,all,8,11.4298,166,3.4298
8483548,Brandon Bussi,2025-26,regular,NHL,CAR,G,all,97,100.2036,1347,3.2036
8483668,Nikke Kokko,2025-26,regular,NHL,SEA,G,all,9,8.7331,141,-0.2669
8483703,Sergei Murashov,2025-26,regular,NHL,PIT,G,all,12,11.2649,194,-0.7351
8483710,Dennis Hildeby,2025-26,regular,NHL,TOR,G,all,48,60.6789,853,12.6789
8483746,Vyacheslav Buteyets,2025-26,regular,NHL,ANA,G,all,3,1.5217,19,-1.4783
8484170,Jacob Fowler,2025-26,regular,NHL,MTL,G,all,40,50.9378,675,10.9378
8484268,Nikita Tolopilo,2025-26,regular,NHL,VAN,G,all,69,68.8126,892,-0.1874
8484910,Victor Ostman,2025-26,regular,NHL,SEA,G,all,2,3.2165,55,1.2165
8471734,Jonathan Quick,2025-26,regular,NHL,NYR,G,5on5,57,51.8727,840,-5.1273
8473503,James Reimer,2025-26,regular,NHL,OTT,G,5on5,22,22.0651,400,0.0651
8474593,Jacob Markstrom,2025-26,regular,NHL,NJD,G,5on5,95,86.1824,1350,-8.8176
8474596,Jake Allen,2025-26,regular,NHL,NJD,G,5on5,81,86.6931,1299,5.6931
8475311,Darcy Kuemper,2025-26,regular,NHL,LAK,G,5on5,83,85.8036,1444,2.8036
8475660,Cam Talbot,2025-26,regular,NHL,DET,G,5on5,69,64.4179,983,-4.5821
8475683,Sergei Bobrovsky,2025-26,regular,NHL,FLA,G,5on5,110,97.4398,1523,-12.5602
8475717,Calvin Pickard,2025-26,regular,NHL,EDM,G,5on5,40,36.8499,492,-3.1501
8475809,Scott Wedgewood,2025-26,regular,NHL,COL,G,5on5,61,74.8031,1317,13.8031
8475831,Philipp Grubauer,2025-26,regular,NHL,SEA,G,5on5,52,64.2761,1080,12.2761
8475852,Petr Mrazek,2025-26,regular,NHL,ANA,G,5on5,24,19.5314,283,-4.4686
8475883,Frederik Andersen,2025-26,regular,NHL,CAR,G,5on5,78,76.4522,1022,-1.5478
8476316,Laurent Brossoit,2025-26,regular,NHL,SJS,G,5on5,4,2.6892,41,-1.3108
8476341,Anton Forsberg,2025-26,regular,NHL,LAK,G,5on5,55,66.7598,1169,11.7598
8476412,Jordan Binnington,2025-26,regular,NHL,STL,G,5on5,92,74.726,1206,-17.274
8476434,John Gibson,2025-26,regular,NHL,DET,G,5on5,100,114.042,1794,14.042
8476883,Andrei Vasilevskiy,2025-26,regular,NHL,TBL,G,5on5,99,108.0993,1715,9.0993
8476899,Matt Murray,2025-26,regular,NHL,SEA,G,5on5,4,7.5039,132,3.5039
8476914,Joonas Korpisalo,2025-26,regular,NHL,BOS,G,5on5,63,60.1989,980,-2.8011
8476932,Anthony Stolarz,2025-26,regular,NHL,TOR,G,5on5,59,50.6279,819,-8.3721
8476945,Connor Hellebuyck,2025-26,regular,NHL,WPG,G,5on5,114,117.3696,1874,3.3696
8476999,Linus Ullmark,2025-26,regular,NHL,OTT,G,5on5,90,86.5955,1423,-3.4045
8477405,Marcus Hogberg,2025-26,regular,NHL,NYI,G,5on5,2,0.601,5,-1.399
8477424,Juuse Saros,2025-26,regular,NHL,NSH,G,5on5,135,126.8368,1992,-8.1632
8477465,Tristan Jarry,2025-26,regular,NHL,EDM,G,5on5,67,66.0188,1013,-0.9812
8477480,Eric Comrie,2025-26,regular,NHL,WPG,G,5on5,49,49.6837,819,0.6837
8477484,Spencer Martin,2025-26,regular,NHL,NYR,G,5on5,14,8.9952,166,-5.0048
8477831,Pheonix Copley,2025-26,regular,NHL,LAK,G,5on5,2,1.2978,32,-0.7022
8477967,Thatcher Demko,2025-26,regular,NHL,VAN,G,5on5,37,41.553,628,4.553
8477968,Alex Nedeljkovic,2025-26,regular,NHL,SJS,G,5on5,77,77.8839,1234,0.8839
8477970,Vitek Vanecek,2025-26,regular,NHL,UTA,G,5on5,45,39.6192,581,-5.3808
8477990,Brandon Halverson,2025-26,regular,NHL,TBL,G,5on5,3,1.8208,28,-1.1792
8477992,Jonas Johansson,2025-26,regular,NHL,TBL,G,5on5,50,45.0984,768,-4.9016
8478007,Elvis Merzlikins,2025-26,regular,NHL,CBJ,G,5on5,65,62.633,981,-2.367
8478009,Ilya Sorokin,2025-26,regular,NHL,NYI,G,5on5,101,122.3374,1851,21.3374
8478024,Ville Husso,2025-26,regular,NHL,ANA,G,5on5,47,42.0799,626,-4.9201
8478048,Igor Shesterkin,2025-26,regular,NHL,NYR,G,5on5,81,97.0213,1659,16.0213
8478406,Mackenzie Blackwood,2025-26,regular,NHL,COL,G,5on5,62,70.8822,1138,8.8822
8478435,Dan Vladar,2025-26,regular,NHL,PHI,G,5on5,72,91.3027,1568,19.3027
8478470,Samuel Montembeault,2025-26,regular,NHL,MTL,G,5on5,53,51.8256,721,-1.1744
8478499,Adin Hill,2025-26,regular,NHL,VGK,G,5on5,56,42.6451,735,-13.3549
8478872,Karel Vejmelka,2025-26,regular,NHL,UTA,G,5on5,118,126.5543,1952,8.5543
8478916,Joey Daccord,2025-26,regular,NHL,SEA,G,5on5,94,97.2653,1666,3.2653
8478971,Connor Ingram,2025-26,regular,NHL,EDM,G,5on5,60,58.1139,942,-1.8861
8479193,Casey DeSmith,2025-26,regular,NHL,DAL,G,5on5,46,56.8704,916,10.8704
8479292,Charlie Lindgren,2025-26,regular,NHL,WSH,G,5on5,46,45.5867,679,-0.4133
8479312,Alex Lyon,2025-26,regular,NHL,BUF,G,5on5,64,71.9062,1171,7.9062
8479361,Joseph Woll,2025-26,regular,NHL,TOR,G,5on5,91,86.0773,1465,-4.9227
8479394,Carter Hart,2025-26,regular,NHL,VGK,G,5on5,39,30.7138,515,-8.2862
8479406,Filip Gustavsson,2025-26,regular,NHL,MIN,G,5on5,94,101.2142,1731,7.2142
8479496,David Rittich,2025-26,regular,NHL,NYI,G,5on5,56,60.9007,928,4.9007
8479973,Stuart Skinner,2025-26,regular,NHL,PIT,G,5on5,99,108.6376,1648,9.6376
8479979,Jake Oettinger,2025-26,regular,NHL,DAL,G,5on5,92,100.4485,1605,8.4485
8480022,Michael DiPietro,2025-26,regular,NHL,BOS,G,5on5,0,0.1358,2,0.1358
8480045,Ukko-Pekka Luukkonen,2025-26,regular,NHL,BUF,G,5on5,61,64.3943,1095,3.3943
8480051,Cayden Primeau,2025-26,regular,NHL,TOR,G,5on5,12,4.6966,93,-7.3034
8480193,Daniil Tarasov,2025-26,regular,NHL,FLA,G,5on5,71,67.7059,1097,-3.2941
8480238,Jiri Patera,2025-26,regular,NHL,VAN,G,5on5,5,2.7706,39,-2.2294
8480280,Jeremy Swayman,2025-26,regular,NHL,BOS,G,5on5,87,114.0364,1814,27.0364
8480313,Logan Thompson,2025-26,regular,NHL,WSH,G,5on5,94,123.6844,1904,29.6844
8480843,Lukas Dostal,2025-26,regular,NHL,ANA,G,5on5,117,118.672,1838,1.672
8480947,Kevin Lankinen,2025-26,regular,NHL,VAN,G,5on5,113,108.2331,1584,-4.7669
8480981,Joel Hofer,2025-26,regular,NHL,STL,G,5on5,82,89.6843,1525,7.6843
8481020,Justus Annunen,2025-26,regular,NHL,NSH,G,5on5,45,55.5479,876,10.5479
8481033,Akira Schmid,2025-26,regular,NHL,VGK,G,5on5,59,60.647,1059,1.647
8481035,Samuel Ersson,2025-26,regular,NHL,PHI,G,5on5,70,57.4035,936,-12.5965
8481519,Spencer Knight,2025-26,regular,NHL,CHI,G,5on5,116,124.342,1961,8.342
8481529,Trent Miner,2025-26,regular,NHL,COL,G,5on5,5,6.5011,130,1.5011
8481544,Mads Sogaard,2025-26,regular,NHL,OTT,G,5on5,4,2.3671,38,-1.6329
8481551,Colten Ellis,2025-26,regular,NHL,BUF,G,5on5,31,32.2797,533,1.2797
8481611,Pyotr Kochetkov,2025-26,regular,NHL,CAR,G,5on5,15,13.9168,218,-1.0832
8481668,Arturs Silovs,2025-26,regular,NHL,PIT,G,5on5,89,81.0575,1240,-7.9425
8481692,Dustin Wolf,2025-26,regular,NHL,CGY,G,5on5,116,111.1049,1809,-4.8951
8482076,Nico Daws,2025-26,regular,NHL,NJD,G,5on5,7,7.4065,105,0.4065
8482123,Drew Commesso,2025-26,regular,NHL,CHI,G,5on5,7,6.0914,99,-0.9086
8482137,Yaroslav Askarov,2025-26,regular,NHL,SJS,G,5on5,109,97.1566,1514,-11.8434
8482193,Dylan Garand,2025-26,regular,NHL,NYR,G,5on5,4,7.9466,115,3.9466
8482411,Hunter Shepard,2025-26,regular,NHL,OTT,G,5on5,1,0.6439,13,-0.3561
8482445,Devin Cooley,2025-26,regular,NHL,CGY,G,5on5,59,65.5012,994,6.5012
8482447,Leevi Meriläinen,2025-26,regular,NHL,OTT,G,5on5,46,32.272,523,-13.728
8482487,Jakub Dobes,2025-26,regular,NHL,MTL,G,5on5,78,92.9347,1410,14.9347
8482515,Artur Akhtyamov,2025-26,regular,NHL,TOR,G,5on5,7,7.2258,97,0.2258
8482661,Jesper Wallstedt,2025-26,regular,NHL,MIN,G,5on5,64,70.1044,1208,6.1044
8482761,Carl Lindbom,2025-26,regular,NHL,VGK,G,5on5,18,14.3543,225,-3.6457
8482783,Aleksei Kolosov,2025-26,regular,NHL,PHI,G,5on5,7,3.3012,50,-3.6988
8482821,Arvid Soderblom,2025-26,regular,NHL,CHI,G,5on5,75,64.9619,960,-10.0381
8482949,Arsenii Sergeev,2025-26,regular,NHL,CGY,G,5on5,1,3.5231,41,2.5231
8482982,Jet Greaves,2025-26,regular,NHL,CBJ,G,5on5,97,108.9518,1865,11.9518
8483114,Thomas Milic,2025-26,regular,NHL,WPG,G,5on5,8,5.9109,82,-2.0891
8483532,Clay Stevenson,2025-26,regular,NHL,WSH,G,5on5,7,8.8041,131,1.8041
8483548,Brandon Bussi,2025-26,regular,NHL,CAR,G,5on5,67,70.0569,1065,3.0569
8483668,Nikke Kokko,2025-26,regular,NHL,SEA,G,5on5,8,6.6845,123,-1.3155
8483703,Sergei Murashov,2025-26,regular,NHL,PIT,G,5on5,8,7.3428,142,-0.6572
8483710,Dennis Hildeby,2025-26,regular,NHL,TOR,G,5on5,37,42.2619,673,5.2619
8483746,Vyacheslav Buteyets,2025-26,regular,NHL,ANA,G,5on5,2,1.2424,18,-0.7576
8484170,Jacob Fowler,2025-26,regular,NHL,MTL,G,5on5,29,33.1344,501,4.1344
8484268,Nikita Tolopilo,2025-26,regular,NHL,VAN,G,5on5,55,53.1101,733,-1.8899
8484910,Victor Ostman,2025-26,regular,NHL,SEA,G,5on5,2,2.4698,44,0.4698
8471734,Jonathan Quick,2025-26,regular,NHL,NYR,G,4on5,12,16.0335,150,4.0335
8473503,James Reimer,2025-26,regular,NHL,OTT,G,4on5,5,6.5575,60,1.5575
8474593,Jacob Markstrom,2025-26,regular,NHL,NJD,G,4on5,26,22.5337,221,-3.4663
8474596,Jake Allen,2025-26,regular,NHL,NJD,G,4on5,12,17.8118,177,5.8118
8475311,Darcy Kuemper,2025-26,regular,NHL,LAK,G,4on5,33,27.4999,246,-5.5001
8475660,Cam Talbot,2025-26,regular,NHL,DET,G,4on5,13,14.4112,141,1.4112
8475683,Sergei Bobrovsky,2025-26,regular,NHL,FLA,G,4on5,30,28.2029,275,-1.7971
8475717,Calvin Pickard,2025-26,regular,NHL,EDM,G,4on5,8,10.3903,82,2.3903
8475809,Scott Wedgewood,2025-26,regular,NHL,COL,G,4on5,14,22.0697,227,8.0697
8475831,Philipp Grubauer,2025-26,regular,NHL,SEA,G,4on5,19,17.7288,165,-1.2712
8475852,Petr Mrazek,2025-26,regular,NHL,ANA,G,4on5,9,6.7665,64,-2.2335
8475883,Frederik Andersen,2025-26,regular,NHL,CAR,G,4on5,19,21.6892,190,2.6892
8476316,Laurent Brossoit,2025-26,regular,NHL,SJS,G,4on5,2,0.4647,5,-1.5353
8476341,Anton Forsberg,2025-26,regular,NHL,LAK,G,4on5,19,16.2732,154,-2.7268
8476412,Jordan Binnington,2025-26,regular,NHL,STL,G,4on5,26,17.7512,167,-8.2488
8476434,John Gibson,2025-26,regular,NHL,DET,G,4on5,30,33.563,320,3.563
8476883,Andrei Vasilevskiy,2025-26,regular,NHL,TBL,G,4on5,21,33.984,324,12.984
8476899,Matt Murray,2025-26,regular,NHL,SEA,G,4on5,3,2.1795,22,-0.8205
8476914,Joonas Korpisalo,2025-26,regular,NHL,BOS,G,4on5,15,18.8503,166,3.8503
8476932,Anthony Stolarz,2025-26,regular,NHL,TOR,G,4on5,12,18.4579,163,6.4579
8476945,Connor Hellebuyck,2025-26,regular,NHL,WPG,G,4on5,27,30.7969,301,3.7969
8476999,Linus Ullmark,2025-26,regular,NHL,OTT,G,4on5,27,24.7357,224,-2.2643
8477405,Marcus Hogberg,2025-26,regular,NHL,NYI,G,4on5,0,0.1663,3,0.1663
8477424,Juuse Saros,2025-26,regular,NHL,NSH,G,4on5,25,34.1405,272,9.1405
8477465,Tristan Jarry,2025-26,regular,NHL,EDM,G,4on5,21,20.6133,188,-0.3867
8477480,Eric Comrie,2025-26,regular,NHL,WPG,G,4on5,20,13.769,130,-6.231
8477484,Spencer Martin,2025-26,regular,NHL,NYR,G,4on5,5,4.7488,37,-0.2512
8477831,Pheonix Copley,2025-26,regular,NHL,LAK,G,4on5,1,0.6027,7,-0.3973
8477967,Thatcher Demko,2025-26,regular,NHL,VAN,G,4on5,11,13.2714,117,2.2714
8477968,Alex Nedeljkovic,2025-26,regular,NHL,SJS,G,4on5,22,22.4772,222,0.4772
8477970,Vitek Vanecek,2025-26,regular,NHL,UTA,G,4on5,9,12.0729,124,3.0729
8477990,Brandon Halverson,2025-26,regular,NHL,TBL,G,4on5,1,0.7373,5,-0.2627
8477992,Jonas Johansson,2025-26,regular,NHL,TBL,G,4on5,19,17.0031,148,-1.9969
8478007,Elvis Merzlikins,2025-26,regular,NHL,CBJ,G,4on5,22,19.4232,183,-2.5768
8478009,Ilya Sorokin,2025-26,regular,NHL,NYI,G,4on5,24,37.1111,307,13.1111
8478024,Ville Husso,2025-26,regular,NHL,ANA,G,4on5,11,9.691,113,-1.309
8478048,Igor Shesterkin,2025-26,regular,NHL,NYR,G,4on5,30,33.2523,325,3.2523
8478406,Mackenzie Blackwood,2025-26,regular,NHL,COL,G,4on5,20,21.5016,203,1.5016
8478435,Dan Vladar,2025-26,regular,NHL,PHI,G,4on5,35,29.0068,282,-5.9932
8478470,Samuel Montembeault,2025-26,regular,NHL,MTL,G,4on5,17,19.9611,163,2.9611
8478499,Adin Hill,2025-26,regular,NHL,VGK,G,4on5,14,12.6217,121,-1.3783
8478872,Karel Vejmelka,2025-26,regular,NHL,UTA,G,4on5,37,41.7455,388,4.7455
8478916,Joey Daccord,2025-26,regular,NHL,SEA,G,4on5,34,28.2833,247,-5.7167
8478971,Connor Ingram,2025-26,regular,NHL,EDM,G,4on5,13,15.8659,145,2.8659
8479193,Casey DeSmith,2025-26,regular,NHL,DAL,G,4on5,16,17.0313,167,1.0313
8479292,Charlie Lindgren,2025-26,regular,NHL,WSH,G,4on5,19,17.8503,168,-1.1497
8479312,Alex Lyon,2025-26,regular,NHL,BUF,G,4on5,17,21.9923,226,4.9923
8479361,Joseph Woll,2025-26,regular,NHL,TOR,G,4on5,19,25.4156,243,6.4156
8479394,Carter Hart,2025-26,regular,NHL,VGK,G,4on5,5,6.9842,64,1.9842
8479406,Filip Gustavsson,2025-26,regular,NHL,MIN,G,4on5,27,28.2148,274,1.2148
8479496,David Rittich,2025-26,regular,NHL,NYI,G,4on5,11,17.1009,149,6.1009
8479973,Stuart Skinner,2025-26,regular,NHL,PIT,G,4on5,27,28.1245,255,1.1245
8479979,Jake Oettinger,2025-26,regular,NHL,DAL,G,4on5,31,33.2022,308,2.2022
8480045,Ukko-Pekka Luukkonen,2025-26,regular,NHL,BUF,G,4on5,12,19.1848,192,7.1848
8480051,Cayden Primeau,2025-26,regular,NHL,TOR,G,4on5,1,1.4719,16,0.4719
8480193,Daniil Tarasov,2025-26,regular,NHL,FLA,G,4on5,15,17.6665,188,2.6665
8480238,Jiri Patera,2025-26,regular,NHL,VAN,G,4on5,2,1.0752,11,-0.9248
8480280,Jeremy Swayman,2025-26,regular,NHL,BOS,G,4on5,37,37.5875,354,0.5875
8480313,Logan Thompson,2025-26,regular,NHL,WSH,G,4on5,29,38.9734,372,9.9734
8480843,Lukas Dostal,2025-26,regular,NHL,ANA,G,4on5,37,35.2969,337,-1.7031
8480947,Kevin Lankinen,2025-26,regular,NHL,VAN,G,4on5,34,25.0611,218,-8.9389
8480981,Joel Hofer,2025-26,regular,NHL,STL,G,4on5,23,28.7039,282,5.7039
8481020,Justus Annunen,2025-26,regular,NHL,NSH,G,4on5,15,18.9776,156,3.9776
8481033,Akira Schmid,2025-26,regular,NHL,VGK,G,4on5,13,11.137,119,-1.863
8481035,Samuel Ersson,2025-26,regular,NHL,PHI,G,4on5,17,19.8745,189,2.8745
8481519,Spencer Knight,2025-26,regular,NHL,CHI,G,4on5,22,32.2302,299,10.2302
8481529,Trent Miner,2025-26,regular,NHL,COL,G,4on5,0,1.1858,16,1.1858
8481544,Mads Sogaard,2025-26,regular,NHL,OTT,G,4on5,1,0.6611,6,-0.3389
8481551,Colten Ellis,2025-26,regular,NHL,BUF,G,4on5,7,7.3113,70,0.3113
8481611,Pyotr Kochetkov,2025-26,regular,NHL,CAR,G,4on5,3,3.4862,33,0.4862
8481668,Arturs Silovs,2025-26,regular,NHL,PIT,G,4on5,14,18.7075,212,4.7075
8481692,Dustin Wolf,2025-26,regular,NHL,CGY,G,4on5,29,32.7851,309,3.7851
8482076,Nico Daws,2025-26,regular,NHL,NJD,G,4on5,1,1.7421,18,0.7421
8482123,Drew Commesso,2025-26,regular,NHL,CHI,G,4on5,0,1.447,11,1.447
8482137,Yaroslav Askarov,2025-26,regular,NHL,SJS,G,4on5,31,32.8315,327,1.8315
8482193,Dylan Garand,2025-26,regular,NHL,NYR,G,4on5,1,1.5478,18,0.5478
8482411,Hunter Shepard,2025-26,regular,NHL,OTT,G,4on5,0,0.2935,4,0.2935
8482445,Devin Cooley,2025-26,regular,NHL,CGY,G,4on5,12,18.4098,180,6.4098
8482447,Leevi Meriläinen,2025-26,regular,NHL,OTT,G,4on5,14,8.6999,90,-5.3001
8482487,Jakub Dobes,2025-26,regular,NHL,MTL,G,4on5,22,26.3476,236,4.3476
8482515,Artur Akhtyamov,2025-26,regular,NHL,TOR,G,4on5,2,2.0375,16,0.0375
8482661,Jesper Wallstedt,2025-26,regular,NHL,MIN,G,4on5,13,19.535,195,6.535
8482761,Carl Lindbom,2025-26,regular,NHL,VGK,G,4on5,4,5.1894,57,1.1894
8482783,Aleksei Kolosov,2025-26,regular,NHL,PHI,G,4on5,1,1.7366,16,0.7366
8482821,Arvid Soderblom,2025-26,regular,NHL,CHI,G,4on5,14,18.3355,153,4.3355
8482949,Arsenii Sergeev,2025-26,regular,NHL,CGY,G,4on5,0,0.1692,2,0.1692
8482982,Jet Greaves,2025-26,regular,NHL,CBJ,G,4on5,28,38.3754,331,10.3754
8483114,Thomas Milic,2025-26,regular,NHL,WPG,G,4on5,0,0.4818,7,0.4818
8483532,Clay Stevenson,2025-26,regular,NHL,WSH,G,4on5,1,1.513,20,0.513
8483548,Brandon Bussi,2025-26,regular,NHL,CAR,G,4on5,20,18.9066,159,-1.0934
8483668,Nikke Kokko,2025-26,regular,NHL,SEA,G,4on5,0,1.4498,10,1.4498
8483703,Sergei Murashov,2025-26,regular,NHL,PIT,G,4on5,2,3.2189,42,1.2189
8483710,Dennis Hildeby,2025-26,regular,NHL,TOR,G,4on5,7,12.0384,126,5.0384
8483746,Vyacheslav Buteyets,2025-26,regular,NHL,ANA,G,4on5,1,0.2793,1,-0.7207
8484170,Jacob Fowler,2025-26,regular,NHL,MTL,G,4on5,8,12.1512,114,4.1512
8484268,Nikita Tolopilo,2025-26,regular,NHL,VAN,G,4on5,9,9.9824,88,0.9824
8484910,Victor Ostman,2025-26,regular,NHL,SEA,G,4on5,0,0.6508,10,0.6508
8471734,Jonathan Quick,2025-26,regular,NHL,NYR,G,5on4,1,1.4982,21,0.4982
8473503,James Reimer,2025-26,regular,NHL,OTT,G,5on4,2,1.655,14,-0.345
8474593,Jacob Markstrom,2025-26,regular,NHL,NJD,G,5on4,2,3.6408,37,1.6408
8474596,Jake Allen,2025-26,regular,NHL,NJD,G,5on4,0,1.4369,21,1.4369
8475311,Darcy Kuemper,2025-26,regular,NHL,LAK,G,5on4,4,3.8566,49,-0.1434
8475660,Cam Talbot,2025-26,regular,NHL,DET,G,5on4,1,1.4574,28,0.4574
8475683,Sergei Bobrovsky,2025-26,regular,NHL,FLA,G,5on4,4,3.6031,46,-0.3969
8475717,Calvin Pickard,2025-26,regular,NHL,EDM,G,5on4,2,1.4171,13,-0.5829
8475809,Scott Wedgewood,2025-26,regular,NHL,COL,G,5on4,7,3.3846,44,-3.6154
8475831,Philipp Grubauer,2025-26,regular,NHL,SEA,G,5on4,2,1.477,21,-0.523
8475852,Petr Mrazek,2025-26,regular,NHL,ANA,G,5on4,0,0.4236,9,0.4236
8475883,Frederik Andersen,2025-26,regular,NHL,CAR,G,5on4,2,3.2632,35,1.2632
8476316,Laurent Brossoit,2025-26,regular,NHL,SJS,G,5on4,0,0.2416,1,0.2416
8476341,Anton Forsberg,2025-26,regular,NHL,LAK,G,5on4,2,3.1537,39,1.1537
8476412,Jordan Binnington,2025-26,regular,NHL,STL,G,5on4,1,2.6677,35,1.6677
8476434,John Gibson,2025-26,regular,NHL,DET,G,5on4,3,3.6627,51,0.6627
8476883,Andrei Vasilevskiy,2025-26,regular,NHL,TBL,G,5on4,2,3.8459,57,1.8459
8476899,Matt Murray,2025-26,regular,NHL,SEA,G,5on4,0,0.2481,4,0.2481
8476914,Joonas Korpisalo,2025-26,regular,NHL,BOS,G,5on4,2,2.5348,30,0.5348
8476932,Anthony Stolarz,2025-26,regular,NHL,TOR,G,5on4,2,1.5204,23,-0.4796
8476945,Connor Hellebuyck,2025-26,regular,NHL,WPG,G,5on4,2,3.1978,41,1.1978
8476999,Linus Ullmark,2025-26,regular,NHL,OTT,G,5on4,0,2.4593,34,2.4593
8477424,Juuse Saros,2025-26,regular,NHL,NSH,G,5on4,1,5.735,68,4.735
8477465,Tristan Jarry,2025-26,regular,NHL,EDM,G,5on4,2,2.9397,30,0.9397
8477480,Eric Comrie,2025-26,regular,NHL,WPG,G,5on4,2,1.5372,20,-0.4628
8477484,Spencer Martin,2025-26,regular,NHL,NYR,G,5on4,1,0.7414,6,-0.2586
8477831,Pheonix Copley,2025-26,regular,NHL,LAK,G,5on4,0,0.0012,1,0.0012
8477967,Thatcher Demko,2025-26,regular,NHL,VAN,G,5on4,2,1.1991,14,-0.8009
8477968,Alex Nedeljkovic,2025-26,regular,NHL,SJS,G,5on4,2,3.8428,40,1.8428
8477970,Vitek Vanecek,2025-26,regular,NHL,UTA,G,5on4,1,2.1377,23,1.1377
8477990,Brandon Halverson,2025-26,regular,NHL,TBL,G,5on4,0,0.0446,1,0.0446
8477992,Jonas Johansson,2025-26,regular,NHL,TBL,G,5on4,2,1.0996,19,-0.9004
8478007,Elvis Merzlikins,2025-26,regular,NHL,CBJ,G,5on4,1,1.1788,19,0.1788
8478009,Ilya Sorokin,2025-26,regular,NHL,NYI,G,5on4,6,3.6894,50,-2.3106
8478024,Ville Husso,2025-26,regular,NHL,ANA,G,5on4,1,1.7779,22,0.7779
8478048,Igor Shesterkin,2025-26,regular,NHL,NYR,G,5on4,6,5.8299,49,-0.1701
8478406,Mackenzie Blackwood,2025-26,regular,NHL,COL,G,5on4,4,2.8773,39,-1.1227
8478435,Dan Vladar,2025-26,regular,NHL,PHI,G,5on4,4,3.8321,46,-0.1679
8478470,Samuel Montembeault,2025-26,regular,NHL,MTL,G,5on4,1,1.4244,18,0.4244
8478499,Adin Hill,2025-26,regular,NHL,VGK,G,5on4,2,1.3453,21,-0.6547
8478872,Karel Vejmelka,2025-26,regular,NHL,UTA,G,5on4,2,4.0515,54,2.0515
8478916,Joey Daccord,2025-26,regular,NHL,SEA,G,5on4,5,3.1227,42,-1.8773
8478971,Connor Ingram,2025-26,regular,NHL,EDM,G,5on4,2,1.636,27,-0.364
8479193,Casey DeSmith,2025-26,regular,NHL,DAL,G,5on4,1,2.2623,27,1.2623
8479292,Charlie Lindgren,2025-26,regular,NHL,WSH,G,5on4,1,2.0231,21,1.0231
8479312,Alex Lyon,2025-26,regular,NHL,BUF,G,5on4,0,1.7944,30,1.7944
8479361,Joseph Woll,2025-26,regular,NHL,TOR,G,5on4,5,2.7317,31,-2.2683
8479394,Carter Hart,2025-26,regular,NHL,VGK,G,5on4,0,1.6579,18,1.6579
8479406,Filip Gustavsson,2025-26,regular,NHL,MIN,G,5on4,2,2.9273,49,0.9273
8479496,David Rittich,2025-26,regular,NHL,NYI,G,5on4,3,2.153,26,-0.847
8479973,Stuart Skinner,2025-26,regular,NHL,PIT,G,5on4,5,4.8728,39,-0.1272
8479979,Jake Oettinger,2025-26,regular,NHL,DAL,G,5on4,6,3.389,49,-2.611
8480022,Michael DiPietro,2025-26,regular,NHL,BOS,G,5on4,0,0.0228,1,0.0228
8480045,Ukko-Pekka Luukkonen,2025-26,regular,NHL,BUF,G,5on4,4,2.9351,30,-1.0649
8480193,Daniil Tarasov,2025-26,regular,NHL,FLA,G,5on4,1,2.1112,28,1.1112
8480280,Jeremy Swayman,2025-26,regular,NHL,BOS,G,5on4,7,5.7672,68,-1.2328
8480313,Logan Thompson,2025-26,regular,NHL,WSH,G,5on4,9,5.3929,64,-3.6071
8480843,Lukas Dostal,2025-26,regular,NHL,ANA,G,5on4,4,4.9041,53,0.9041
8480947,Kevin Lankinen,2025-26,regular,NHL,VAN,G,5on4,1,2.1904,37,1.1904
8480981,Joel Hofer,2025-26,regular,NHL,STL,G,5on4,3,3.7627,39,0.7627
8481020,Justus Annunen,2025-26,regular,NHL,NSH,G,5on4,1,1.8198,23,0.8198
8481033,Akira Schmid,2025-26,regular,NHL,VGK,G,5on4,2,1.4567,21,-0.5433
8481035,Samuel Ersson,2025-26,regular,NHL,PHI,G,5on4,3,2.0105,25,-0.9895
8481519,Spencer Knight,2025-26,regular,NHL,CHI,G,5on4,1,3.643,49,2.643
8481529,Trent Miner,2025-26,regular,NHL,COL,G,5on4,0,0.0011,2,0.0011
8481551,Colten Ellis,2025-26,regular,NHL,BUF,G,5on4,1,0.533,12,-0.467
8481611,Pyotr Kochetkov,2025-26,regular,NHL,CAR,G,5on4,1,0.6007,12,-0.3993
8481668,Arturs Silovs,2025-26,regular,NHL,PIT,G,5on4,4,4.121,48,0.121
8481692,Dustin Wolf,2025-26,regular,NHL,CGY,G,5on4,1,5.3199,62,4.3199
8482123,Drew Commesso,2025-26,regular,NHL,CHI,G,5on4,0,0.327,5,0.327
8482137,Yaroslav Askarov,2025-26,regular,NHL,SJS,G,5on4,5,3.4786,49,-1.5214
8482193,Dylan Garand,2025-26,regular,NHL,NYR,G,5on4,0,0.4619,2,0.4619
8482411,Hunter Shepard,2025-26,regular,NHL,OTT,G,5on4,1,0.2233,1,-0.7767
8482445,Devin Cooley,2025-26,regular,NHL,CGY,G,5on4,2,2.6494,26,0.6494
8482447,Leevi Meriläinen,2025-26,regular,NHL,OTT,G,5on4,2,1.3884,18,-0.6116
8482487,Jakub Dobes,2025-26,regular,NHL,MTL,G,5on4,2,2.122,37,0.122
8482515,Artur Akhtyamov,2025-26,regular,NHL,TOR,G,5on4,0,0.0003,1,0.0003
8482661,Jesper Wallstedt,2025-26,regular,NHL,MIN,G,5on4,2,1.8499,23,-0.1501
8482761,Carl Lindbom,2025-26,regular,NHL,VGK,G,5on4,0,0.3905,7,0.3905
8482783,Aleksei Kolosov,2025-26,regular,NHL,PHI,G,5on4,0,0.1035,1,0.1035
8482821,Arvid Soderblom,2025-26,regular,NHL,CHI,G,5on4,1,1.3712,20,0.3712
8482982,Jet Greaves,2025-26,regular,NHL,CBJ,G,5on4,2,2.7792,40,0.7792
8483114,Thomas Milic,2025-26,regular,NHL,WPG,G,5on4,0,0.003,3,0.003
8483532,Clay Stevenson,2025-26,regular,NHL,WSH,G,5on4,0,0.6334,7,0.6334
8483548,Brandon Bussi,2025-26,regular,NHL,CAR,G,5on4,1,2.7493,32,1.7493
8483668,Nikke Kokko,2025-26,regular,NHL,SEA,G,5on4,0,0.2009,3,0.2009
8483703,Sergei Murashov,2025-26,regular,NHL,PIT,G,5on4,0,0.1523,2,0.1523
8483710,Dennis Hildeby,2025-26,regular,NHL,TOR,G,5on4,0,1.904,15,1.904
8484170,Jacob Fowler,2025-26,regular,NHL,MTL,G,5on4,1,1.0341,8,0.0341
8484268,Nikita Tolopilo,2025-26,regular,NHL,VAN,G,5on4,0,0.9577,16,0.9577
8475809,Scott Wedgewood,2025-26,playoffs,NHL,COL,G,all,25,23.8459,390,-1.1541
8475883,Frederik Andersen,2025-26,playoffs,NHL,CAR,G,all,32,42.7948,543,10.7948
8476341,Anton Forsberg,2025-26,playoffs,NHL,LAK,G,all,11,11.4157,192,0.4157
8476883,Andrei Vasilevskiy,2025-26,playoffs,NHL,TBL,G,all,16,19.8738,247,3.8738
8476914,Joonas Korpisalo,2025-26,playoffs,NHL,BOS,G,all,0,0.6352,9,0.6352
8476999,Linus Ullmark,2025-26,playoffs,NHL,OTT,G,all,9,16.9441,225,7.9441
8477465,Tristan Jarry,2025-26,playoffs,NHL,EDM,G,all,4,3.1899,51,-0.8101
8478024,Ville Husso,2025-26,playoffs,NHL,ANA,G,all,3,4.4121,48,1.4121
8478406,Mackenzie Blackwood,2025-26,playoffs,NHL,COL,G,all,8,8.888,124,0.888
8478435,Dan Vladar,2025-26,playoffs,NHL,PHI,G,all,23,29.7802,489,6.7802
8478872,Karel Vejmelka,2025-26,playoffs,NHL,UTA,G,all,21,18.6544,295,-2.3456
8478971,Connor Ingram,2025-26,playoffs,NHL,EDM,G,all,19,13.332,236,-5.668
8479312,Alex Lyon,2025-26,playoffs,NHL,BUF,G,all,20,22.3132,304,2.3132
8479394,Carter Hart,2025-26,playoffs,NHL,VGK,G,all,59,59.828,1018,0.828
8479406,Filip Gustavsson,2025-26,playoffs,NHL,MIN,G,all,4,2.6774,34,-1.3226
8479973,Stuart Skinner,2025-26,playoffs,NHL,PIT,G,all,9,6.8768,103,-2.1232
8479979,Jake Oettinger,2025-26,playoffs,NHL,DAL,G,all,19,16.0431,259,-2.9569
8480045,Ukko-Pekka Luukkonen,2025-26,playoffs,NHL,BUF,G,all,17,15.8463,224,-1.1537
8480280,Jeremy Swayman,2025-26,playoffs,NHL,BOS,G,all,17,18.715,287,1.715
8480843,Lukas Dostal,2025-26,playoffs,NHL,ANA,G,all,37,29.9033,425,-7.0967
8481668,Arturs Silovs,2025-26,playoffs,NHL,PIT,G,all,5,8.2511,123,3.2511
8482487,Jakub Dobes,2025-26,playoffs,NHL,MTL,G,all,52,68.1987,901,16.1987
8482661,Jesper Wallstedt,2025-26,playoffs,NHL,MIN,G,all,30,32.5725,506,2.5725
8483548,Brandon Bussi,2025-26,playoffs,NHL,CAR,G,all,6,10.8025,149,4.8025
8484170,Jacob Fowler,2025-26,playoffs,NHL,MTL,G,all,1,0.0991,3,-0.9009
8475809,Scott Wedgewood,2025-26,playoffs,NHL,COL,G,5on5,16,16.0834,304,0.0834
8475883,Frederik Andersen,2025-26,playoffs,NHL,CAR,G,5on5,23,30.2992,431,7.2992
8476341,Anton Forsberg,2025-26,playoffs,NHL,LAK,G,5on5,9,8.4147,160,-0.5853
8476883,Andrei Vasilevskiy,2025-26,playoffs,NHL,TBL,G,5on5,11,11.0829,177,0.0829
8476914,Joonas Korpisalo,2025-26,playoffs,NHL,BOS,G,5on5,0,0.3808,5,0.3808
8476999,Linus Ullmark,2025-26,playoffs,NHL,OTT,G,5on5,7,11.0522,175,4.0522
8477465,Tristan Jarry,2025-26,playoffs,NHL,EDM,G,5on5,2,1.9811,39,-0.0189
8478024,Ville Husso,2025-26,playoffs,NHL,ANA,G,5on5,2,2.9789,35,0.9789
8478406,Mackenzie Blackwood,2025-26,playoffs,NHL,COL,G,5on5,6,5.5977,91,-0.4023
8478435,Dan Vladar,2025-26,playoffs,NHL,PHI,G,5on5,14,19.5187,372,5.5187
8478872,Karel Vejmelka,2025-26,playoffs,NHL,UTA,G,5on5,14,12.8087,241,-1.1913
8478971,Connor Ingram,2025-26,playoffs,NHL,EDM,G,5on5,12,9.8094,198,-2.1906
8479312,Alex Lyon,2025-26,playoffs,NHL,BUF,G,5on5,13,13.5312,217,0.5312
8479394,Carter Hart,2025-26,playoffs,NHL,VGK,G,5on5,45,40.8631,798,-4.1369
8479406,Filip Gustavsson,2025-26,playoffs,NHL,MIN,G,5on5,2,1.0009,20,-0.9991
8479973,Stuart Skinner,2025-26,playoffs,NHL,PIT,G,5on5,6,4.1087,70,-1.8913
8479979,Jake Oettinger,2025-26,playoffs,NHL,DAL,G,5on5,14,10.2835,192,-3.7165
8480045,Ukko-Pekka Luukkonen,2025-26,playoffs,NHL,BUF,G,5on5,12,11.1417,174,-0.8583
8480280,Jeremy Swayman,2025-26,playoffs,NHL,BOS,G,5on5,15,11.5786,202,-3.4214
8480843,Lukas Dostal,2025-26,playoffs,NHL,ANA,G,5on5,26,21.338,348,-4.662
8481668,Arturs Silovs,2025-26,playoffs,NHL,PIT,G,5on5,5,5.7239,93,0.7239
8482487,Jakub Dobes,2025-26,playoffs,NHL,MTL,G,5on5,36,46.5671,674,10.5671
8482661,Jesper Wallstedt,2025-26,playoffs,NHL,MIN,G,5on5,16,22.1777,404,6.1777
8483548,Brandon Bussi,2025-26,playoffs,NHL,CAR,G,5on5,5,6.4949,106,1.4949
8484170,Jacob Fowler,2025-26,playoffs,NHL,MTL,G,5on5,0,0.0208,2,0.0208
8475809,Scott Wedgewood,2025-26,playoffs,NHL,COL,G,4on5,4,5.5499,60,1.5499
8475883,Frederik Andersen,2025-26,playoffs,NHL,CAR,G,4on5,5,7.903,63,2.903
8476341,Anton Forsberg,2025-26,playoffs,NHL,LAK,G,4on5,1,2.2498,17,1.2498
8476883,Andrei Vasilevskiy,2025-26,playoffs,NHL,TBL,G,4on5,5,6.8887,51,1.8887
8476914,Joonas Korpisalo,2025-26,playoffs,NHL,BOS,G,4on5,0,0.1689,3,0.1689
8476999,Linus Ullmark,2025-26,playoffs,NHL,OTT,G,4on5,2,2.8379,25,0.8379
8477465,Tristan Jarry,2025-26,playoffs,NHL,EDM,G,4on5,2,1.1896,11,-0.8104
8478024,Ville Husso,2025-26,playoffs,NHL,ANA,G,4on5,1,1.1075,9,0.1075
8478406,Mackenzie Blackwood,2025-26,playoffs,NHL,COL,G,4on5,1,2.1185,25,1.1185
8478435,Dan Vladar,2025-26,playoffs,NHL,PHI,G,4on5,6,7.5296,81,1.5296
8478872,Karel Vejmelka,2025-26,playoffs,NHL,UTA,G,4on5,4,4.2679,38,0.2679
8478971,Connor Ingram,2025-26,playoffs,NHL,EDM,G,4on5,6,2.897,30,-3.103
8479312,Alex Lyon,2025-26,playoffs,NHL,BUF,G,4on5,5,6.3768,52,1.3768
8479394,Carter Hart,2025-26,playoffs,NHL,VGK,G,4on5,10,13.035,135,3.035
8479406,Filip Gustavsson,2025-26,playoffs,NHL,MIN,G,4on5,2,1.6762,13,-0.3238
8479973,Stuart Skinner,2025-26,playoffs,NHL,PIT,G,4on5,2,1.4541,19,-0.5459
8479979,Jake Oettinger,2025-26,playoffs,NHL,DAL,G,4on5,4,4.8504,56,0.8504
8480045,Ukko-Pekka Luukkonen,2025-26,playoffs,NHL,BUF,G,4on5,4,3.6914,34,-0.3086
8480280,Jeremy Swayman,2025-26,playoffs,NHL,BOS,G,4on5,1,5.4325,61,4.4325
8480843,Lukas Dostal,2025-26,playoffs,NHL,ANA,G,4on5,8,7.4999,60,-0.5001
8481668,Arturs Silovs,2025-26,playoffs,NHL,PIT,G,4on5,0,0.9449,14,0.9449
8482487,Jakub Dobes,2025-26,playoffs,NHL,MTL,G,4on5,15,16.7325,163,1.7325
8482661,Jesper Wallstedt,2025-26,playoffs,NHL,MIN,G,4on5,13,8.1338,71,-4.8662
8483548,Brandon Bussi,2025-26,playoffs,NHL,CAR,G,4on5,1,3.0131,26,2.0131
8484170,Jacob Fowler,2025-26,playoffs,NHL,MTL,G,4on5,1,0.0784,1,-0.9216
8475809,Scott Wedgewood,2025-26,playoffs,NHL,COL,G,5on4,1,0.8633,11,-0.1367
8475883,Frederik Andersen,2025-26,playoffs,NHL,CAR,G,5on4,0,0.9605,13,0.9605
8476341,Anton Forsberg,2025-26,playoffs,NHL,LAK,G,5on4,1,0.3368,8,-0.6632
8476883,Andrei Vasilevskiy,2025-26,playoffs,NHL,TBL,G,5on4,0,0.7776,8,0.7776
8476999,Linus Ullmark,2025-26,playoffs,NHL,OTT,G,5on4,0,1.3098,14,1.3098
8477465,Tristan Jarry,2025-26,playoffs,NHL,EDM,G,5on4,0,0.0193,1,0.0193
8478435,Dan Vladar,2025-26,playoffs,NHL,PHI,G,5on4,1,1.3196,15,0.3196
8478872,Karel Vejmelka,2025-26,playoffs,NHL,UTA,G,5on4,2,0.852,8,-1.148
8478971,Connor Ingram,2025-26,playoffs,NHL,EDM,G,5on4,1,0.1711,2,-0.8289
8479312,Alex Lyon,2025-26,playoffs,NHL,BUF,G,5on4,2,0.9731,13,-1.0269
8479394,Carter Hart,2025-26,playoffs,NHL,VGK,G,5on4,1,0.7005,16,-0.2995
8479406,Filip Gustavsson,2025-26,playoffs,NHL,MIN,G,5on4,0,0.0002,1,0.0002
8479973,Stuart Skinner,2025-26,playoffs,NHL,PIT,G,5on4,1,0.551,5,-0.449
8479979,Jake Oettinger,2025-26,playoffs,NHL,DAL,G,5on4,0,0.2986,5,0.2986
8480045,Ukko-Pekka Luukkonen,2025-26,playoffs,NHL,BUF,G,5on4,0,0.1697,3,0.1697
8480280,Jeremy Swayman,2025-26,playoffs,NHL,BOS,G,5on4,0,0.3049,7,0.3049
8480843,Lukas Dostal,2025-26,playoffs,NHL,ANA,G,5on4,2,0.8963,12,-1.1037
8481668,Arturs Silovs,2025-26,playoffs,NHL,PIT,G,5on4,0,1.1175,7,1.1175
8482487,Jakub Dobes,2025-26,playoffs,NHL,MTL,G,5on4,0,0.4575,11,0.4575
8482661,Jesper Wallstedt,2025-26,playoffs,NHL,MIN,G,5on4,0,0.1108,5,0.1108
8483548,Brandon Bussi,2025-26,playoffs,NHL,CAR,G,5on4,0,0.2519,1,0.2519
